koi_disposition,koi_period,koi_impact,koi_duration,koi_depth,koi_prad,koi_sma,koi_teq,koi_insol,koi_model_snr,koi_steff,koi_slogg,koi_srad,koi_kepmag
CONFIRMED,9.48803557,0.146,2.9575,6.16E+02,2.26,0.0853,793,93.59,35.8,5455,4.467,0.927,15.347
CONFIRMED,54.4183827,0.586,4.507,8.75E+02,2.83,0.2734,443,9.11,25.8,5455,4.467,0.927,15.347
CANDIDATE,19.89913995,0.969,1.7822,1.08E+04,14.6,0.1419,638,39.3,76.3,5853,4.544,0.868,15.436
FALSE POSITIVE,1.736952453,1.276,2.40641,8.08E+03,33.46,0.0267,1395,891.96,505.6,5805,4.564,0.791,15.597
CONFIRMED,2.525591777,0.701,1.6545,6.03E+02,2.75,0.0374,1406,926.16,40.9,6031,4.438,1.046,15.509
CONFIRMED,11.09432054,0.538,4.5945,1.52E+03,3.9,0.0992,835,114.81,66.5,6046,4.486,0.972,15.714
CONFIRMED,4.13443512,0.762,3.1402,6.86E+02,2.77,0.0514,1160,427.65,40.2,6046,4.486,0.972,15.714
CONFIRMED,2.56658897,0.755,2.429,2.27E+02,1.59,0.0374,1360,807.74,15,6046,4.486,0.972,15.714
FALSE POSITIVE,7.36178958,1.169,5.022,2.34E+02,39.21,0.082,1342,767.22,47.7,6227,3.986,1.958,12.66
CONFIRMED,16.06864674,0.052,3.5347,4.91E+03,5.76,0.1158,600,30.75,161.9,5031,4.485,0.848,15.841
CONFIRMED,2.470613377,0.818,1.74319,1.42E+04,13.04,0.0354,1339,761.46,4304.3,5820,4.457,0.964,11.338
CONFIRMED,2.204735417,0.224,3.88864,6.67E+03,16.1,0.0376,2048,4148.92,5945.9,6440,4.019,1.952,10.463
CONFIRMED,3.522498429,0.631,3.19843,9.15E+03,14.59,0.0473,1521,1264.67,1741.5,6225,4.169,1.451,13.563
CONFIRMED,3.709214104,0.051,2.6302,1.31E+02,1.16,0.0465,1206,500.46,50.6,5833,4.407,1.022,12.772
FALSE POSITIVE,11.52144606,2.483,3.6399,1.80E+04,150.51,0.0978,753,75.88,622.1,5795,4.554,0.848,15.472
FALSE POSITIVE,19.40393776,0.804,12.2155,8.92E+03,7.18,0.123,523,17.69,214.7,5043,4.591,0.68,15.487
FALSE POSITIVE,19.22138894,1.065,4.79843,7.43E+04,49.29,0.1417,698,55.97,2317,6117,4.496,0.947,15.341
FALSE POSITIVE,16.46983774,0.292,9.4378,1.05E+04,7.94,0.1147,595,29.61,303.4,5152,4.517,0.786,15.788
CONFIRMED,9.27358173,0.387,3.2875,1.29E+03,2.47,0.0759,649,41.85,87.2,4856,4.583,0.696,15.302
CONFIRMED,6.02930329,0.258,1.5821,1.91E+03,2.85,0.0585,678,50.04,65.4,4537,4.648,0.672,15.784
FALSE POSITIVE,2.696370652,0.044,3.6129,3.98E+02,1.58,0.0349,1066,305.34,48.2,4989,4.504,0.819,15.269
CONFIRMED,5.349553819,0.092,3.0278,8.31E+02,2.55,0.0563,919,168.99,60.6,5185,4.44,0.91,15.416
CONFIRMED,3.94105221,0.226,2.5984,3.63E+02,1.7,0.046,1018,253.15,28.9,5185,4.44,0.91,15.416
CONFIRMED,8.10904807,0.025,3.596,2.17E+02,1.3,0.0743,800,97.03,14.1,5185,4.44,0.91,15.416
FALSE POSITIVE,386.6030528,0.9765,6.8057,2.49E+04,41.5,1.0719,297,1.84,994,5543,4.081,1.58,12.394
CONFIRMED,21.67699193,0.896,3.4555,8.57E+02,2.95,0.1408,530,18.64,34.3,4954,4.5,0.828,15.377
CONFIRMED,4.99677968,0.71,2.1717,9.35E+02,2.78,0.0559,917,166.95,28.2,5339,4.552,0.847,15.861
CONFIRMED,4.280963604,0.424,2.875,7.51E+02,2.3,0.0503,1012,247.87,61.8,5644,4.564,0.831,15.356
FALSE POSITIVE,1.50635409,0.86,1.5155,2.21E+03,4.53,0.025,1452,1054.12,181.1,5714,4.563,0.831,15.525
FALSE POSITIVE,670.645531,0.701,53.412,1.81E+04,14.14,1.5155,196,0.35,642.7,5520,4.466,0.983,15.207
FALSE POSITIVE,61.2563628,1.248,7.633,5.12E+03,39.87,0.3137,505,15.43,85.3,6144,4.402,1.091,15.25
CONFIRMED,38.3775486,0.468,5.588,7.24E+02,2.82,0.2163,529,18.53,34.7,5481,4.369,1.036,15.172
CONFIRMED,41.19725502,0.045,4.6297,2.21E+03,3.86,0.217,439,8.76,51.2,5031,4.485,0.848,15.841
CONFIRMED,6.252962249,0.105,2.5819,1.04E+03,2.65,0.0617,823,108.3,47.1,5031,4.485,0.848,15.841
CONFIRMED,16.01308419,0.799,3.2554,1.12E+03,3.1,0.1148,593,29.31,33.2,5015,4.499,0.826,15.39
CONFIRMED,32.62876672,0.021,4.7971,1.80E+03,3.36,0.1889,506,15.55,80,5586,4.56,0.798,15.082
CONFIRMED,91.7732862,0.606,6.473,6.52E+02,2.12,0.3764,359,3.92,19.1,5586,4.56,0.798,15.082
CONFIRMED,4.959319244,0.831,2.22739,9.80E+03,12.21,0.0565,1103,349.4,696.5,5712,4.359,1.082,15.263
FALSE POSITIVE,2.701287801,1.016,3.3827,8.60E+02,6.54,0.0365,1222,527.81,48.3,5550,4.468,0.91,15.54
CONFIRMED,4.49876511,0.312,3.7362,4.60E+02,2.1,0.0542,1133,389.62,29.5,6075,4.486,0.969,15.395
FALSE POSITIVE,19.65120951,0.723,5.2514,1.18E+04,12.42,0.1433,730,67.03,513.4,6074,4.391,1.063,15.536
CONFIRMED,5.412203927,0.787,2.9472,6.02E+02,2.94,0.0591,1093,337.68,166.7,5779,4.339,1.087,12.791
CONFIRMED,41.43958662,0.355,10.5989,2.79E+03,5.5,0.2288,516,16.72,141.1,5468,4.367,1.046,15.4
CONFIRMED,8.35389523,0.023,2.2514,1.04E+03,2.52,0.0768,790,91.9,43.4,5592,4.582,0.787,15.317
CONFIRMED,4.125543472,0.597,3.1744,1.49E+03,4.43,0.0529,1243,565.35,128.6,6174,4.417,1.103,15.506
CONFIRMED,2.816504904,0.105,2.50587,1.68E+04,12.21,0.0383,1219,521.13,1406.8,5532,4.452,0.955,15.052
FALSE POSITIVE,33.93373447,0.812,14.561,8.50E+03,7.34,0.1881,430,8.11,236.1,5040,4.628,0.705,15.716
CONFIRMED,3.689920099,0.151,2.6557,4.27E+02,1.89,0.0469,1147,408.99,35.6,5880,4.518,0.917,15.242
CONFIRMED,4.431238488,0.405,3.15,1.01E+03,3.25,0.0529,1104,351.23,71.1,5714,4.428,1.015,15.367
CONFIRMED,11.37936986,0.911,2.6255,1.02E+03,3.95,0.0993,806,99.68,37.9,5714,4.428,1.015,15.367
CONFIRMED,26.39432897,0.602,3.573,1.51E+03,3.07,0.1635,489,13.49,48.2,5129,4.595,0.763,15.234
CONFIRMED,13.57078281,0.866,3.3539,5.12E+02,2.64,0.1096,785,89.61,88.4,5854,4.406,1.012,12.882
CONFIRMED,7.12594387,0.898,3.0014,1.92E+02,1.79,0.0711,997,233.31,47.1,5779,4.339,1.087,12.791
FALSE POSITIVE,7.442652004,0.137,2.3078,2.44E+04,15.03,0.0742,967,206.78,835.6,6108,4.469,0.956,15.27
CONFIRMED,16.38489988,0.001,3.0249,1.13E+03,2,0.1084,433,8.35,28.9,4126,4.661,0.615,15.095
CONFIRMED,7.8774163,0.041,2.0805,1.31E+03,2.16,0.0665,553,22.18,38.7,4126,4.661,0.615,15.095
CONFIRMED,36.4454001,0.028,4.007,1.12E+03,1.99,0.1847,332,2.88,21.7,4126,4.661,0.615,15.095
CONFIRMED,3.728732147,0.558,2.683,5.23E+03,6.02,0.0455,1023,258.34,345.2,5497,4.577,0.809,15.523
CANDIDATE,40.4195037,0.911,3.362,6.26E+03,7.51,0.2062,467,11.29,36.9,5446,4.507,0.781,15.487
CONFIRMED,2.243380573,0.915,1.1196,8.22E+02,1.99,0.028,822,107.6,38.9,4149,4.698,0.564,15.135
FALSE POSITIVE,10.40599802,0.324,6.5036,1.45E+04,11.23,0.0855,833,113.94,745.2,5746,4.393,0.924,15.562
CONFIRMED,2.337437946,0.28,1.9982,9.71E+02,2.34,0.0325,1070,311.16,82.4,5005,4.595,0.765,15.334
CANDIDATE,7.2406612,1.198,0.558,5.56E+02,19.45,0.0692,734,68.63,13.7,5005,4.595,0.765,15.334
CANDIDATE,3.43591631,0.624,3.133,2.32E+01,0.55,0.0437,1272,617.61,8.7,5779,4.339,1.087,12.791
CONFIRMED,11.59822233,0.679,2.5237,2.80E+03,2.65,0.0798,396,5.82,71,3688,4.79,0.473,15.937
CONFIRMED,6.575315881,0.39,4.3084,2.79E+03,5.31,0.067,1015,251.38,221.1,5992,4.415,0.989,15.312
CONFIRMED,7.275040844,0.547,7.5377,3.00E+03,4.86,0.0732,833,113.64,312.1,5485,4.556,0.867,15.08
CONFIRMED,19.27153892,0.031,2.7594,1.22E+03,1.93,0.1171,393,5.66,37.1,4077,4.702,0.56,15.385
CONFIRMED,10.06524317,0.628,1.369,1.05E+03,1.91,0.076,488,13.43,30.3,4077,4.702,0.56,15.385
CONFIRMED,12.3935651,0.883,3.8896,9.17E+02,2.66,0.0983,677,49.68,35.8,5557,4.603,0.75,15.505
CONFIRMED,43.84439721,0.852,6.802,6.15E+02,2.87,0.2395,531,18.77,83.7,5854,4.406,1.012,12.882
FALSE POSITIVE,3.341913228,1.213,3.813,7.25E+02,21.55,0.0415,1032,268.67,39,5295,4.551,0.811,15.629
FALSE POSITIVE,1.626630225,1.26,2.1145,1.62E+03,32.43,0.026,1547,1355.88,103.6,5735,4.41,0.973,15.279
CONFIRMED,2.711504086,0.023,3.0099,8.38E+02,3.12,0.0401,1420,960.79,64.5,6214,4.442,1.076,15.541
CONFIRMED,7.21203748,0.012,4.0491,9.50E+02,3.32,0.077,1025,260.58,51.5,6214,4.442,1.076,15.541
FALSE POSITIVE,14.1798187,0.1601,2.505,4.60E+02,1.88,0.1137,711,60.35,11.2,5799,4.539,0.878,15.727
CONFIRMED,8.47237911,0.022,2.7245,1.12E+03,2.59,0.0778,751,75.44,47.6,5354,4.587,0.788,15.339
CONFIRMED,60.4189369,0.094,5.039,9.31E+02,2.36,0.2884,390,5.49,20.1,5354,4.587,0.788,15.339
CONFIRMED,12.61190435,0.55,5.1497,6.11E+03,7.4,0.1058,753,76.15,277.2,5795,4.508,0.919,15.14
FALSE POSITIVE,1.433769925,1.268,1.8868,1.98E+03,46.58,0.0256,1920,3209.29,112.6,6017,4.22,1.339,15.122
FALSE POSITIVE,10.31872301,1.215,3.836,8.72E+02,28.59,0.0944,876,139.26,38.2,5927,4.409,1.06,15.065
CONFIRMED,2.539183147,0.238,2.4282,3.82E+02,2.06,0.0355,1332,743.09,38.9,5519,4.35,1.062,15.026
CONFIRMED,6.770300385,0.838,2.0844,1.30E+03,2.77,0.064,812,102.87,50.8,5653,4.656,0.679,15.591
FALSE POSITIVE,0.444291966,1.258,2.0792,1.10E+04,27.51,0.0101,1836,2706.26,299.7,5255,4.678,0.636,15.748
CANDIDATE,10.181584,0.92,3.5089,5.74E+03,7.73,0.0884,812,102.91,183.6,5988,4.541,0.836,15.657
CONFIRMED,20.06036336,0.556,3.3203,1.49E+03,1.96,0.115,361,4,35.2,3950,4.754,0.493,15.954
CONFIRMED,46.1842039,0.013,4.758,1.39E+03,1.83,0.2005,273,1.32,26,3950,4.754,0.493,15.954
CONFIRMED,23.9800854,0.95,5.351,1.04E+02,1.31,0.1602,649,41.94,17.1,5854,4.406,1.012,12.882
CONFIRMED,7.82502168,0.708,2.186,5.21E+02,1.2,0.0614,494,14.05,15.9,3950,4.754,0.493,15.954
CONFIRMED,3.895936525,0.524,2.3111,8.54E+03,7.34,0.046,1005,241.62,370.8,5557,4.592,0.774,15.725
CONFIRMED,22.36646466,0.4,5.228,9.87E+02,2.32,0.1449,536,19.45,32.1,5395,4.615,0.734,15.583
CONFIRMED,1.625522174,0.076,2.38963,7.97E+03,9.73,0.0265,1579,1467.41,799.7,5539,4.322,1.106,15.001
CANDIDATE,19.62034692,0.458,2.0038,2.17E+04,13.6,0.1389,643,40.39,340.5,5710,4.492,0.905,15.562
FALSE POSITIVE,7.544039,1.175,6.222,3.23E+02,17.47,0.0731,838,116.46,14.2,5657,4.567,0.824,15.559
CONFIRMED,9.02930689,0.024,3.1449,1.02E+03,2.57,0.0796,757,77.75,53.9,5349,4.526,0.82,15.387
FALSE POSITIVE,10.32803571,0.281,7.7915,1.69E+04,13.28,0.0888,843,119.31,636.8,5627,4.359,1.024,15.646
CONFIRMED,143.2063047,0.379,8.9302,1.06E+04,8.9,0.5336,308,2.14,138.8,5485,4.556,0.867,15.403
CONFIRMED,6.164876,0.646,3.262,5.58E+01,0.79,0.0648,1021,256.35,14.4,5854,4.406,1.012,12.882
CONFIRMED,60.32494216,0.224,6.6188,2.03E+04,12.19,0.2998,411,6.77,347.2,5485,4.556,0.867,15.403
CONFIRMED,29.1598615,0.3619,4.803,4.88E+02,1.91,0.1847,524,17.85,11.6,5485,4.556,0.867,15.403
FALSE POSITIVE,1.540397253,1.225,2.1541,8.16E+02,25.69,0.0264,1470,1105.68,38.8,5663,4.53,0.915,15.974
FALSE POSITIVE,2.99025443,0.014,5.414,5.89E+02,1.7,0.0367,918,168.45,48.5,4667,4.578,0.731,15.842
CONFIRMED,1.594745374,0.514,1.9604,1.50E+04,11.3,0.0258,1539,1329.42,1009.3,5934,4.491,0.893,15.53
CONFIRMED,4.783002698,0.003,2.335,1.01E+03,2.5,0.0535,886,145.48,70.6,5170,4.574,0.807,15.119
CONFIRMED,20.50588921,0.26,4.0595,2.11E+03,3.41,0.1326,518,17.06,78.5,4905,4.544,0.761,15.398
CONFIRMED,3.340218842,0.466,1.9104,1.63E+03,2.03,0.0348,656,43.73,71.6,3950,4.754,0.493,15.954
FALSE POSITIVE,2.507089906,1.255,2.0067,1.34E+03,30.26,0.0365,1326,730.47,64.9,5926,4.506,0.939,15.555
CONFIRMED,18.64932728,0.08,4.4056,8.94E+02,3.12,0.139,701,57.13,46.1,5775,4.405,1.053,15.386
CONFIRMED,4.90144976,0.529,4.1654,1.41E+02,1.7,0.0586,1262,598.74,50.6,5847,4.191,1.402,12.487
CONFIRMED,9.75192101,0.949,4.793,4.18E+02,2.76,0.0902,870,135.66,28.5,5775,4.405,1.053,15.386
CONFIRMED,38.5576546,0.911,5.794,9.93E+02,4.02,0.2255,550,21.71,39.7,5775,4.405,1.053,15.386
CONFIRMED,3.525632539,0.12,2.59959,2.23E+04,11.58,0.0431,975,213.12,1996.7,5150,4.572,0.793,15.224
CANDIDATE,34.84398644,0.934,2.9315,4.52E+03,7.61,0.1971,511,16.1,76.8,5509,4.482,0.871,15.684
CONFIRMED,7.748094239,0.517,3.5957,2.47E+03,5.52,0.081,964,204.39,113.2,5973,4.439,1.085,15.67
CONFIRMED,23.96793669,0.416,3.827,1.18E+03,1.8,0.1322,329,2.77,27.5,3747,4.728,0.524,15.414
CONFIRMED,8.29561738,0.888,1.3421,8.24E+02,1.82,0.0652,469,11.39,17.9,3747,4.728,0.524,15.414
CONFIRMED,8.11437482,0.573,2.2736,1.56E+03,2.1,0.0649,460,10.55,56.4,3692,4.753,0.517,15.877
FALSE POSITIVE,38.03672948,0.501,4.34617,8.29E+04,27.5,0.2252,500,14.81,1300,5575,4.521,0.932,15.472
CANDIDATE,4.64090031,1.28,35.512,2.45E+03,30.09,0.0503,1155,421.08,296.9,6463,4.5,0.826,15.27
FALSE POSITIVE,3.747838198,1.121,5.0642,6.16E+02,13.65,0.046,1031,266.76,138.2,5514,4.569,0.826,13.496
CONFIRMED,14.74914825,0.173,6.0995,4.30E+02,2.89,0.1221,874,137.91,107.4,5847,4.191,1.402,12.487
CONFIRMED,21.81295996,0.053,4.3791,1.18E+03,3.38,0.1495,639,39.33,37.8,5601,4.41,0.999,15.54
FALSE POSITIVE,7.91936937,0.733,3.3148,1.51E+04,10.34,0.0737,814,104,389,5690,4.588,0.776,15.805
CANDIDATE,1.028436523,1.5734,1.8606,8.10E+03,72.77,0.0197,1947,3400.48,89.6,6228,4.428,0.99,15.202
CONFIRMED,15.37562369,0.692,3.3169,1.53E+04,11.01,0.1121,600,30.54,166,4986,4.496,0.833,16.422
CONFIRMED,8.10363271,0.047,3.161,8.88E+02,2.11,0.0712,687,52.82,39.3,4861,4.574,0.732,15.289
CONFIRMED,4.71510843,0.258,2.506,4.18E+02,1.46,0.0496,823,108.84,21.3,4861,4.574,0.732,15.289
CONFIRMED,6.365839713,0.524,2.9721,7.81E+02,2.44,0.0659,914,165.33,70.8,5776,4.554,0.849,15.09
FALSE POSITIVE,5.97581754,0.941,3.065,9.62E+02,3.86,0.066,1047,284.25,50.3,6108,4.471,0.997,15.546
FALSE POSITIVE,2.446737317,1.241,4.7211,1.18E+03,26.25,0.0351,1261,597.19,110.2,5764,4.548,0.863,15.021
CONFIRMED,3.04033046,0.736,1.8411,1.09E+04,8.99,0.0374,1021,257.29,568.2,5035,4.519,0.791,15.028
CONFIRMED,15.33528675,0.773,3.897,3.08E+03,5,0.1179,610,32.67,86.6,5251,4.581,0.817,15.855
CONFIRMED,7.95825328,0.706,4.377,5.00E+01,1.06,0.0809,1074,314.15,14.7,5847,4.191,1.402,12.487
CONFIRMED,31.33046135,0.798,5.176,5.07E+03,6.5,0.1898,481,12.61,117.2,5251,4.581,0.817,15.855
FALSE POSITIVE,3.9043425,0.709,3.831,1.62E+04,12.28,0.0484,1104,351.05,323.4,5810,4.526,0.898,15.016
FALSE POSITIVE,9.286358079,0.377,3.49949,4.48E+04,17.61,0.081,796,95.03,1671.1,5670,4.523,0.821,15.365
FALSE POSITIVE,3.951405455,1.276,2.1862,2.45E+03,31.44,0.0482,1133,388.71,117.2,6046,4.539,0.869,15.446
CONFIRMED,23.65369415,0.008,8.2183,3.34E+03,7.89,0.1658,731,67.65,266.3,5739,4.191,1.384,15.084
CONFIRMED,13.23352214,0.014,6.7372,5.05E+02,3.06,0.1126,888,146.67,49.1,5739,4.191,1.384,15.084
CONFIRMED,6.15560285,0.235,4.9843,2.85E+02,2.32,0.0676,1146,406.94,35.1,5739,4.191,1.384,15.084
CONFIRMED,2.090811305,0.746,3.388,1.16E+02,1.62,0.0329,1642,1718.04,19.9,5739,4.191,1.384,15.084
CONFIRMED,3.180027898,0.196,3.5797,1.20E+02,1.53,0.0439,1458,1066.86,50.4,5847,4.191,1.402,12.487
CONFIRMED,50.4467417,0.379,7.159,3.70E+02,2.67,0.2747,568,24.64,19.4,5739,4.191,1.384,15.084
CONFIRMED,11.76307164,0.048,2.9076,1.04E+03,2.35,0.0954,616,33.99,48.9,4959,4.603,0.756,15.208
CONFIRMED,56.2279271,0.7,3.57,8.63E+02,2.37,0.2707,366,4.22,20.9,4959,4.603,0.756,15.208
FALSE POSITIVE,2.384052875,1.178,3.0918,1.27E+03,17.06,0.0308,1010,244.87,50.5,4794,4.58,0.701,15.836
CONFIRMED,7.953547,0.3,2.6312,8.75E+02,2.25,0.0712,696,55.37,38.4,4768,4.536,0.779,15.66
CONFIRMED,4.14451656,0.004,2.3421,3.92E+02,1.48,0.0461,864,132.08,22.8,4768,4.536,0.779,15.66
FALSE POSITIVE,4.859386384,1.259,2.2757,6.04E+03,38.33,0.0571,1114,364.23,269.7,6072,4.47,0.988,15.311
CONFIRMED,10.52629458,0.644,2.5211,9.77E+03,8.24,0.088,713,61.16,482.3,5386,4.553,0.793,15.305
CONFIRMED,4.583520948,0.045,2.7055,3.81E+03,5.39,0.0535,1038,274.98,99.5,5815,4.54,0.877,15.287
CONFIRMED,3.76181843,0.926,3.5176,5.11E+02,2.66,0.047,1121,372.62,35.9,5653,4.472,0.949,15.257
CONFIRMED,8.20396958,0.823,2.9667,1.02E+03,3.01,0.0735,742,71.5,54.4,5015,4.499,0.826,15.376
CONFIRMED,14.49645186,0.97,4.016,6.48E+02,3.01,0.1074,613,33.48,25.7,5015,4.499,0.826,15.376
CONFIRMED,6.54626149,0.644,2.75,6.56E+02,2.19,0.0668,810,101.78,24.8,5251,4.581,0.817,15.855
CONFIRMED,12.71809866,0.427,3.0957,1.15E+03,2.31,0.0934,562,23.6,52.7,4702,4.592,0.686,15.389
CONFIRMED,36.06588163,0.26,4.3246,1.56E+03,2.64,0.1871,397,5.88,51.7,4702,4.592,0.686,15.389
CONFIRMED,4.190425659,0.458,2.8589,2.88E+03,6.21,0.0535,1234,547.9,240.6,6073,4.392,1.135,15.27
CONFIRMED,3.709870784,0.023,3.0694,2.02E+03,4.35,0.0471,1151,415.1,116.1,5727,4.463,0.978,15.581
CONFIRMED,16.3297527,0.791,6.271,1.19E+03,3.75,0.1255,727,66.08,74.6,5878,4.444,0.987,15.447
CONFIRMED,27.80756622,0.782,4.21587,2.54E+04,13.84,0.1711,554,22.24,748.1,5862,4.584,0.785,15.482
CONFIRMED,80.8723469,0.527,11.195,3.60E+03,7.59,0.3577,452,9.88,160.9,5510,4.222,1.238,15.201
FALSE POSITIVE,3.166465862,1.266,2.9381,4.36E+03,26.82,0.0371,954,196.31,122.1,4968,4.575,0.704,15.999
CONFIRMED,24.99324319,0.686,5.9409,2.70E+02,2.29,0.1651,712,60.88,62,5718,4.181,1.317,12.377
CONFIRMED,10.35533116,0.029,3.1775,7.51E+02,2.47,0.0895,777,86.22,49.2,5501,4.462,0.918,15.018
CONFIRMED,16.08518937,0.867,3.984,1.44E+03,3.68,0.1173,613,33.43,62.6,5239,4.523,0.826,15.219
CANDIDATE,235.9986399,0.778,8.2284,2.07E+04,10.59,0.6534,188,0.29,271.8,4245,4.627,0.657,15.172
CONFIRMED,7.49018305,0.02,2.7297,1.12E+03,2.56,0.0703,753,76.06,53,5103,4.562,0.787,15.599
CONFIRMED,36.2761238,0.035,4.7865,1.57E+03,3.03,0.2012,445,9.29,45.5,5103,4.562,0.787,15.599
CONFIRMED,17.46087931,0.594,2.2641,8.12E+02,2.32,0.1236,568,24.6,22.6,5103,4.562,0.787,15.599
CONFIRMED,56.0560754,0.018,4.685,1.63E+03,1.94,0.228,233,0.69,27.4,3593,4.757,0.491,15.849
CONFIRMED,41.40831669,0.377,5.0264,2.28E+04,11.38,0.2162,453,9.93,907.8,5522,4.586,0.747,15.196
CANDIDATE,39.74893077,0.881,7.3051,1.52E+04,14.21,0.2311,552,21.87,561.1,6122,4.487,0.964,15.344
CONFIRMED,5.715425977,0.348,2.5242,9.08E+02,2.47,0.0611,850,123.03,59.4,5237,4.572,0.826,15.086
CONFIRMED,49.18394185,0.035,11.3364,1.65E+03,8.2,0.2829,669,47.4,355.7,5626,3.907,2.057,12.654
CONFIRMED,20.0261412,0.957,1.611,4.21E+02,2.28,0.1409,559,23.14,10.7,5237,4.572,0.826,15.086
CANDIDATE,13.61014819,1.081,2.594,5.73E+03,19.02,0.1061,733,68.29,184.1,5697,4.46,0.903,15.06
FALSE POSITIVE,10.44331991,0.23,2.743,1.16E+03,2.66,0.0857,667,46.94,51.7,4947,4.516,0.802,15.546
CONFIRMED,2.237489571,0.128,1.8119,3.16E+02,1.41,0.0325,1160,427.17,30.7,5265,4.58,0.81,15.001
FALSE POSITIVE,5.851520671,0.211,3.11058,3.30E+04,14.62,0.0591,901,155.89,1630.4,5532,4.53,0.806,15.33
CONFIRMED,3.167893418,0.026,2.1814,7.81E+02,2.62,0.0426,1221,526.23,64.8,5895,4.503,0.94,15.533
CONFIRMED,4.311780262,0.196,2.7251,1.15E+03,3.11,0.0511,1038,274.84,86.1,5527,4.484,0.927,15.604
CONFIRMED,20.0504494,0.383,4.556,8.41E+02,2.69,0.1423,622,35.44,37.8,5527,4.484,0.927,15.604
CONFIRMED,9.76734503,0.9,1.6585,5.69E+02,2.67,0.0881,791,92.46,21.1,5527,4.484,0.927,15.604
CANDIDATE,119.0207044,0.076,8.1405,7.43E+03,8.98,0.4582,366,4.25,223.5,5453,4.342,1.062,15.085
CONFIRMED,190.3200468,0.812,15.284,1.14E+03,7.78,0.6972,426,7.8,139.3,5626,3.907,2.057,12.654
FALSE POSITIVE,2.861159894,0.965,1.8832,1.01E+03,4.37,0.0406,1355,797.1,58.3,6126,4.458,1.021,15.618
CONFIRMED,26.44439337,0.03,3.9783,1.84E+03,3.91,0.1687,562,23.54,88,5427,4.463,0.929,15.158
CONFIRMED,51.53997972,0.183,6.3994,3.64E+03,5.51,0.2632,450,9.67,155.5,5427,4.463,0.929,15.158
CONFIRMED,5.902245782,0.209,2.9003,7.02E+02,2.43,0.0621,926,173.74,59.3,5427,4.463,0.929,15.158
CONFIRMED,2.382951591,0.479,1.8876,3.92E+02,1.86,0.0339,1253,583.01,41.4,5427,4.463,0.929,15.158
CONFIRMED,21.02250608,0.036,4.1072,1.77E+03,3.07,0.1378,521,17.48,62.4,5067,4.585,0.75,15.859
CONFIRMED,3.219814777,0.06,2.0642,4.88E+02,1.69,0.04,998,234.93,30.5,5103,4.562,0.787,15.599
CONFIRMED,5.912273234,0.17,2.3254,9.61E+02,1.73,0.0537,585,27.72,62.8,4072,4.696,0.57,15.036
CONFIRMED,8.98581901,0.008,2.8606,8.81E+02,1.65,0.0709,509,15.9,51.8,4072,4.696,0.57,15.036
CANDIDATE,12.94066866,0.897,2.4845,4.25E+04,22.94,0.1039,723,64.64,307.5,5875,4.572,0.809,15.215
FALSE POSITIVE,20.5452375,0.95,2.517,2.19E+02,2.41,0.1437,742,71.57,18.5,5670,4.206,1.264,12.003
CONFIRMED,33.60123371,0.67,4.4056,7.43E+03,8.46,0.1956,495,14.22,247.9,5149,4.447,0.93,15.262
CONFIRMED,6.76652928,0.429,2.9004,4.51E+02,1.97,0.0672,845,120.48,29.2,5149,4.447,0.93,15.262
CONFIRMED,4.347288783,0.025,2.1024,4.52E+02,2.36,0.0524,1174,449.79,39.7,5754,4.345,1.122,15.024
CONFIRMED,4.601811819,0.567,2.2607,7.56E+02,2.35,0.0501,896,152.91,60.8,4986,4.496,0.833,15.024
CONFIRMED,11.18719905,0.387,3.252,3.54E+02,1.55,0.0907,667,46.65,21.9,4986,4.496,0.833,15.024
CONFIRMED,4.220965778,0.705,3.0854,2.26E+03,2.62,0.0418,595,29.68,157.8,3837,4.747,0.517,15.692
FALSE POSITIVE,6.998099523,7.361,2.0488,2.03E+04,588.66,0.0698,853,125.22,192.3,5612,4.566,0.829,15.877
CONFIRMED,5.95489993,0.327,2.3892,1.41E+03,2.33,0.0554,635,38.52,87.2,4261,4.641,0.633,15.019
CONFIRMED,12.03987488,0.286,2.7363,1.25E+03,2.18,0.0886,502,15.06,57.6,4261,4.641,0.633,15.019
CONFIRMED,20.83762895,0.706,2.3734,4.39E+02,1.42,0.1278,418,7.24,14.9,4261,4.641,0.633,15.019
FALSE POSITIVE,8.8111022,1.223,5.0683,4.01E+02,63.66,0.0919,1399,904.92,76.8,6200,3.8,2.404,12.759
CONFIRMED,23.58917143,0.926,5.073,1.20E+03,3.16,0.1429,487,13.34,53.3,4919,4.566,0.721,15.316
CONFIRMED,6.481633073,0.833,3.784,2.99E+02,2.54,0.0683,1145,406.25,125.6,5945,4.213,1.302,12.365
CONFIRMED,10.37168928,0.537,3.035,1.25E+03,3.2,0.0873,720,63.68,64.5,5121,4.457,0.888,15.193
CONFIRMED,3.96996298,0.836,1.1757,2.99E+02,1.78,0.046,992,229.37,15,5121,4.457,0.888,15.193
CONFIRMED,4.40841331,0.899,5.012,5.49E+02,2.66,0.052,1139,398,45.1,6007,4.457,0.961,15.662
FALSE POSITIVE,7.9426176,0.942,6.703,1.59E+03,4.68,0.0789,878,140.57,60.4,5811,4.521,0.926,15.26
CONFIRMED,226.8904775,0.731,7.558,3.14E+03,4.53,0.6732,236,0.73,46.8,5067,4.585,0.75,15.859
FALSE POSITIVE,1.956811408,1.091,2.1958,2.49E+04,21.58,0.0259,1109,357.16,125.4,5209,4.657,0.603,15.533
CANDIDATE,2.688899233,0.001,2.11275,3.75E+04,12.04,0.0335,929,175.76,1011.6,4820,4.667,0.639,15.766
CONFIRMED,9.439459486,0.049,2.8979,3.04E+03,4.16,0.0837,686,52.32,175.2,5097,4.597,0.779,15.067
CONFIRMED,11.52306746,0,3.8757,5.07E+02,3.13,0.1017,927,174.81,142,5644,4.162,1.411,12.346
CONFIRMED,20.47748843,0.497,2.8364,1.38E+03,2.92,0.1402,530,18.65,52.7,5097,4.597,0.779,15.067
CONFIRMED,3.336123113,0.252,1.9616,5.16E+02,1.74,0.0418,970,209.79,41.6,5097,4.597,0.779,15.067
CONFIRMED,8.01078456,0.192,2.312,1.33E+03,1.72,0.0616,453,9.9,48.5,3713,4.779,0.47,15.847
CONFIRMED,12.07134205,0.014,4.3224,7.59E+02,1.29,0.0809,395,5.74,31,3713,4.779,0.47,15.847
CONFIRMED,20.99587872,0.228,2.6333,7.67E+02,1.3,0.117,328,2.74,18.2,3713,4.779,0.47,15.847
CONFIRMED,7.41113177,0.712,2.5242,6.21E+02,2.45,0.0748,905,158.11,50.4,5849,4.517,0.919,15.031
FALSE POSITIVE,1.000747038,0.908,0.9967,1.82E+03,4.14,0.0175,1620,1635.2,147.4,5472,4.499,0.79,15.419
CONFIRMED,8.884922995,0.069,2.07004,1.61E+04,10.51,0.0786,770,83.21,388.2,5332,4.5,0.843,15.264
CONFIRMED,8.09888906,0.018,4.20241,6.91E+03,8.95,0.0832,986,223.19,435.9,6214,4.442,1.076,15.261
CONFIRMED,10.00653012,0.862,5.344,9.36E+02,3.52,0.0933,876,139.21,71.9,6063,4.47,1.001,15.063
CONFIRMED,17.85522168,0.075,7.41287,9.07E+03,13.16,0.1491,911,163.04,915.7,6823,4.308,1.367,11.353
CANDIDATE,12.73262407,0.811,2.2083,6.47E+03,4.87,0.0881,432,8.22,210.5,3950,4.721,0.541,15.75
CANDIDATE,83.92494032,0.658,6.7904,7.96E+03,4.78,0.3031,226,0.62,182.1,3960,4.746,0.509,15.754
CONFIRMED,5.007316661,0.344,4.2362,6.93E+03,6.96,0.0556,998,234.28,431.4,5865,4.563,0.827,15.813
CONFIRMED,2.211116989,0.69,1.6485,7.24E+02,1.85,0.0294,931,177.19,42.6,4500,4.656,0.646,15.791
CONFIRMED,27.9541337,0.063,3.95,9.43E+02,1.9,0.1593,400,6.04,25.4,4500,4.656,0.646,15.791
CONFIRMED,12.69104387,0.008,3.7727,2.52E+02,2.57,0.1072,1008,244.3,60.2,5869,4.024,1.626,12.935
FALSE POSITIVE,4.409409243,0.028,3.8636,1.29E+04,10.95,0.0491,1101,347.06,85.8,5600,4.368,0.975,15.403
CONFIRMED,16.23947096,0.043,4.0374,2.59E+03,4.14,0.1229,598,30.14,123.8,5191,4.564,0.837,15.258
CONFIRMED,6.308201629,0.03,2.9785,1.33E+03,2.96,0.0654,819,106.44,86.2,5191,4.564,0.837,15.258
CONFIRMED,2.052349884,0.437,2.0778,1.43E+04,13.12,0.0322,1497,1183.18,1072.1,5855,4.393,1.08,15.257
CONFIRMED,9.7704486,0.09,2.4517,1.90E+03,2.23,0.0714,460,10.59,58,3906,4.73,0.509,15.777
CONFIRMED,5.169804269,0.351,2.153,1.04E+03,1.66,0.0467,569,24.75,41.4,3906,4.73,0.509,15.777
CONFIRMED,21.22261195,0.02,6.5093,3.66E+02,2.48,0.1506,771,83.56,114.9,5945,4.213,1.302,12.365
CONFIRMED,20.09017037,0.886,4.154,1.43E+03,2.25,0.1154,362,4.05,36.9,3906,4.73,0.509,15.777
CONFIRMED,7.11373257,0.334,2.1764,8.08E+02,1.16,0.0551,429,8.01,44.4,3561,4.855,0.411,15.234
CONFIRMED,3.306551643,0.001,1.8177,5.09E+02,0.91,0.0331,554,22.19,37.8,3561,4.855,0.411,15.234
CONFIRMED,15.36845737,0.115,2.4714,7.56E+02,1.11,0.0922,332,2.86,30.9,3561,4.855,0.411,15.234
CONFIRMED,13.81020318,0.791,3.048,1.31E+03,4.56,0.1131,833,113.75,46.2,5942,4.327,1.142,15.425
CONFIRMED,4.093578461,0.93,2.5833,5.39E+02,2.85,0.0514,1182,461.07,36.4,6077,4.471,0.999,15.399
CONFIRMED,105.145959,0.964,8.593,6.85E+02,3.43,0.4471,401,6.09,15.4,6077,4.471,0.999,15.399
CONFIRMED,10.8484518,0.21,2.9993,1.68E+03,2.34,0.0815,499,14.66,64.5,4201,4.682,0.591,15.058
CONFIRMED,6.66833241,0.644,1.915,3.62E+02,1.18,0.0589,587,28.06,14.2,4201,4.682,0.591,15.058
CONFIRMED,4.082274889,0.093,3.23015,1.79E+04,10.55,0.0479,1016,251.48,1669.1,5655,4.581,0.794,15.198
CANDIDATE,3.886655224,0.649,3.1646,5.82E+02,1.87,0.0451,1010,246.29,48.1,5662,4.61,0.738,15.371
CONFIRMED,42.1406089,0.045,5.083,8.96E+02,1.85,0.2095,349,3.49,21.6,4500,4.656,0.646,15.791
CONFIRMED,4.617490562,0.649,2.2618,5.76E+02,1.62,0.048,728,66.47,28.1,4500,4.656,0.646,15.791
CONFIRMED,10.19849255,0.714,2.4283,6.34E+02,1.75,0.0814,559,23.11,21.4,4500,4.656,0.646,15.791
FALSE POSITIVE,5.795063956,0.949,3.2496,1.69E+03,4.33,0.0613,950,192.74,119.4,5865,4.563,0.827,15.289
CONFIRMED,7.15681552,0.45,2.5882,8.67E+02,2.47,0.0675,782,88.23,47.7,5029,4.494,0.838,15.46
CONFIRMED,17.64830851,0.653,2.0873,7.63E+02,2.43,0.1232,579,26.49,23.8,5029,4.494,0.838,15.46
CONFIRMED,4.14810719,0.093,2.535,1.75E+02,1.08,0.0469,938,182.76,12.9,5029,4.494,0.838,15.46
CONFIRMED,16.51410989,0.395,4.1575,9.74E+02,2.72,0.1199,655,43.57,55.9,5527,4.488,0.866,15.223
CONFIRMED,30.1329298,0.839,5.172,1.02E+03,3.14,0.179,536,19.55,44.8,5527,4.488,0.866,15.223
CONFIRMED,4.79090809,0.11,2.603,2.51E+02,1.36,0.0525,990,227.24,21.2,5527,4.488,0.866,15.223
CONFIRMED,31.71981013,0.125,4.819,3.63E+02,3.09,0.1975,743,71.97,63.1,5869,4.024,1.626,12.935
CONFIRMED,99.6415962,0.028,4.448,9.53E+02,2.64,0.3973,360,3.97,22.7,5527,4.488,0.866,15.223
CONFIRMED,4.708326451,0.061,3.16114,7.91E+03,10.6,0.0539,1162,431.02,633.4,5560,4.246,1.21,15.113
FALSE POSITIVE,16.37198661,9.303,3.8449,4.15E+03,540.37,0.1052,438,8.71,54.5,4187,4.656,0.592,15.654
CONFIRMED,5.392026903,0.314,2.9804,1.15E+03,2.68,0.0583,850,123.33,77.4,5198,4.589,0.801,15.651
CANDIDATE,2.494170338,0.095,1.1221,8.64E+02,2.42,0.0351,1194,480.19,69.2,5569,4.566,0.829,15.251
CONFIRMED,6.491682808,0.535,4.301,7.16E+03,9.66,0.0715,1062,301.54,502.3,6123,4.413,1.107,15.649
FALSE POSITIVE,3.044770796,1.252,10.0134,1.70E+03,24.54,0.0386,1076,317.36,203.5,5525,4.603,0.753,15.621
CONFIRMED,3.855603916,0.348,3.2179,1.67E+04,13.61,0.0505,1212,508.65,1173.9,6033,4.46,1.046,15.272
FALSE POSITIVE,3.855599139,0.864,3.183,1.03E+03,3.57,0.0493,1158,425.74,90.1,5936,4.501,0.965,15.054
CONFIRMED,38.47876629,0.003,5.04169,2.35E+04,13.26,0.2213,484,13.01,1077.8,5510,4.539,0.879,13.779
FALSE POSITIVE,37.60166128,0.408,8.30604,5.91E+04,27.22,0.219,606,31.86,1667.3,6140,4.354,1.096,15.505
CONFIRMED,3.314947362,0.799,1.8007,1.40E+03,3.94,0.0433,1155,421.03,123.5,5609,4.481,0.944,15.142
FALSE POSITIVE,6.71969089,0.985,3.0231,9.70E+02,4.37,0.0654,952,194.18,45.4,5931,4.479,0.866,15.172
CONFIRMED,39.6431552,0.062,6.5292,1.57E+04,10.98,0.215,472,11.74,690.3,5231,4.455,0.9,15.011
FALSE POSITIVE,51.42598578,0.203,16.9422,6.61E+04,29.66,0.2904,549,21.4,1843.8,6257,4.41,1.147,15.631
CONFIRMED,21.80451611,0.751,3.4097,1.14E+03,2.6,0.1406,543,20.48,49.9,5481,4.629,0.708,15.067
CONFIRMED,10.28194593,0.168,3.4366,1.11E+03,2.53,0.088,680,50.6,55,5196,4.593,0.775,15.532
CONFIRMED,18.11993039,0.206,4.2309,1.51E+03,2.95,0.1284,563,23.77,60.7,5196,4.593,0.775,15.532
CONFIRMED,3.78402867,0.691,1.9012,4.26E+02,1.7,0.0452,949,191.78,25.6,5196,4.593,0.775,15.532
CONFIRMED,5.15448142,0.933,3.228,6.98E+02,2.94,0.0546,964,204.1,48.1,5431,4.457,0.884,15.365
FALSE POSITIVE,33.80364366,0.023,11.4813,1.35E+04,20.7,0.216,745,72.71,529.9,5855,3.999,1.796,13.109
CONFIRMED,5.743469797,0.001,3.4412,1.24E+03,3.13,0.0625,982,219.95,79.7,5897,4.531,0.891,15.543
CANDIDATE,39.4759093,0.938,2.968,1.01E+03,4.06,0.2338,577,26.13,26.6,6225,4.45,1.031,15.229
FALSE POSITIVE,19.97448524,0.886,4.23479,4.03E+04,26.56,0.1476,700,56.84,1398.8,6108,4.471,0.997,15.217
CONFIRMED,3.166353562,0.032,3.3129,1.47E+03,3.82,0.0432,1273,621.92,128.3,6007,4.47,0.998,15.603
FALSE POSITIVE,23.89963441,1.245,3.81881,2.10E+04,44.04,0.162,652,42.8,547.8,6192,4.503,0.924,15.453
CONFIRMED,3.388012244,0.433,2.6849,2.80E+02,2.11,0.0434,1315,705.93,30.6,5553,4.221,1.25,15.065
CONFIRMED,5.83909761,0.341,3.1915,2.74E+02,2.06,0.0624,1097,341.48,25.2,5553,4.221,1.25,15.065
CONFIRMED,1.620467654,0.271,2.1888,1.60E+02,1.57,0.0265,1681,1893.42,22.7,5553,4.221,1.25,15.065
CONFIRMED,10.6816951,0.646,3.605,3.08E+02,2.3,0.0933,897,152.75,21.9,5553,4.221,1.25,15.065
CONFIRMED,6.104849417,0.041,4.6912,2.09E+03,3.18,0.0583,784,89.25,293.7,5085,4.584,0.712,15.017
CONFIRMED,3.578780566,0.079,2.91089,1.14E+04,10.43,0.045,1145,406.6,1838.4,5524,4.421,0.994,13.938
FALSE POSITIVE,3.187067566,1.234,3.119,1.04E+03,23.88,0.0403,1079,319.76,37.2,5450,4.552,0.811,15.653
CONFIRMED,5.826657508,0.033,2.9183,1.54E+03,4.09,0.0622,1013,248.57,81.1,5561,4.362,1.06,15.843
CONFIRMED,12.41216347,0.021,3.739,6.11E+02,2.58,0.103,787,90.65,25.6,5561,4.362,1.06,15.843
CONFIRMED,18.74649011,0.508,3.895,7.97E+02,3.05,0.1355,686,52.38,26.7,5561,4.362,1.06,15.843
CONFIRMED,20.86021229,0.066,5.1937,1.91E+03,5.5,0.1462,781,87.76,117,6035,4.22,1.257,15.237
CONFIRMED,42.63427848,0.142,6.1998,1.72E+03,5.22,0.2355,615,33.82,78.7,6035,4.22,1.257,15.237
CONFIRMED,87.6476068,0.147,8.871,1.01E+03,4,0.3807,484,12.94,37.5,6035,4.22,1.257,15.237
CANDIDATE,9.61731426,0.331,3.8692,2.34E+02,1.94,0.0873,1010,246.13,18.2,6035,4.22,1.257,15.237
CONFIRMED,9.467821474,0.081,2.4327,2.24E+03,2.13,0.0691,407,6.47,124.7,3582,4.807,0.458,15.073
CONFIRMED,0.893040969,0.009,1.0981,7.42E+02,1.24,0.0143,893,151.14,87.8,3582,4.807,0.458,15.073
CONFIRMED,4.942783419,0.566,3.25346,1.11E+04,10.62,0.0569,1008,244.42,2040.7,5514,4.459,0.978,13.758
CONFIRMED,20.83426731,0.256,4.0454,9.88E+02,2.74,0.1483,595,29.62,45.1,5537,4.549,0.88,15.412
CONFIRMED,9.94602357,0.035,3.3862,9.95E+02,3.12,0.0864,807,100.34,51,5344,4.365,1.013,15.596
CONFIRMED,1.04562195,0.037,1.8955,2.13E+02,1.45,0.0192,1710,2031.84,25.3,5344,4.365,1.013,15.596
CONFIRMED,5.71462396,0.503,2.336,2.98E+02,1.78,0.0597,971,210.16,16.7,5344,4.365,1.013,15.596
FALSE POSITIVE,102.9641952,0.922,15.735,1.90E+03,39,0.5554,797,95.4,86.1,5047,3.066,7.119,13.608
CONFIRMED,8.14515981,0.965,5.073,4.47E+02,3.43,0.076,1050,287.91,32.2,5896,4.197,1.24,14.925
CONFIRMED,18.9985279,1.3,4.529,4.31E+02,43.17,0.1337,792,93.03,16.9,5896,4.197,1.24,14.925
CONFIRMED,4.24439049,0.949,3.282,1.74E+02,2.07,0.0492,1305,686.99,15.1,5896,4.197,1.24,14.925
CANDIDATE,90.1240507,0.698,11.649,3.02E+03,7.12,0.427,485,13.09,57.9,6520,4.375,1.215,14.96
CONFIRMED,28.5742692,0.068,4.9427,8.25E+02,2.32,0.1681,538,19.83,97.1,5551,4.508,0.812,13.771
CANDIDATE,856.672115,0.1158,23.144,8.58E+02,3.87,1.8045,242,0.81,39.2,6449,4.232,1.309,13.997
CANDIDATE,0.689210173,0.154,1.6169,1.95E+02,1.32,0.0156,1943,3362.71,93.4,5630,4.505,0.954,13.248
CONFIRMED,7.34373964,0.185,1.1784,5.74E+02,1.84,0.0697,839,117.5,32.2,5757,4.597,0.762,14.657
FALSE POSITIVE,0.445277068,1.2962,3.539,1.87E+02,35.74,0.012,2562,10177.11,28.9,6167,4.444,1.064,15.343
FALSE POSITIVE,0.379463865,1.246,0.86896,1.97E+03,59.56,0.0099,3000,19256.81,458.6,5075,3.892,1.783,13.787
FALSE POSITIVE,9.88047978,1.02,2.78458,1.85E+04,23.6,0.0901,860,129.45,534.5,6113,4.512,0.917,15.212
FALSE POSITIVE,4.6484156,0.968,38.1939,1.28E+02,5.06,0.0647,2259,6152.88,91.7,6980,3.577,3.482,10.963
FALSE POSITIVE,17.51201477,0.994,1.8248,4.51E+03,13.66,0.132,804,98.77,322.3,6224,4.33,1.132,12.336
CANDIDATE,3.9886021,0.06,1.7376,6.74E+02,34.39,0.0622,3145,23135.72,37.1,4813,2.472,13.652,6.974
CANDIDATE,0.533059312,1.263,1.8621,1.50E+03,133.56,0.0167,5862,277887.7,179.6,8523,3.559,4.051,7.748
FALSE POSITIVE,0.525154153,1.226,2.1441,7.48E+02,23.61,0.0119,2073,4391.51,116.1,5582,4.497,0.846,15.058
FALSE POSITIVE,1.303861044,1.258,4.0541,5.98E+02,27.85,0.0224,1610,1595.19,140.6,5758,4.475,0.902,13.555
FALSE POSITIVE,0.73452496,,6.7,,,,,,,,,,13.22
FALSE POSITIVE,2.55549176,1.228,9.083,1.14E+02,23.35,0.036,1312,701.68,24.3,5948,4.508,0.901,14.554
FALSE POSITIVE,2.947376671,2.641,2.0911,4.33E+02,403.59,0.0492,2404,7903.84,62.3,8090,4.002,2.234,10.47
CONFIRMED,224.7789355,0.652,11.1899,3.49E+03,7.67,0.7456,333,2.92,235.7,5873,4.293,1.235,13.492
FALSE POSITIVE,0.890110752,0.216,0.8774,3.22E+02,1.25,0.0167,1372,838.42,19.6,4768,4.628,0.711,15.723
FALSE POSITIVE,5.76573396,0.708,2.924,2.48E+02,7.47,0.0745,1964,3518.78,22.2,5772,3.364,4.434,14.313
CONFIRMED,7.42608123,0.097,3.6379,4.43E+02,2.47,0.0778,1037,273.78,37.5,6049,4.353,1.176,14.818
CONFIRMED,15.9868932,0.533,4.158,1.79E+02,1.62,0.1297,803,98.51,10.9,6049,4.353,1.176,14.818
FALSE POSITIVE,0.73094589,1.169,4.32,2.50E+02,17.12,0.0155,1922,3248.17,37.5,5901,4.553,0.848,15.401
CONFIRMED,18.92537246,0.806,3.9835,6.41E+02,13.92,0.1694,1171,443.58,41,4941,3.317,4.885,14.604
FALSE POSITIVE,0.933749106,0.736,4.256,1.86E+02,3.22,0.0201,2863,15822.49,136.3,6215,3.849,2.188,13.079
FALSE POSITIVE,2.037440623,0.715,3.442,1.19E+02,1.19,0.0312,1572,1448.05,27,6253,4.415,1.015,14.187
CANDIDATE,129995.7784,0.7127,9.408,1.47E+03,2.99,44.9892,25,0,35.7,4500,4.572,0.726,13.447
CONFIRMED,31.5925809,0.283,13.566,1.45E+02,1.78,0.1967,688,53.09,25.5,5676,4.1,1.487,13.29
CONFIRMED,17.157236,0.238,11.284,1.10E+02,1.55,0.1309,844,119.87,23.6,5676,4.1,1.487,13.29
CONFIRMED,1.97376085,0.337,1.82542,3.02E+04,8.78,0.025,753,76.1,1252.5,3807,4.762,0.503,15.715
CANDIDATE,13.11896244,0.042,4.3045,3.72E+02,8.25,0.1376,1768,2310.43,267.4,7221,3.488,4.24,9.275
FALSE POSITIVE,4.618767792,0.766,5.9957,4.40E+03,7.48,0.0531,1170,442.78,270.1,6013,4.381,1.033,13.652
CANDIDATE,7.82187328,0.005,3.8417,4.22E+01,2.78,0.0975,2101,4601.71,37.2,7221,3.488,4.24,9.275
CANDIDATE,53.5057611,0.46,10.5616,1.96E+02,2.52,0.2934,675,49.16,71.2,6247,4.016,1.762,9.582
CONFIRMED,2.785821236,0.893,3.5599,6.89E+01,1.69,0.0408,1784,2388.98,53.6,6202,4.026,1.733,8.224
FALSE POSITIVE,52.56901867,1.197,6.7507,2.69E+04,78.54,0.3227,737,69.62,184.3,7240,4.178,1.717,9.729
FALSE POSITIVE,3.411758679,1.213,3.158,5.71E+02,14.71,0.0372,684,51.85,35.6,3995,4.71,0.561,15.258
FALSE POSITIVE,0.525426427,0.113,1.0801,3.25E+02,1.45,0.0122,2069,4349.62,63.6,5791,4.575,0.802,14.797
CONFIRMED,1.269091415,0.412,1.4647,3.41E+02,1.41,0.0214,1331,740.47,73.5,5041,4.576,0.766,13.999
CONFIRMED,2.853133997,0.698,1.465,2.77E+02,1.36,0.0367,1016,251.77,39.7,5041,4.576,0.766,13.999
CONFIRMED,6.79685353,0.62,3.1702,3.93E+02,2.01,0.0714,985,222.91,29.8,6061,4.486,0.97,15.391
FALSE POSITIVE,8.667822346,1.276,4.9658,2.12E+03,67.37,0.085,1303,681.39,187.6,6266,3.923,1.889,13.03
CONFIRMED,1.475323222,0.136,2.3155,1.55E+02,5.88,0.0309,2740,13331.51,27.2,4941,3.317,4.885,14.604
CONFIRMED,4.15246118,0.639,2.5755,2.23E+02,7.62,0.0616,1941,3354.56,24.5,4941,3.317,4.885,14.604
FALSE POSITIVE,6.7210783,,7.46,,,,,,,,,,14.792
CONFIRMED,8.7348852,0.314,4.49,2.71E+02,1.59,0.0843,890,148.62,24.8,5982,4.493,0.96,14.794
FALSE POSITIVE,10.26547688,0.69,3.733,4.00E+02,1.81,0.0909,770,83.13,20.1,5699,4.553,0.853,15.212
CANDIDATE,13.4471791,0.963,3.0454,1.43E+03,5.24,0.1109,848,122.34,105.3,6276,4.405,1.041,14
FALSE POSITIVE,3.305577989,1.145,2.5903,1.80E+04,25.89,0.0399,1027,263.55,39.6,5534,4.629,0.707,15.537
FALSE POSITIVE,4.800653901,0.785,9.0419,1.53E+04,16.91,0.06,1347,778.45,298,6715,4.347,1.241,13.32
FALSE POSITIVE,15.06649901,1.018,5.9885,3.63E+04,56.44,0.1206,932,177.96,154.6,5751,4.028,1.626,13.855
FALSE POSITIVE,34.82008158,0.663,11.1711,1.88E+04,11.36,0.1894,459,10.49,882.6,5114,4.522,0.784,15.187
FALSE POSITIVE,0.651784374,1.224,2.0141,2.78E+03,33.65,0.0146,2090,4500.59,195.2,5555,4.375,1.061,14.997
FALSE POSITIVE,1.353771892,1.203,7.012,1.35E+03,430.99,0.0234,4903,136609.48,76.7,4283,2.012,15.76,10.523
FALSE POSITIVE,18.95491633,1.228,24.249,8.68E+02,71.39,0.1539,1139,397.48,249.3,6362,3.761,2.534,10.988
FALSE POSITIVE,4.348866254,1.187,3.2797,6.26E+02,2436.69,0.062,6421,401588.95,56.3,3598,0.65,101.451,10.68
FALSE POSITIVE,47.93094546,1.272,2.6897,2.14E+03,68.02,0.3108,905,158.41,221.1,8214,4.104,1.938,10.376
FALSE POSITIVE,3.99751422,0.0303,3.686,3.28E+01,2.98,0.0548,2203,5563.95,6.1,5066,3.122,5.324,10.733
FALSE POSITIVE,1.592633181,0.003,5.5605,6.33E+02,1.56,0.0232,1053,290.51,66.9,4506,4.626,0.651,15.47
CONFIRMED,67.5923754,0.728,12.249,4.16E+03,12.1,0.3582,588,28.2,60.9,6038,4.082,1.744,13.675
CONFIRMED,17.02902786,0.202,4.645,5.69E+02,2.54,0.1243,755,76.66,29.8,5839,4.327,1.067,15.381
CONFIRMED,6.84619236,0.077,3.529,2.47E+02,1.67,0.0677,1022,258.41,17.7,5839,4.327,1.067,15.381
CONFIRMED,67.8321638,0.027,7.358,5.08E+02,2.39,0.3123,476,12.14,15.5,5839,4.327,1.067,15.381
CONFIRMED,43.1312147,0.67,3.198,4.48E+02,2.39,0.2309,554,22.21,11.8,5839,4.327,1.067,15.381
CONFIRMED,1.224866441,0.286,1.7086,1.96E+02,1.54,0.0219,1741,2174.33,21.1,5553,4.32,1.107,15.376
CONFIRMED,37.8102649,0.061,8.733,5.70E+02,2.33,0.2188,566,24.27,35.2,6085,4.451,0.973,14.633
CONFIRMED,25.93406406,0.014,4.6142,4.15E+02,2.48,0.1749,695,55.1,42.2,5952,4.287,1.225,13.703
CONFIRMED,83.4463485,0.058,6.536,5.03E+02,2.73,0.3813,471,11.59,36.1,5952,4.287,1.225,13.703
FALSE POSITIVE,7.04710032,1.195,2.926,4.01E+02,25.2,0.071,986,223.84,24,5766,4.363,1.068,14.928
CONFIRMED,12.99204853,0.091,6.0175,2.71E+02,2.03,0.1071,866,132.94,38.7,5765,4.236,1.242,13.974
FALSE POSITIVE,11.11620211,0.937,4.211,4.84E+03,8.96,0.0998,853,125.21,115.3,6122,4.471,0.996,15.38
FALSE POSITIVE,1.922861499,0.943,3.5734,1.92E+03,5.09,0.0306,1392,884.12,103.4,5778,4.531,0.911,14.942
FALSE POSITIVE,0.635445336,1.253,1.8592,2.55E+03,19,0.0119,1177,451.42,182.2,3920,4.7,0.55,15.432
FALSE POSITIVE,1.665784138,1.27,1.8946,2.01E+03,97.27,0.0306,2636,11424.49,148,6261,3.686,2.789,11.84
FALSE POSITIVE,55.6639167,1.298,23.546,3.41E+03,34.14,0.2751,434,8.38,103.4,5587,4.528,0.853,15.593
CONFIRMED,52.09081627,0.065,8.6388,2.89E+03,7.14,0.2822,592,29.07,243.5,6198,4.237,1.324,13.914
FALSE POSITIVE,7.1548608,0.9848,7.694,7.80E+02,7.41,0.0853,1482,1141.57,24.2,7443,4.166,1.739,12.616
CONFIRMED,4.28746668,0.374,1.5693,7.90E+02,2.29,0.0501,942,186.31,19.4,5296,4.576,0.815,11.631
FALSE POSITIVE,2.002779769,0.242,2.231,2.61E+02,1.42,0.0289,1311,696.4,22.2,5346,4.44,0.892,14.606
CONFIRMED,8.18739443,0.377,3.0472,5.18E+02,1.92,0.0745,782,88.36,38.4,5251,4.494,0.849,14.138
CONFIRMED,76.0498163,0.015,7.158,4.46E+02,1.75,0.329,372,4.53,17.4,5251,4.494,0.849,14.138
CONFIRMED,3.341799486,0.426,2.9254,1.78E+02,1.67,0.0451,1356,798.41,48.8,5873,4.293,1.235,13.492
FALSE POSITIVE,3.3226948,0.4722,3.568,7.87E+01,15.33,0.0607,3859,52428.3,8.6,5234,2.41,16.959,11.899
FALSE POSITIVE,36.97708808,1.246,4.737,1.27E+03,38.6,0.2077,602,31.08,59.2,5589,4.193,1.239,13.698
FALSE POSITIVE,1.851409163,1.1117,10.232,2.33E+02,20.42,0.0312,2154,5090.14,54.4,7117,4.176,1.469,13.473
FALSE POSITIVE,1.303859704,0.674,2.8239,3.67E+01,0.98,0.0239,2393,7759.2,34.7,6802,4.103,1.521,11.558
FALSE POSITIVE,145.5624926,1.274,5.4126,2.93E+03,40.15,0.5364,387,5.33,58.1,6148,4.346,1.095,13.884
CONFIRMED,3.749105745,0.942,1.9826,1.83E+02,1.68,0.047,1160,428.25,38,5751,4.447,0.983,13.333
CONFIRMED,11.08956602,0.02,6.2877,1.48E+02,3.51,0.1114,1422,965.62,38.9,6353,3.698,2.867,12.808
CANDIDATE,7.37290344,0.993,2.172,2.05E+02,2.67,0.0737,1004,240.11,19.1,5973,4.371,1.07,13.835
FALSE POSITIVE,7.24476126,0.04,2.3145,5.80E+01,0.65,0.07,837,116.02,27.2,5370,4.494,0.874,11.157
CANDIDATE,119.0624882,0.968,3.1188,5.37E+03,10.4,0.4328,366,4.26,71.6,5697,4.392,0.92,15.289
CONFIRMED,8.70798309,0.063,2.4904,1.42E+03,2.01,0.0695,543,20.59,28.1,4362,4.722,0.554,15.842
CANDIDATE,14.8623076,0.324,3.161,8.40E+02,1.57,0.0993,454,10.08,14.4,4362,4.722,0.554,15.842
CONFIRMED,4.17634276,0.142,2.335,5.32E+02,1.23,0.0426,694,54.8,14.9,4362,4.722,0.554,15.842
CONFIRMED,27.40229859,0.022,6.8491,7.48E+02,3.63,0.1839,734,68.46,79.3,6198,4.237,1.324,13.914
CONFIRMED,3.179267286,0.171,1.0246,2.01E+02,1.21,0.0418,1101,347.01,41,5511,4.554,0.857,12.55
CONFIRMED,10.38122447,0.319,2.715,8.02E+02,2.18,0.0871,672,48.37,41.9,5095,4.566,0.78,13.562
CONFIRMED,24.5709023,0.945,3.587,7.64E+02,2.82,0.1547,505,15.33,26.3,5095,4.566,0.78,13.562
FALSE POSITIVE,81.221876,1.01,4.1135,9.88E+03,16.59,0.362,385,5.2,63,5619,4.536,0.874,15.488
FALSE POSITIVE,0.817026268,0.01,2.0799,1.15E+03,2.92,0.0169,1784,2386.13,121.1,5619,4.536,0.874,15.488
CONFIRMED,3.024092505,0.424,2.8021,7.77E+03,12.14,0.0438,1489,1162.54,1225.3,6063,4.261,1.358,13.958
FALSE POSITIVE,5.670155713,1.267,0.9361,5.37E+02,5.85,0.034,341,3.21,37.3,3337,5.126,0.183,13.783
CONFIRMED,1.022678654,0.019,1.3712,1.29E+02,1.14,0.019,1734,2138.47,21.6,5366,4.363,1.02,14.803
CONFIRMED,12.10968709,0.924,6.3461,2.85E+02,2.98,0.1019,1005,240.8,33.4,6021,4.093,1.458,14.348
CONFIRMED,4.75796103,0.621,4.66,1.25E+02,1.7,0.0547,1372,835.65,20.9,6021,4.093,1.458,14.348
CONFIRMED,20.4972755,0.966,8.536,2.43E+02,2.96,0.1447,843,119.42,22.8,6021,4.093,1.458,14.348
FALSE POSITIVE,13.55480534,0.497,2.288,4.83E+01,0.62,0.1062,679,50.41,16.5,5370,4.494,0.874,11.157
FALSE POSITIVE,29.74454668,0.337,23.2842,6.69E+04,20.06,0.1773,455,10.1,765,4889,4.569,0.788,11.753
FALSE POSITIVE,14.15402428,1.1,4.47001,6.16E+04,53.25,0.1144,777,86.13,930.3,5850,4.404,1.037,12.932
FALSE POSITIVE,0.844786082,1.297,3.5289,2.47E+03,35.27,0.0167,1864,2846.03,245.6,5705,4.452,0.915,15.363
FALSE POSITIVE,0.848483947,1.264,1.4451,1.91E+03,32.11,0.0177,1908,3117.82,185,5941,4.504,0.936,15.323
FALSE POSITIVE,11.99097576,1.269,5.7401,2.12E+03,37.47,0.1006,880,141.63,102.8,6110,4.352,1.072,14.977
CONFIRMED,53.5292702,0.346,5.668,1.09E+03,2.28,0.2548,348,3.48,34.5,4736,4.624,0.708,14.887
FALSE POSITIVE,0.393726813,1.1898,2.95,5.65E+02,24.17,0.0108,2705,12661.53,64.8,6277,4.449,1.031,15.025
CONFIRMED,2.757584622,0.093,0.9267,5.63E+02,1.01,0.0296,615,33.79,19.6,3683,4.84,0.424,15.597
CONFIRMED,0.928310036,0.181,1.1899,3.76E+02,1.16,0.0159,1115,365.72,22.6,4109,4.672,0.602,15.854
CONFIRMED,13.48457668,0.011,5.0197,6.54E+02,3.39,0.1146,929,176.29,80.8,6198,4.237,1.324,13.914
CONFIRMED,31.8841473,0.938,6.122,9.10E+02,3.7,0.1994,563,23.82,25.3,5779,4.477,0.974,15.368
CANDIDATE,16.15811112,1.8572,6.049,2.32E+03,86.13,0.1233,660,44.83,52.8,5619,4.536,0.874,15.488
FALSE POSITIVE,67.69213907,0.5581,51.349,2.55E+04,175.98,0.4337,1173,448.21,1328.2,5355,2.754,10.703,10.7
CONFIRMED,12.06222962,0.392,2.0584,3.00E+02,1.62,0.0993,750,74.8,32.4,5547,4.451,0.933,13.581
CONFIRMED,9.93146307,0.037,5.678,3.99E+02,2.41,0.0915,931,177.83,26.2,5782,4.28,1.22,15.214
CONFIRMED,21.85362905,0.676,3.439,3.56E+02,1.75,0.1515,618,34.57,23,5830,4.54,0.876,14.246
CONFIRMED,8.19345065,0.815,5.234,1.15E+02,1.74,0.0785,1144,405.75,15.7,6021,4.093,1.458,14.348
FALSE POSITIVE,19.97867,0.923,10.168,9.44E+02,6.85,0.1881,1351,788.02,86.2,9651,4.229,1.895,13.849
CONFIRMED,41.8059544,0.029,6.057,4.34E+02,2.02,0.2329,533,19.02,28.3,5907,4.445,0.973,14.502
FALSE POSITIVE,15.45158184,0.636,2.406,8.53E+01,2.02,0.1499,1285,643.83,21,7839,4.08,2.069,11.798
FALSE POSITIVE,89.69816853,0.684,5.5418,2.73E+05,102.08,0.387,554,22.33,3420.3,6214,4.021,1.583,13.624
FALSE POSITIVE,1.187352427,1.222,4.999,2.07E+04,67.35,0.0236,2251,6067.3,717.4,6424,4.186,1.489,13.623
FALSE POSITIVE,3.012476582,1.261,3.1424,1.14E+03,65.25,0.052,2371,7471.65,253.4,8601,4.137,2.031,12.403
CONFIRMED,4.77800306,0.02,2.7361,4.73E+02,1.85,0.0528,932,177.79,115.4,5192,4.489,0.873,13.04
FALSE POSITIVE,7.814839231,0.945,3.0122,2.01E+03,5.33,0.0771,903,156.74,100,5887,4.499,0.931,15.452
FALSE POSITIVE,29.7452499,0.941,22.695,7.79E+02,3.6,0.1792,557,22.74,55.9,5334,4.372,1.004,15.259
CONFIRMED,5.32667299,0.043,3.4045,6.11E+02,2.26,0.0601,1007,242.97,34.1,5831,4.517,0.921,15.808
FALSE POSITIVE,0.741057213,1.26,1.05299,2.00E+03,26.67,0.0152,1730,2128.29,251.9,5496,4.592,0.776,14.489
FALSE POSITIVE,2.988085455,1.216,3.68,8.03E+02,21.81,0.0392,1101,348.05,48.2,5497,4.577,0.809,15.381
FALSE POSITIVE,2.783883492,1.255,2.4546,9.04E+02,67.17,0.0406,1934,3304.55,86.1,6028,3.835,2.147,14.216
FALSE POSITIVE,0.393727296,1.228,3.02,9.04E+02,23.05,0.0101,2216,5746.51,82.4,5628,4.575,0.808,15.856
CONFIRMED,8.17242644,0.926,3.902,8.64E+02,3.29,0.0779,858,127.95,37,5705,4.499,0.905,15.24
CANDIDATE,1295.362215,1.3935,28.297,8.71E+03,57.82,2.2372,169,0.19,164,5609,4.346,1.048,14.215
CONFIRMED,13.0607936,0.718,3.215,2.37E+02,1.45,0.1075,734,68.66,19.4,5830,4.54,0.876,14.246
CANDIDATE,4.2989201,0.972,2.747,2.38E+02,2.12,0.0492,1046,283.62,20,5300,4.385,0.986,14.613
FALSE POSITIVE,25.9518461,1.22,14.581,1.06E+03,22.32,0.1649,521,17.37,65.8,5372,4.584,0.796,14.576
FALSE POSITIVE,25.9518536,1.25,14.755,2.02E+03,24.6,0.1598,494,14.09,79.4,5198,4.604,0.742,15.342
FALSE POSITIVE,5.68628739,0.8548,17.573,5.56E+03,4.5,0.0607,1059,297.81,414.4,6052,4.442,0.956,14.378
FALSE POSITIVE,15.66388695,0.985,2.4775,5.14E+03,27.36,0.1382,1060,298.77,175.9,5996,3.901,2.221,13.439
FALSE POSITIVE,4.020628573,0.827,4.4085,2.09E+04,16.94,0.0511,1232,543.92,282.6,6210,4.45,1.033,15.472
CANDIDATE,5.714817603,0.096,3.14126,1.23E+04,9.29,0.0597,943,187.27,537.7,5695,4.526,0.842,15.623
FALSE POSITIVE,185.0228822,1.004,4.87326,4.35E+04,49.82,0.6712,379,4.89,938.2,6025,4.237,1.367,14.685
FALSE POSITIVE,2.897432135,0.967,3.1793,1.22E+03,14.35,0.0441,2170,5240,73.9,5970,3.619,2.994,15.036
CONFIRMED,8.70420525,0.5,2.9385,1.07E+03,2.86,0.0772,748,74.13,74,5074,4.474,0.863,15.07
CONFIRMED,8.1280933,0.357,3.727,2.24E+02,1.39,0.0796,875,138.51,10.7,5831,4.517,0.921,15.808
CANDIDATE,2.83668931,0.33,3.031,1.66E+02,1.19,0.0395,1242,562.48,12.1,5831,4.517,0.921,15.808
CONFIRMED,0.974868896,0.12,1.6191,1.98E+02,1.16,0.0187,1612,1605.87,82.6,5487,4.563,0.832,13.507
CONFIRMED,4.89721006,0.66,1.812,2.74E+02,1.48,0.0523,904,157.93,16.9,5093,4.483,0.847,15.456
FALSE POSITIVE,2.757794163,0.8,2.7644,3.90E+04,20.05,0.0378,1231,542.43,349.2,5747,4.514,0.891,15.235
FALSE POSITIVE,1.914158508,0.942,3.2917,7.83E+03,13.63,0.0318,1646,1730.47,124.6,6289,4.407,1.118,14.446
FALSE POSITIVE,3.98216698,0.775,2.396,3.81E+02,3.32,0.0495,1374,842.48,27.1,5570,4.066,1.548,15.035
FALSE POSITIVE,0.643794198,1.193,1.5662,4.57E+02,19.51,0.0142,2011,3852.91,53.7,5958,4.561,0.83,15.103
CONFIRMED,16.08832318,0.648,5.731,5.98E+02,3.42,0.1281,875,138.64,31.3,6157,4.224,1.33,15.319
CONFIRMED,10.30067919,0.004,4.885,2.72E+02,2.2,0.0951,1015,251.55,16.4,6157,4.224,1.33,15.319
CONFIRMED,35.6757453,0.61,7.381,4.71E+02,3.02,0.2178,671,47.96,18.5,6157,4.224,1.33,15.319
CANDIDATE,1.00861677,,0.91,,,,,,,,,,15.319
FALSE POSITIVE,161.7883271,0.267,5.31,8.78E+04,36.14,0.607,375,4.68,704.5,6018,4.327,1.212,15.661
CONFIRMED,16.56806842,0.164,4.2647,1.33E+03,2.54,0.1155,548,21.27,41.9,4987,4.602,0.716,15.391
CONFIRMED,47.3329299,0.43,2.708,9.32E+02,2.18,0.2326,386,5.25,14,4987,4.602,0.716,15.391
FALSE POSITIVE,0.856895349,0.554,1.3078,8.22E+01,0.82,0.0174,1881,2960.82,33.1,6021,4.537,0.873,13.098
CONFIRMED,40.8065333,0.016,13.135,3.14E+02,3.71,0.2641,772,83.75,54.8,6207,3.963,2.097,13.038
CONFIRMED,2.46697039,0.574,1.6345,3.09E+02,1.56,0.0333,1139,398.42,29.5,5074,4.474,0.863,15.07
CANDIDATE,2.624234833,0.781,1.3874,2.61E+03,5.11,0.0368,1164,434.31,361.1,5340,4.514,0.899,13.687
CONFIRMED,6.61836309,0.043,3.6813,5.49E+02,2.98,0.0678,1066,304.65,31.5,5529,4.19,1.294,15.59
CONFIRMED,107.7214092,0.003,8.042,1.40E+03,4.75,0.4352,421,7.39,30.5,5529,4.19,1.294,15.59
CANDIDATE,92.77779,0.0174,6.64,3.59E+02,1.92,0.4083,410,6.7,5.2,5888,4.444,1.019,15.59
FALSE POSITIVE,5.251916208,1.256,4.9095,1.06E+04,37.15,0.0575,952,194.17,146.3,5542,4.52,0.872,15.756
CONFIRMED,9.673958488,0.194,3.2641,9.53E+02,2.63,0.0845,736,69.42,178,5192,4.489,0.873,13.04
FALSE POSITIVE,100.3039228,1.256,8.702,5.45E+03,29.55,0.3925,313,2.26,63.2,5055,4.566,0.772,15.783
FALSE POSITIVE,200.6110335,,7.13,,,,,,,,,,15.783
FALSE POSITIVE,0.986620248,1.252,3.9722,1.35E+03,43.98,0.0197,2308,6719.67,117.7,6243,4.176,1.385,15.022
FALSE POSITIVE,1.63484631,,6.11,,,,,17098.4,,,,,12.647
CONFIRMED,14.12847677,0.811,3.685,6.29E+02,2.73,0.1159,739,70.5,23,5779,4.477,0.974,15.368
CONFIRMED,48.6478543,0.988,5.464,6.42E+02,4.14,0.2642,489,13.57,12.2,5779,4.477,0.974,15.368
CONFIRMED,8.39842977,0.573,6.344,3.40E+02,2,0.0835,984,221.66,28,6309,4.441,1.044,15.291
CONFIRMED,8.63847391,0.049,5.4566,3.96E+02,5.99,0.0951,1419,958.35,38.6,5684,3.657,3.046,14.507
CANDIDATE,422.917678,0.7887,31.274,1.37E+03,5.89,1.1043,292,1.73,61.7,5796,4.12,1.444,13.642
CONFIRMED,140.10765,0.019,18.503,2.67E+02,3.42,0.601,511,16.17,29,6207,3.963,2.097,13.038
CONFIRMED,3.4815917,0.076,1.8069,1.35E+02,1.17,0.0435,1156,421.61,23.4,5405,4.374,1.022,13.615
FALSE POSITIVE,8.360616221,0.21,7.5385,2.81E+04,40.35,0.089,1263,601.6,425.6,5463,3.79,2.445,16.209
FALSE POSITIVE,1.838514968,0.045,2.7391,2.72E+03,4.86,0.0298,1426,974.1,63.7,5751,4.508,0.94,15.373
CONFIRMED,35.61760233,0.009,8.4559,4.63E+03,5.17,0.1916,456,10.19,155,5123,4.523,0.779,15.703
FALSE POSITIVE,1.09206833,0.469,1.8596,2.19E+02,1.29,0.0205,1611,1588.89,45.5,5639,4.551,0.859,14.495
CONFIRMED,10.12805158,0.753,3.517,4.77E+02,1.95,0.0874,767,81.77,38,5676,4.548,0.82,14.743
FALSE POSITIVE,1.613001111,0.448,2.394,1.04E+02,1.25,0.0259,1680,1878.1,19.3,5580,4.223,1.205,13.945
CONFIRMED,3.770551475,0.053,3.8077,1.24E+04,12.05,0.0493,1302,679.75,100.8,6322,4.426,1.075,15.439
FALSE POSITIVE,1.343767797,0.891,1.9405,4.70E+03,18.66,0.0256,2654,11675.38,269.8,6324,3.8,2.312,13.056
FALSE POSITIVE,29.12436474,1.181,3.4209,6.50E+03,15.25,0.1465,356,3.81,63.4,4457,4.767,0.481,15.187
FALSE POSITIVE,31.82814583,1.276,2.917,4.46E+03,35.8,0.1962,564,23.97,78.7,5908,4.507,0.92,15.582
FALSE POSITIVE,3.629442796,0.97,5.63,4.27E+02,3.28,0.0487,1434,1001.35,76.4,6506,4.336,1.217,13.055
FALSE POSITIVE,0.553261874,1.246,0.8875,1.04E+03,97.36,0.0145,3689,43709.08,202.2,5679,3.565,3.142,13.501
CONFIRMED,5.72812616,0.22,2.0295,6.43E+02,1.38,0.0519,569,24.74,20.8,3968,4.714,0.548,15.95
CONFIRMED,3.75574267,0.127,2.2911,4.17E+02,1.58,0.0453,977,215.46,27.9,5311,4.588,0.788,15.764
FALSE POSITIVE,7.44042933,0.968,2.991,5.47E+02,2.74,0.0739,883,144.12,34,5815,4.54,0.877,15.24
CONFIRMED,6.581477136,0.137,3.0896,2.32E+03,4.56,0.0656,881,142.63,116.2,5188,4.4,0.973,15.471
CONFIRMED,24.66919273,0.073,7.03515,7.38E+03,77.76,0.2322,1485,1150.61,603,5313,2.936,9.327,13.224
CONFIRMED,2.382652873,0.682,1.8888,7.05E+02,2.74,0.0333,1237,553.53,45.5,5188,4.4,0.973,15.471
CONFIRMED,24.66461416,0.8,2.8579,2.40E+03,5.34,0.1582,567,24.53,56.7,5188,4.4,0.973,15.471
CONFIRMED,11.51517167,0.311,2.006,1.36E+03,2.9,0.0965,657,43.96,53.2,5177,4.59,0.798,15.386
CONFIRMED,7.641567589,0.027,3.41018,2.27E+03,4.91,0.0729,899,154.25,437.5,5356,4.338,1.055,13.549
FALSE POSITIVE,30.6113932,1.264,3.576,3.47E+03,19.68,0.1575,317,2.38,37.5,3900,4.727,0.534,15.97
CONFIRMED,7.40742502,0.03,3.675,4.42E+02,2.01,0.0745,938,183.15,23.1,5922,4.474,0.961,15.242
FALSE POSITIVE,569.934135,0.919,4.1904,1.89E+04,38.98,1.317,296,1.81,66.7,5367,3.783,2.057,14.645
FALSE POSITIVE,5.09246539,0.161,3.659,2.54E+02,1.17,0.0521,844,119.7,17.1,5037,4.547,0.751,15.162
FALSE POSITIVE,110.6157662,,5,,,,,,,,,,13.62
FALSE POSITIVE,1.103971357,0.52,0.926,3.18E+02,1.37,0.0196,1471,1109.79,21.7,5409,4.609,0.746,15.732
CONFIRMED,10.91610834,0.7699,3.6496,1.48E+03,3.93,0.098,758,78.19,302.2,5575,4.521,0.932,13.113
CONFIRMED,3.353732008,0.051,1.4598,1.26E+03,1.65,0.034,615,33.76,47.8,3789,4.781,0.46,15.438
CONFIRMED,6.877446033,0.79,1.3692,1.63E+03,2.05,0.0549,484,12.95,39.6,3789,4.781,0.46,15.438
CONFIRMED,28.46464804,0.035,2.6657,1.63E+03,1.87,0.1415,301,1.95,28.9,3789,4.781,0.46,15.438
FALSE POSITIVE,0.293630085,1.2329,2.3857,2.02E+03,26.35,0.0084,2503,9283.34,170,5665,4.554,0.843,15.822
CONFIRMED,42.89645024,0.007,5.6897,5.55E+02,2,0.2279,448,9.54,66.8,5192,4.489,0.873,13.04
FALSE POSITIVE,2.44199803,0.856,2.759,2.52E+02,1.44,0.0336,1282,638.05,27.2,5970,4.564,0.796,15.282
CANDIDATE,30.5872153,0.013,5.3698,4.65E+02,2.32,0.1931,621,35.08,33.1,5944,4.38,1.082,14.143
CONFIRMED,7.09712124,0.05,2.1059,3.70E+02,0.74,0.0533,425,7.73,18.3,3569,4.861,0.389,15.649
FALSE POSITIVE,2.6827683,0.769,2.957,7.98E+01,1.19,0.0378,1551,1366.57,26.7,6180,4.262,1.223,13.475
CONFIRMED,3.601465336,0.021,2.2753,7.78E+02,2.31,0.0428,996,232.65,50.7,5052,4.48,0.855,15.733
FALSE POSITIVE,3.108251172,0.9,2.5048,1.87E+03,4.43,0.039,1096,340.69,156.5,5330,4.495,0.847,15.361
CONFIRMED,25.8474958,0.054,5.985,5.37E+02,2.4,0.1761,672,48.23,27.3,6297,4.448,1.031,15.083
CONFIRMED,40.715561,0.008,6.894,6.81E+02,2.7,0.2383,578,26.34,28.9,6297,4.448,1.031,15.083
FALSE POSITIVE,20.42720701,0.956,3.447,1.27E+03,4.42,0.1485,674,48.72,36.7,6014,4.494,0.958,15.163
FALSE POSITIVE,6.198273591,0.343,7.53837,4.73E+04,19.81,0.0657,985,222.23,2561.1,6038,4.524,0.898,15.67
FALSE POSITIVE,1.023471798,0.974,2.3499,8.61E+02,3.78,0.0192,1727,2103.09,63,5741,4.491,0.893,15.381
FALSE POSITIVE,0.51872711,1.199,1.252,7.14E+02,19.07,0.0119,1965,3537.27,93.3,5572,4.597,0.762,15.348
CONFIRMED,17.31711739,0.684,3.1518,1.47E+03,2.04,0.1054,454,10.07,35.9,4719,4.753,0.502,15.759
CONFIRMED,9.42889884,0.011,4.4481,5.65E+02,4.39,0.093,1163,432.9,50.4,5897,3.98,1.86,14.5
FALSE POSITIVE,1.096583368,0.421,2.1188,3.09E+02,1.35,0.0186,1474,1119.9,44.3,5222,4.528,0.763,14.867
CANDIDATE,9.95639775,1.222,5.615,5.11E+02,28.15,0.095,905,158.42,32.9,6161,4.454,1.053,15.22
CONFIRMED,6.50327035,0.08,2.591,4.18E+02,1.67,0.0634,804,98.81,19,4999,4.49,0.843,15.692
CONFIRMED,4.09667624,0.142,2.19,3.02E+02,1.42,0.0466,938,182.9,16.2,4999,4.49,0.843,15.692
CONFIRMED,1.196548464,0.332,1.2592,2.25E+02,1.25,0.0205,1414,945.12,16.5,4999,4.49,0.843,15.692
CONFIRMED,11.47609015,0.755,5.046,1.82E+02,2.07,0.1045,984,221.34,27.7,6071,4.202,1.41,13.908
CONFIRMED,25.2630467,0.743,6.22,1.26E+02,1.71,0.1769,756,77.24,14.3,6071,4.202,1.41,13.908
FALSE POSITIVE,7.1688266,,1.29,,,,,,,,,,15.602
CONFIRMED,0.677374687,0.132,1.8361,7.67E+01,0.9,0.015,2099,4572.56,38.7,5718,4.395,1.037,13.326
CONFIRMED,10.43547031,0.174,3.4167,2.10E+02,1.22,0.0881,759,78.35,36.7,5528,4.499,0.853,13.404
CONFIRMED,7.41084314,0.064,3.245,1.24E+02,0.94,0.0702,850,123.4,25.6,5528,4.499,0.853,13.404
CONFIRMED,28.59914031,0.009,3.6567,1.59E+03,1.83,0.1422,298,1.87,53.8,3755,4.781,0.461,15.19
CONFIRMED,24.58716355,0.648,3.984,9.08E+02,2.37,0.1552,530,18.72,35.6,5474,4.605,0.749,15.598
FALSE POSITIVE,34.19360031,0.625,5.41382,1.37E+04,21.95,0.2155,778,86.74,1405.6,6129,3.991,1.786,13.325
CONFIRMED,12.53248222,0.668,4.0168,1.15E+03,3.24,0.1054,775,85.15,66.7,5997,4.522,0.904,15.485
CANDIDATE,31.20169247,0.001,2.15663,3.45E+04,8.31,0.1498,286,1.59,607.4,3748,4.796,0.449,15.798
CONFIRMED,13.19720694,0.568,3.4872,2.14E+03,4.18,0.1027,642,40.03,116.2,4954,4.462,0.885,15.223
CONFIRMED,14.85890852,0.255,3.5252,3.27E+03,5.94,0.1136,720,63.52,456.8,5356,4.338,1.055,13.549
CONFIRMED,4.08897299,0.374,3.585,1.58E+02,2.36,0.0533,1537,1317.96,19,5897,3.98,1.86,14.5
FALSE POSITIVE,2.866680334,0.968,1.1264,7.12E+02,2.93,0.0373,1045,282.64,43,5238,4.598,0.764,15.028
CONFIRMED,17.44486016,0.871,4.445,8.27E+02,3.24,0.1263,679,50.32,46,5568,4.413,0.966,15.007
FALSE POSITIVE,8.30697421,1.151,2.76,1.59E+02,37.99,0.0747,1246,570.93,17.4,5300,3.69,2.124,13.838
FALSE POSITIVE,2.49705175,,3.79,,,,,,,,,,10.266
CONFIRMED,7.33685101,0.018,3.548,3.26E+02,1.52,0.0724,875,138.46,21.6,5795,4.554,0.848,15.302
FALSE POSITIVE,22.65117451,0.925,3.6895,2.25E+03,7.62,0.1721,855,126.57,170.1,6968,4.31,1.333,13.682
FALSE POSITIVE,1.204274435,0.528,1.3362,1.86E+02,1.19,0.0217,1564,1413.91,34.7,5668,4.552,0.849,14.415
CONFIRMED,7.71790675,0.112,1.84,3.07E+02,0.9,0.0621,502,15.01,12.6,3975,4.753,0.509,15.233
CONFIRMED,27.6652847,0.004,6.633,4.69E+02,2.21,0.1754,641,39.94,36.1,6036,4.396,1.017,14.609
FALSE POSITIVE,0.948950734,1.246,4.0245,2.13E+03,36.87,0.0198,2103,4636.91,238.6,6307,4.391,1.133,14.909
CONFIRMED,14.55730897,0.036,7.7643,9.57E+02,4.32,0.1186,879,141,200,5774,4.159,1.412,13.397
FALSE POSITIVE,4.722254104,0.506,3.451,8.27E+04,14.45,0.0443,557,22.67,314.1,3801,4.776,0.488,13.987
FALSE POSITIVE,0.635069939,1.25,2.07171,3.31E+04,57.77,0.015,2351,7193.72,578.6,6340,4.434,1.058,14.539
CANDIDATE,6.810823723,0.57,7.98574,1.44E+04,26.06,0.0798,1626,1656.16,1441.9,7226,3.967,2.079,12.628
FALSE POSITIVE,0.933746515,1.262,6.6522,2.94E+03,25.54,0.0169,1508,1222.25,549.5,5252,4.596,0.716,14.658
FALSE POSITIVE,1.872421727,0.917,1.5261,3.02E+03,5.65,0.0271,1298,672.92,179,5337,4.486,0.825,15.29
CONFIRMED,33.6528474,0.567,3.9616,1.14E+03,3.05,0.1916,470,11.5,41.9,4954,4.462,0.885,15.223
CONFIRMED,5.90127815,0.03,2.1979,1.53E+03,1.94,0.051,514,16.54,56.6,3731,4.75,0.498,15.801
CONFIRMED,8.75209691,0.017,2.3742,1.37E+03,1.83,0.0664,451,9.76,44.8,3731,4.75,0.498,15.801
CONFIRMED,22.78078241,0.008,3.3002,1.93E+03,2.17,0.1256,328,2.73,46.4,3731,4.75,0.498,15.801
CONFIRMED,2.896005211,0.082,1.6776,6.14E+02,1.23,0.0318,652,42.53,28.6,3731,4.75,0.498,15.801
CONFIRMED,0.742957911,0.162,0.6688,8.43E+02,1.47,0.0128,1026,262.51,45.3,3731,4.75,0.498,15.801
FALSE POSITIVE,54.35635067,1.142,6.4345,1.05E+04,38.81,0.2898,566,24.18,628.1,6161,4.281,1.255,12.899
FALSE POSITIVE,0.54624855,1.215,2.0543,6.40E+02,18.93,0.0121,1837,2677.36,42.9,5414,4.625,0.714,15.996
CONFIRMED,18.82744023,0.025,4.664,1.01E+03,2.7,0.1353,632,37.82,29.5,5687,4.538,0.86,15.762
FALSE POSITIVE,8.4120069,0.022,3.923,8.20E+02,1.71,0.0703,590,28.69,39.7,4502,4.668,0.621,15.156
CONFIRMED,5.747711909,0.575,1.8923,8.20E+02,1.86,0.054,641,40.07,51.7,4252,4.64,0.632,14.496
CONFIRMED,3.504691252,0.741,1.9811,3.15E+02,2.03,0.0434,1165,435.21,67.5,5356,4.338,1.055,13.549
FALSE POSITIVE,0.995861402,1.256,1.1507,4.99E+03,26.93,0.0176,1477,1124.35,272,5286,4.604,0.706,15.577
CONFIRMED,86.67856052,0.291,10.1289,8.24E+03,9.83,0.3779,434,8.41,318.3,5822,4.351,1.081,14.696
CONFIRMED,12.21828097,0.778,2.6969,1.84E+03,5.1,0.1024,835,114.59,90.1,5822,4.351,1.081,14.696
FALSE POSITIVE,8.387210055,1.284,1.6477,4.95E+03,72.52,0.0882,1211,509.55,180.6,6089,4.044,1.795,14.01
FALSE POSITIVE,15.2384539,0.74,19.292,7.02E+03,9.84,0.1253,829,111.67,56,6384,4.419,1.086,15.148
FALSE POSITIVE,0.413334492,1.2313,2.3808,2.03E+03,31.52,0.0112,2509,9374.09,236.9,5973,4.465,1.016,14.784
FALSE POSITIVE,0.93374614,1.27,6.551,1.72E+03,149.71,0.0228,3303,28084.15,365.7,5438,3.424,4.319,13.964
FALSE POSITIVE,6.47179275,0.014,6.788,4.03E+02,2.08,0.0699,1075,316,30.7,6341,4.446,1.033,15.403
CONFIRMED,64.617518,0.9,5.796,2.49E+03,5.4,0.297,383,5.09,61.9,5043,4.47,0.881,15.332
CONFIRMED,13.21409607,0.812,3.5641,1.15E+03,2.77,0.1019,629,36.95,38,5333,4.62,0.728,15.987
CONFIRMED,6.05729966,0.219,3.7419,3.85E+02,1.94,0.062,947,189.98,35.1,5334,4.372,1.004,14.678
CONFIRMED,3.584101048,0.045,2.7316,2.61E+03,4.66,0.0462,1131,386.66,166.3,5739,4.518,0.922,15.954
CONFIRMED,1.763587535,0.512,3.16877,4.59E+03,21.42,0.0386,3559,37958.27,4061.9,9107,3.867,3.031,9.958
CONFIRMED,5.014234733,0.066,4.589,6.54E+03,10.63,0.0626,1308,692.13,794.3,6490,4.32,1.307,13.797
CONFIRMED,8.11528727,0.916,3.211,8.35E+02,3.1,0.0785,879,140.92,59.1,5926,4.532,0.887,15.219
CONFIRMED,36.9250409,0.838,4.9381,9.02E+02,3.01,0.2155,530,18.7,39.3,5926,4.532,0.887,15.219
FALSE POSITIVE,37.4783492,1.161,5.317,1.47E+03,10.05,0.1692,262,1.12,18.3,3687,4.813,0.44,15.501
FALSE POSITIVE,8.09695764,1.165,3.319,2.84E+02,34,0.0821,1197,484.58,35.4,5949,4.024,1.707,13.295
CONFIRMED,32.3122867,0.934,6.569,6.78E+02,4.84,0.2015,699,56.49,33.6,5821,4.108,1.494,14.757
CONFIRMED,9.22961384,0.067,2.235,4.92E+02,2.79,0.0933,1021,257.11,19.3,6320,4.347,1.252,15.399
CONFIRMED,14.5598556,0.026,5.624,2.91E+02,1.64,0.116,758,78.26,15.6,5959,4.46,0.966,15.16
CONFIRMED,4.176254191,0.715,3.6716,1.36E+03,3.07,0.0483,876,139.48,249.7,4957,4.594,0.776,13.698
FALSE POSITIVE,0.528755447,1.204,5.714,4.09E+02,47.75,0.0134,3271,27241.45,100.1,6151,3.92,1.954,14.662
CONFIRMED,6.10027621,0.015,4.7476,7.67E+02,2.59,0.066,990,227.15,43.2,5957,4.506,0.937,15.678
CANDIDATE,51.59809554,0.251,2.0153,5.87E+03,6.57,0.2675,449,9.61,79.7,5681,4.551,0.859,15.617
CANDIDATE,1500,0.9243,7.109,9.59E+03,9.8,2.4144,139,0.09,62.5,5606,4.597,0.76,14.709
FALSE POSITIVE,10.9110487,0.9761,7.033,4.02E+02,2.36,0.0949,786,90.07,28.3,5903,4.546,0.864,15.172
CONFIRMED,8.408878137,0.018,3.4967,7.99E+02,2.28,0.0744,809,101.22,147.2,5551,4.508,0.812,13.771
CONFIRMED,10.93725572,0.866,3.0822,4.22E+02,2.41,0.092,777,86.28,24.6,5334,4.372,1.004,14.678
CONFIRMED,2.97136658,0.349,2.716,2.33E+02,1.52,0.0386,1200,490.13,25.6,5334,4.372,1.004,14.678
CONFIRMED,158.6850022,0.034,11.5372,8.98E+02,3.08,0.5444,350,3.53,97.4,5751,4.34,1.034,12.783
CONFIRMED,2.936527336,0.524,1.771,3.52E+02,1.92,0.0383,1209,505.22,34.7,5359,4.375,1.002,14.968
CONFIRMED,7.03902016,0.015,3.8633,5.30E+02,2.45,0.0744,1051,288.92,54.3,6321,4.434,1.058,15.067
CONFIRMED,8.360870704,0.494,2.7144,2.04E+03,3.67,0.0744,690,53.68,120.9,4743,4.516,0.81,15.223
FALSE POSITIVE,3.14051153,1.251,8.2806,1.44E+03,31.01,0.0414,1306,689.48,139.5,6108,4.443,0.974,15.246
CONFIRMED,21.76129812,0.123,1.243,1.30E+03,2.53,0.1401,486,13.18,60,4859,4.612,0.72,12.559
FALSE POSITIVE,12.71379418,0.485,2.44093,3.67E+04,2.31,0.0485,181,0.26,2981.3,2661,5.283,0.116,13.102
FALSE POSITIVE,15.80110003,0.512,6.37505,3.75E+04,15.61,0.118,614,33.6,1642.2,5383,4.587,0.789,15.513
CANDIDATE,1500.140677,0.9131,25.727,4.13E+03,18.35,2.634,206,0.42,83.3,5009,3.755,2.283,13.862
FALSE POSITIVE,1.739428983,4.246,2.4894,5.90E+03,268.65,0.0263,1268,612.49,130,5415,4.603,0.742,15.929
FALSE POSITIVE,1.217266418,0.878,3.3208,5.81E+03,14.49,0.0248,2378,7548.29,603.4,6631,4.145,1.638,13.371
FALSE POSITIVE,19.56309252,0.842,6.9547,1.30E+04,23.76,0.1473,965,205.39,2477,6208,3.959,1.831,11.115
FALSE POSITIVE,3.7228551,0.911,12.8164,2.97E+03,5.67,0.0464,1118,368.33,294.8,5873,4.547,0.863,15.513
FALSE POSITIVE,48.93786896,0.981,6.5868,7.24E+03,24.19,0.2934,764,80.37,445.7,7066,4.094,1.761,13.96
FALSE POSITIVE,5.48990788,1.199,4.02,5.99E+02,23.6,0.0619,1039,275.65,36.7,5982,4.493,0.96,15.03
CONFIRMED,161.5278347,0,3.6734,4.65E+03,8.19,0.5874,366,4.25,54.7,5778,4.285,1.213,15.435
FALSE POSITIVE,0.73093905,0.018,2.8437,4.51E+02,1.45,0.0142,1488,1159.62,52.4,4768,4.588,0.711,15.736
CONFIRMED,11.39102358,0.732,2.303,4.49E+02,1.67,0.092,618,34.55,10.5,4983,4.617,0.728,15.681
CONFIRMED,12.33343853,0.979,6.221,5.36E+02,4.12,0.1003,915,165.3,31.7,5896,4.197,1.24,14.925
CONFIRMED,8.01500821,0.645,3.0137,3.63E+02,2,0.0748,865,132.46,28.6,5359,4.375,1.002,14.968
FALSE POSITIVE,0.933749941,1.225,6.606,4.15E+02,12.93,0.015,919,168.44,88.8,3682,4.786,0.48,14.96
CONFIRMED,7.053934488,0.899,1.7244,5.12E+02,2.36,0.0684,840,117.33,56.3,5357,4.498,0.863,13.916
CONFIRMED,4.29263699,0.454,2.7,6.14E+01,0.68,0.0491,991,227.69,11.4,5357,4.498,0.863,13.916
CONFIRMED,7.6746614,0.939,1.9374,5.03E+02,2.8,0.0781,957,198.67,20.8,6063,4.47,1.001,15.44
FALSE POSITIVE,0.445275074,0.639,2.276,2.55E+02,1.21,0.0106,1950,3419.7,86.3,5346,4.621,0.725,14.507
CONFIRMED,1.213770423,0.83,0.5532,1.82E+03,0.78,0.0113,525,18.03,111.4,3292,5.215,0.148,15.92
CONFIRMED,0.453287416,0.81,0.4445,1.46E+03,0.76,0.0059,729,66.14,150.4,3292,5.215,0.148,15.92
FALSE POSITIVE,10.81013273,0.948,4.4618,6.17E+03,13.95,0.0993,985,222.68,806.5,6211,4.269,1.284,13.794
CONFIRMED,1.865114193,0.785,0.4279,1.12E+03,0.66,0.0151,455,10.1,56.9,3292,5.215,0.148,15.92
FALSE POSITIVE,3.273699006,0.733,3.07626,6.86E+03,22.36,0.0606,3060,20728.79,1293.1,10816,4.086,2.493,13.234
FALSE POSITIVE,7.047103499,1.047,3.3208,7.13E+04,51.86,0.0725,955,196.62,274.9,5730,4.417,1.035,13.361
FALSE POSITIVE,0.530300102,1.2507,2.8502,3.04E+03,35.73,0.0133,2410,7972.18,207.4,6184,4.448,1.038,15.435
FALSE POSITIVE,1.073917869,1.266,2.4305,1.93E+03,33.01,0.0206,1794,2450.63,137.5,5962,4.479,0.959,15.686
FALSE POSITIVE,4.206096814,1.239,10.7381,1.30E+03,32.66,0.0531,1252,581.11,149.3,6306,4.426,1.076,14.081
FALSE POSITIVE,19.56313723,0.908,6.8575,5.54E+03,9.73,0.1398,706,58.71,157.8,5766,4.352,1.077,14.035
FALSE POSITIVE,2.227718792,1.04,4.9699,1.04E+03,8.88,0.0334,1400,906.46,124.3,6038,4.508,0.922,14.85
FALSE POSITIVE,0.591914504,1.344,1.0225,1.06E+03,27.21,0.0123,1646,1746.78,56.3,5122,4.659,0.655,15.643
CONFIRMED,36.7704935,0.545,4.42,1.35E+03,2.83,0.2036,437,8.6,40.8,5142,4.602,0.755,15.596
CONFIRMED,14.58932429,0.694,2.4184,8.31E+02,2.32,0.1099,594,29.53,29.3,5142,4.602,0.755,15.596
CONFIRMED,0.764017553,0.442,1.103,1.28E+02,0.86,0.0154,1589,1503.79,13.2,5142,4.602,0.755,15.596
CONFIRMED,59.8780258,0.004,4.8027,1.42E+03,2.19,0.2522,273,1.31,51.8,4016,4.658,0.599,14.995
CANDIDATE,20.51360192,0.703,3.4769,1.17E+03,2.58,0.1323,540,20.15,32.3,5310,4.608,0.704,15.406
CONFIRMED,74.92768653,0.796,4.74,4.12E+03,6.39,0.3292,409,6.62,161.5,5618,4.46,0.897,14.232
CONFIRMED,150.0189511,1.252,4.3823,4.32E+03,32.6,0.523,325,2.62,106.2,5618,4.46,0.897,14.232
CONFIRMED,2.613020421,0.891,1.9588,6.00E+02,1.5,0.0298,713,61.24,31.1,3883,4.725,0.517,15.84
CONFIRMED,0.927859786,0.795,1.4279,5.15E+02,1.79,0.017,1361,813.3,99.8,4815,4.631,0.699,14.631
CONFIRMED,205.912735,0.196,9.992,2.38E+03,4.68,0.6785,298,1.85,49.4,5644,4.457,0.969,15.531
CONFIRMED,7.10695741,0.079,5.1462,1.31E+02,1.72,0.0733,1157,422.8,33.8,5761,4.091,1.518,13.438
CANDIDATE,0.783276173,0.041,1.6735,2.65E+02,1.98,0.0165,2149,5056.88,46.9,5640,4.247,1.233,15.005
CANDIDATE,3.17405898,0.422,2.3156,2.82E+02,2.09,0.042,1348,780.46,29.2,5640,4.247,1.233,15.005
CONFIRMED,2.1395563,0.368,2.0678,2.66E+02,1.76,0.0317,1425,974.3,48.9,5534,4.338,1.08,14.466
CONFIRMED,4.807103254,0.94,0.9393,4.51E+02,2.96,0.0544,1088,330.84,32.9,5534,4.338,1.08,14.466
CONFIRMED,21.4054422,0.943,11.721,4.09E+02,11.64,0.1681,1087,330,60.9,4838,3.299,4.361,12.44
CONFIRMED,10.5007712,0.034,14.522,1.83E+02,5.68,0.1046,1378,852.28,45.3,4838,3.299,4.361,12.44
CONFIRMED,2.633852528,0.204,2.0206,2.60E+02,1.38,0.0349,1131,387.43,23.3,5114,4.463,0.878,15.173
CONFIRMED,6.18670882,0.013,2.909,2.03E+02,1.21,0.0617,851,123.96,14.3,5114,4.463,0.878,15.173
CONFIRMED,1.796320953,0.015,1.9139,2.11E+02,1.2,0.0268,1367,827.82,22.1,5576,4.503,0.829,15.587
CONFIRMED,3.468073,0.143,2.361,2.44E+02,1.29,0.0416,1098,343.57,20.6,5576,4.503,0.829,15.587
CONFIRMED,5.9142668,0.04,2.661,2.53E+02,1.31,0.0594,919,168.51,17.4,5576,4.503,0.829,15.587
CONFIRMED,14.00640392,0.568,4.6919,7.16E+02,3.11,0.1126,807,100.09,109.3,5788,4.323,1.124,13.837
CONFIRMED,3.546531809,0.633,2.2746,4.43E+02,2.18,0.0469,1212,510.26,26.4,5993,4.489,0.986,15.934
CONFIRMED,5.70070626,0.664,1.6408,3.80E+02,2.03,0.0644,1035,270.62,15.2,5993,4.489,0.986,15.934
CONFIRMED,20.8341497,0.269,4.522,8.03E+02,2.26,0.1389,563,23.82,26.2,5296,4.538,0.808,15.956
CONFIRMED,7.0556584,0.301,3.0479,7.06E+02,2.13,0.0675,808,100.88,32.1,5296,4.538,0.808,15.956
CONFIRMED,10.47548084,0.664,2.3024,1.07E+03,2.11,0.0811,540,20.15,40.3,4463,4.677,0.611,15.415
CONFIRMED,22.92886314,0.805,2.0831,9.09E+02,2.08,0.1367,416,7.09,21.3,4463,4.677,0.611,15.415
CONFIRMED,77.4740991,0.758,4.168,1.54E+03,2.63,0.3078,277,1.4,27.5,4463,4.677,0.611,15.415
CANDIDATE,345.1589354,0.87,7.5646,5.09E+03,7.79,0.9746,241,0.8,197.9,5597,4.515,0.931,13.46
CONFIRMED,6.88595222,0.953,4.148,4.29E+02,2.68,0.0685,946,189.35,34.5,5616,4.394,0.999,15.017
CANDIDATE,99.6442783,0.966,5.1772,3.22E+03,8.48,0.4283,415,6.98,163.2,6102,4.447,1.016,13.75
FALSE POSITIVE,3.125814002,0.506,1.7895,2.39E+02,1.88,0.0436,1460,1073.04,32,6358,4.346,1.181,14.521
CONFIRMED,5.660669429,0.477,4.6483,7.38E+02,3.24,0.0606,1115,365.53,201.1,5746,4.266,1.173,13.494
FALSE POSITIVE,10.80487163,0.207,2.7215,2.93E+02,1.71,0.098,857,127.84,27.4,6092,4.471,0.998,14.503
CONFIRMED,13.71938426,0.022,5.5677,3.16E+02,1.98,0.1174,864,131.94,48.3,6387,4.41,1.105,14.2
CONFIRMED,29.2214959,0.779,4.014,3.94E+02,1.81,0.1723,539,20.03,14.6,5576,4.503,0.829,15.587
CONFIRMED,44.8520997,0.807,3.5729,7.81E+02,3.35,0.2409,513,16.35,33,5514,4.345,1.071,14.775
CONFIRMED,20.34237838,0.826,2.3351,5.65E+02,2.88,0.1422,667,46.93,28.7,5514,4.345,1.071,14.775
CONFIRMED,118.3786735,0.011,9.5574,1.08E+03,3.4,0.4596,376,4.75,83.1,5657,4.364,1.046,13.709
CONFIRMED,23.58444746,0.711,5.5545,4.29E+02,3,0.1583,730,66.96,42.8,5655,4.152,1.354,13.971
CONFIRMED,11.97884409,0.073,3.751,7.08E+02,2.11,0.096,678,49.87,27.8,5296,4.538,0.808,15.956
CONFIRMED,3.71545593,0.327,2.558,3.32E+02,1.46,0.044,1001,237.42,19.6,5296,4.538,0.808,15.956
CONFIRMED,2.58083264,0.16,2.1729,2.70E+02,1.31,0.0345,1130,386.18,17.5,5296,4.538,0.808,15.956
FALSE POSITIVE,1.487084251,0.678,1.3233,2.96E+02,1.6,0.0255,1462,1076.29,17.9,5650,4.551,0.876,15.52
CONFIRMED,19.25404023,0.548,4.6509,9.88E+02,3.04,0.1424,657,44.17,50.7,5798,4.507,0.941,15.368
CONFIRMED,15.0549356,0.321,4.801,2.56E+02,1.6,0.1154,729,66.72,16.6,5616,4.394,0.999,15.017
CONFIRMED,2.92721119,0.043,2.545,1.70E+02,1.29,0.0387,1258,593.23,18,5616,4.394,0.999,15.017
CONFIRMED,38.2856338,0.115,6.512,3.23E+02,1.77,0.2149,534,19.24,15,5616,4.394,0.999,15.017
CONFIRMED,19.80787763,0.054,3.453,6.16E+02,2.08,0.1399,624,35.89,20.1,5775,4.558,0.84,15.65
CONFIRMED,2.343230566,0.047,2.0424,2.47E+02,1.18,0.0315,1054,292.31,23.9,4798,4.533,0.782,14.782
CANDIDATE,19.03723442,0.033,3.3882,4.01E+02,5.74,0.1404,1051,288.04,25.3,5248,3.523,2.892,14.898
FALSE POSITIVE,2.73987398,0.703,4.15886,2.06E+04,34.83,0.0419,2113,4705.3,1454.3,6520,3.844,2.26,11.743
FALSE POSITIVE,5.801880653,0.773,4.2608,4.19E+04,19.91,0.0626,964,203.62,396.8,5845,4.541,0.874,15.359
FALSE POSITIVE,85.34092607,12.773,10.6141,5.17E+04,1177.65,0.3768,409,6.61,898.4,6004,4.522,0.898,15.252
FALSE POSITIVE,0.782045734,1.244,1.7945,1.62E+04,45.05,0.0169,2070,4332.1,272.3,6113,4.463,0.995,14.912
CANDIDATE,0.576078683,1.113,1.63253,1.01E+04,23.23,0.0131,1982,3647.63,426,5693,4.57,0.816,15.237
CONFIRMED,10.1171684,0.296,4.6677,2.89E+02,3.07,0.1024,1163,433.41,50.6,6306,4.077,1.792,13.832
CONFIRMED,19.12947603,0.861,3.9622,4.51E+02,4.23,0.1439,817,105.25,31.7,5372,4.007,1.71,14.569
CONFIRMED,83.5781976,0.544,7.2487,6.31E+02,6.63,0.4256,655,43.62,54.9,6056,3.788,2.562,13.498
CONFIRMED,6.1469956,0.083,3.3153,2.50E+02,2.04,0.0695,1164,433.72,25.8,6110,4.285,1.296,14.706
FALSE POSITIVE,0.522457732,0.967,0.8907,1.44E+02,1.52,0.0125,2308,6715.55,48.2,5991,4.459,0.954,13.343
CONFIRMED,54.1558384,0.927,4.432,1.11E+03,3.88,0.2838,466,11.12,29.1,5798,4.507,0.941,15.368
CONFIRMED,3.548465446,0.075,4.56904,7.25E+03,14.92,0.05,1640,1708.28,2486.5,6290,4.074,1.746,13.369
CONFIRMED,11.1199028,0.72,3.3759,6.36E+02,2.08,0.0911,649,42.07,100.3,5078,4.581,0.766,13.536
CONFIRMED,0.567856484,0.324,1.0258,3.35E+02,1.55,0.0125,1848,2760.23,53.8,5073,4.483,0.853,15.055
FALSE POSITIVE,251.0597249,1.264,5.1095,7.42E+03,44.2,0.7637,301,1.93,110.3,5714,4.34,1.086,14.695
FALSE POSITIVE,11.70219638,1.166,2.6658,6.40E+02,16.15,0.0951,719,63.16,41.3,5758,4.596,0.762,13.579
CONFIRMED,40.7150498,0.638,8.587,5.64E+02,2.2,0.2293,516,16.76,56.4,5968,4.534,0.881,14.201
CONFIRMED,10.44635944,0.967,2.749,3.54E+02,2.18,0.0926,812,102.77,34.4,5968,4.534,0.881,14.201
CONFIRMED,2.508553286,0.009,2.2664,2.12E+02,1.28,0.0355,1278,629.8,26.8,5814,4.523,0.881,14.271
CONFIRMED,13.75129636,0.359,3.853,3.49E+02,1.66,0.1103,725,65.24,24.6,5814,4.523,0.881,14.271
FALSE POSITIVE,0.885747456,1.205,4.4788,8.95E+02,269.98,0.0248,4958,142553.16,203.6,5487,2.816,10.396,12.686
FALSE POSITIVE,3.611541977,1.254,8.6068,2.97E+03,28.07,0.0419,1005,240.29,167.1,5203,4.504,0.802,15.736
CONFIRMED,8.041347775,0.26,2.6332,5.91E+02,1.29,0.0648,507,15.59,77.5,3980,4.722,0.54,13.738
FALSE POSITIVE,5.082722475,0.019,5.9139,1.97E+03,4.4,0.058,1059,296.94,95.5,5780,4.438,1,12.777
CANDIDATE,78.9257421,0.359,7.5193,1.80E+04,11.9,0.3578,398,5.94,85.2,5750,4.538,0.882,15.913
FALSE POSITIVE,9.991625291,1.256,3.8552,3.45E+03,38.93,0.0894,907,160.14,220.3,5874,4.338,1.096,14.039
CONFIRMED,8.57504983,0.129,8.653,1.61E+02,4.26,0.0888,1374,841.68,36.9,4986,3.462,3.464,13.242
CANDIDATE,6.84639884,0.9,3.4919,1.50E+02,1.9,0.0732,1132,387.84,36.3,6065,4.251,1.31,13.137
CONFIRMED,7.64970832,0.898,6.625,5.54E+01,1.43,0.0822,1144,404.99,28.5,5855,4.125,1.613,11.926
CANDIDATE,12.37679312,,3.85,,,,,,,,,,11.926
CONFIRMED,10.30401132,0.017,4.2246,3.16E+02,1.84,0.0903,849,122.98,53.8,5657,4.364,1.046,13.709
FALSE POSITIVE,2.171827838,1.323,3.2205,4.21E+04,58.56,0.0322,1311,698.31,300.6,5650,4.513,0.891,15.58
CONFIRMED,3.016182013,0.732,2.8349,2.23E+02,2.25,0.0408,1449,1044.49,31.9,5611,4.144,1.4,14.878
CONFIRMED,6.8833761,0.075,2.2702,4.58E+02,1.69,0.0678,857,127.67,28.1,5679,4.581,0.794,14.931
FALSE POSITIVE,0.833980196,0.547,1.756,2.61E+02,1.45,0.017,1816,2562.78,56.9,5747,4.53,0.871,14.657
FALSE POSITIVE,69.62754202,,11.07,,,,,,,,,,15.384
FALSE POSITIVE,1.926353494,0.767,2.5305,1.85E+02,1.33,0.0292,1484,1146.34,36.9,6063,4.481,0.899,14.618
FALSE POSITIVE,0.890737359,1.146,1.9257,1.96E+02,20.57,0.018,2022,3948.43,37.7,5687,4.293,1.169,14.624
CONFIRMED,5.41908491,0.536,2.3379,2.31E+02,1.38,0.0593,989,225.71,20.2,5814,4.523,0.881,14.271
CONFIRMED,7.01733571,0.581,3.567,2.56E+02,1.61,0.0712,984,221.46,15.5,6052,4.456,0.967,15.28
CONFIRMED,6.91134223,0.259,5.6743,2.02E+02,1.9,0.072,1086,328.65,44,5685,4.194,1.35,14.056
CONFIRMED,394.6249514,0.336,24.108,2.01E+03,7.79,1.1088,325,2.65,234.6,5910,4.03,1.727,12.849
CONFIRMED,7.19304935,0.017,3.407,2.55E+02,1.59,0.0744,995,232.36,19,6185,4.472,0.991,15.451
CONFIRMED,86.64764448,0,4.2326,7.31E+03,9.4,0.3786,419,7.28,241.9,5522,4.323,1.12,14.651
CONFIRMED,36.33750453,0.825,7.06,2.83E+03,5.3,0.2137,513,16.36,96.8,5717,4.538,0.884,15.773
CONFIRMED,14.64613058,0.561,5.688,5.94E+02,2.22,0.1166,694,54.95,30,5717,4.538,0.884,15.773
CONFIRMED,148.272013,0.883,4.192,1.71E+03,4.3,0.5456,321,2.51,21.8,5717,4.538,0.884,15.773
FALSE POSITIVE,1.506507172,1.226,4.5346,8.81E+02,13.4,0.0202,801,97.56,86.7,3755,4.774,0.473,15.591
FALSE POSITIVE,1.634614356,1.229,3.4422,1.98E+04,44.22,0.0272,1611,1597.73,376.5,6121,4.468,0.97,15.31
FALSE POSITIVE,16.02501898,13.239,3.8828,2.91E+04,1069.01,0.1187,657,44.01,257.8,5776,4.582,0.789,15.484
CONFIRMED,10.50682978,0.407,3.7769,1.34E+04,9.01,0.0895,668,47.21,343.4,5127,4.589,0.782,15.95
FALSE POSITIVE,0.711966971,1.268,2.0221,6.23E+03,33.34,0.0141,1855,2808.98,392.2,5486,4.47,0.83,15.469
FALSE POSITIVE,17.72724392,0.825,4.1073,1.69E+04,14.77,0.1364,741,71.06,109.7,6181,4.464,1.006,15.073
CONFIRMED,321.2124365,0.873,4.012,2.36E+03,7.25,0.9453,310,2.17,81.7,6018,4.257,1.286,13.709
FALSE POSITIVE,7.13895376,1.199,4.568,2.54E+02,49.96,0.0807,1622,1635,32.9,7131,3.913,2.145,13.997
FALSE POSITIVE,4.4645454,0.808,2.8823,1.94E+02,3.07,0.0559,1601,1555.36,37.6,6093,3.91,1.985,13.51
CONFIRMED,11.29689442,0.634,4.623,1.99E+02,1.74,0.1033,907,160.18,20.9,6096,4.358,1.176,14.788
FALSE POSITIVE,19.30112039,0.862,6.0752,2.32E+02,1.66,0.1324,669,47.49,45,5687,4.408,0.943,13.601
FALSE POSITIVE,1.20320092,1.274,1.9197,2.81E+03,49.25,0.0225,2124,4809.16,250.8,6218,4.198,1.349,11.374
CONFIRMED,5.968724048,0.166,3.651,5.11E+02,3.26,0.067,1251,579.9,107.1,6122,4.173,1.439,13.717
FALSE POSITIVE,10.9802462,0.733,3.74464,5.01E+04,21.94,0.0917,821,107.47,1555.4,5952,4.462,0.897,14.212
CONFIRMED,2.144632238,1.228,6.2701,1.98E+04,59.19,0.0334,1736,2146.82,334.8,6296,4.24,1.305,13.48
FALSE POSITIVE,27.32204488,0.257,5.6716,7.75E+04,21.58,0.1682,531,18.81,3622.7,5620,4.592,0.772,13.552
FALSE POSITIVE,1.152216965,0.811,2.2245,1.21E+04,187.73,0.0326,5283,183811.71,104.5,5560,2.619,15.113,13.63
FALSE POSITIVE,5.2972293,0.022,3.799,1.21E+03,47.7,0.0726,2867,15961.1,31.8,4631,2.386,14.296,13.85
CONFIRMED,133.460999,0.249,11.4997,5.03E+03,11.21,0.5167,433,8.29,162.3,5588,4.047,1.593,15.12
CONFIRMED,5.188563677,0.179,2.3683,3.59E+02,1,0.0484,586,27.95,56.4,3980,4.722,0.54,13.738
CONFIRMED,15.19423359,0.906,3.106,3.68E+02,3.69,0.1214,893,150.25,18.1,5588,4.047,1.593,15.12
FALSE POSITIVE,14.17098745,0.041,3.4804,3.07E+03,4.19,0.1068,608,32.22,93.6,5107,4.565,0.777,15.379
FALSE POSITIVE,31.9734169,1.24,13.262,1.41E+03,24.1,0.1876,442,9.01,62.5,4931,4.595,0.774,15.527
CONFIRMED,3.990105908,0.582,2.4108,6.15E+03,7.45,0.0493,1124,378.53,247.8,5926,4.519,0.913,15.572
FALSE POSITIVE,0.52205862,1.24,2.0847,1.38E+03,27.16,0.012,2022,3951.57,169,5359,4.478,0.878,15.636
CONFIRMED,10.03538181,0.079,3.4062,2.83E+03,4.42,0.0886,786,90.33,150.9,5813,4.561,0.833,15.062
FALSE POSITIVE,53.10094262,0.988,2.2868,2.00E+04,24.02,0.263,464,10.93,1108.5,5465,4.396,0.973,12.907
FALSE POSITIVE,5.80181368,0.967,4.119,2.70E+02,4.52,0.0665,1491,1168.82,35.3,6020,3.86,2.097,13.752
FALSE POSITIVE,15.6402515,1.167,6.222,8.00E+02,18.11,0.1123,640,39.55,19.3,5346,4.491,0.826,15.908
FALSE POSITIVE,0.691666384,0.552,1.9603,3.56E+01,0.58,0.0144,2031,4014.57,20.8,5687,4.408,0.943,13.601
CONFIRMED,5.62154315,0.742,2.4143,1.72E+02,1.37,0.0603,992,229.04,35.3,5637,4.439,0.96,13.687
FALSE POSITIVE,1.074106954,0.122,1.9797,6.45E+01,0.52,0.0184,1255,588.96,48.5,4699,4.637,0.676,11.748
FALSE POSITIVE,5.117401517,0.683,4.3056,6.29E+04,28.41,0.0609,1130,385.51,456.6,6161,4.454,1.053,15.764
FALSE POSITIVE,4.20233673,0.004,3.6973,4.60E+04,23.53,0.0524,1246,570.87,258.8,6185,4.396,1.094,15.653
CONFIRMED,8.50698069,0.816,2.938,2.96E+02,1.9,0.0802,900,155.42,20.7,5822,4.428,0.986,15.135
FALSE POSITIVE,15.60865244,0.985,6.26,3.11E+02,6.17,0.1508,1419,958.55,46.9,8014,3.94,2.43,13.376
CONFIRMED,0.669310092,0.157,1.6274,1.32E+02,1.13,0.0149,1983,3643.96,75.3,5475,4.426,1.003,12.521
FALSE POSITIVE,4.494498254,1.149,1.9742,2.48E+02,62.11,0.0624,1667,1824.84,39.3,5117,3.578,3.403,12.786
CONFIRMED,44.9306706,0.481,6.539,4.38E+02,2.49,0.2654,565,24.17,33.8,6121,4.397,1.164,13.949
CONFIRMED,14.13175309,0.848,4.0136,1.03E+03,3.02,0.1106,675,49.18,40.1,5616,4.564,0.822,15.762
FALSE POSITIVE,1.061934816,1.25,3.2551,4.37E+02,25.72,0.0202,1660,1789.63,74.5,5730,4.545,0.87,15.062
CONFIRMED,11.41926141,0.242,3.9908,9.16E+02,1.48,0.0795,419,7.32,58,3823,4.765,0.492,15.314
FALSE POSITIVE,5.93821065,1.646,2.5128,5.23E+02,61.63,0.0626,996,231.93,33.6,6123,4.545,0.85,14.423
CANDIDATE,268.9410974,0.765,5.4434,9.01E+03,13.57,0.8272,321,2.52,120.4,5798,4.224,1.306,14.814
FALSE POSITIVE,0.655001616,1.121,1.8136,2.71E+02,31.77,0.0168,3162,23595.49,104.5,6426,3.965,2.089,13.371
CANDIDATE,80.9669561,0.007,2.5276,4.73E+03,5.04,0.3412,364,4.14,52,5611,4.61,0.737,15.671
CONFIRMED,33.1996355,0.017,5.022,1.11E+03,2.85,0.1894,485,13.09,32.6,5102,4.463,0.88,15.03
FALSE POSITIVE,8.65306587,1.222,4.486,1.05E+03,19.78,0.0726,633,37.94,43,4641,4.589,0.694,15.703
CANDIDATE,6.80082032,0.597,1.9883,7.00E+02,1.88,0.0636,697,55.83,25.5,4805,4.633,0.688,15.238
CONFIRMED,19.30581662,0.001,4.2902,7.09E+02,4,0.1428,815,104.41,36.3,5661,4.09,1.522,15.151
FALSE POSITIVE,3.221785738,0.777,3.3411,4.64E+04,25.03,0.043,1357,800.37,336.4,6250,4.411,1.041,14.601
FALSE POSITIVE,0.6243875,1.157,1.92102,3.69E+04,29.45,0.0122,1639,1693.36,628.3,5211,4.644,0.618,15.487
FALSE POSITIVE,18.61009258,1.258,4.98308,5.08E+04,55.23,0.1362,686,52.24,1309.3,6077,4.526,0.891,15.84
CONFIRMED,13.22175358,0.451,2.7884,8.77E+02,2.38,0.1032,640,39.56,93.6,5211,4.556,0.799,13.938
FALSE POSITIVE,1.137525054,1.238,2.68228,1.80E+04,42.74,0.0209,1746,2197.52,633.1,5912,4.467,0.937,15.452
FALSE POSITIVE,23.79993927,1.137,5.02319,6.02E+04,51.74,0.1616,637,38.92,2065.8,5934,4.473,0.957,14.669
CONFIRMED,7.16893064,0.573,4.6766,1.13E+02,1.61,0.0779,1187,469.56,36.3,6221,4.198,1.458,12.32
CANDIDATE,54.325574,0.154,9.86,4.42E+01,0.76,0.2997,545,20.85,7.7,6343,4.411,1.137,12.32
CANDIDATE,20.01959599,,7,,,,,,,,,,12.32
FALSE POSITIVE,1.22775877,1.111,2.7545,4.61E+04,48.79,0.0227,1859,2809.86,292.7,6207,4.412,1.044,13.184
FALSE POSITIVE,40.24649897,0.877,6.0203,1.59E+05,97.54,0.2425,768,82.27,420.9,6594,4.051,1.691,13.092
FALSE POSITIVE,2.27999662,0.739,5.7777,1.28E+04,20.74,0.0358,2000,3775.07,366.8,6594,4.051,1.691,13.092
FALSE POSITIVE,2.48658617,0.079,2.7189,4.21E+04,24.39,0.0379,1461,1077.69,91.6,5892,4.35,1.198,15.418
CONFIRMED,5.729317577,0.597,1.1816,8.65E+02,2.41,0.06,850,123.03,59,5320,4.589,0.786,14.809
CONFIRMED,11.77613232,0.54,2.8971,1.43E+03,2.08,0.0836,446,9.37,163.5,3980,4.722,0.54,13.738
CONFIRMED,11.60908533,0.03,2.2603,4.89E+02,1.71,0.096,671,48.06,34.1,5320,4.589,0.786,14.809
CANDIDATE,162.0479502,0.663,9.8974,4.84E+03,11.52,0.6344,437,8.65,370.2,6309,4.16,1.567,13.632
FALSE POSITIVE,0.530967162,1.167,3.3659,2.45E+02,23.72,0.0132,2704,12644.75,125.5,6449,4.316,1.193,13.586
CONFIRMED,40.05881661,0.819,5.595,1.24E+03,3.43,0.2265,489,13.57,62.6,5668,4.545,0.868,14.862
CONFIRMED,6.09747233,0.012,3.431,2.18E+02,2.22,0.0662,1197,485.84,17.4,5661,4.09,1.522,15.151
CONFIRMED,56.637918,0.298,6.172,5.90E+02,3.68,0.2926,570,24.87,20.9,5661,4.09,1.522,15.151
FALSE POSITIVE,2.243016513,0.737,2.721,3.00E+02,1.37,0.0312,1167,438.46,59.1,5462,4.614,0.732,13.98
FALSE POSITIVE,8.6531216,1.214,4.39,6.55E+02,22.58,0.0817,772,84.05,35.7,5421,4.564,0.852,15.454
CONFIRMED,8.99088621,0.77,4.2447,4.70E+02,2.78,0.0856,960,200.35,93.6,5881,4.315,1.171,13.431
FALSE POSITIVE,34.06456641,0.524,9.6114,2.85E+04,15.57,0.2026,570,25,1305.9,6161,4.517,0.892,15.443
FALSE POSITIVE,4.350087749,0.986,2.6428,2.36E+04,24.77,0.0528,1136,393.2,192.2,6060,4.495,0.953,14.855
FALSE POSITIVE,1.744101106,0.618,1.5497,9.68E+03,7.21,0.0253,1016,251.54,152.6,4368,4.593,0.703,15.702
FALSE POSITIVE,7.981187121,1.036,1.8071,7.61E+03,18.75,0.0797,966,205.88,202.1,6217,4.472,0.989,14.36
FALSE POSITIVE,4.118775582,0.754,3.76,2.65E+03,4.48,0.0484,1067,306.75,125.6,5944,4.579,0.802,15.797
CANDIDATE,1.694740233,0.671,1.6864,1.45E+03,2.12,0.0229,797,95.14,92.3,3764,4.739,0.527,15.804
FALSE POSITIVE,0.971933156,1.42,1.9265,4.79E+03,50.75,0.0184,1754,2240.48,223.1,5592,4.445,0.931,15.289
FALSE POSITIVE,121.5991278,5.011,15.1596,1.05E+04,379.63,0.4693,358,3.87,297,6036,4.551,0.847,14.6
CANDIDATE,15.06806077,0.88,3.3011,1.94E+04,16.43,0.1213,742,71.78,282.8,5982,4.493,0.96,15.95
CONFIRMED,7.886632468,0.048,5.2147,6.33E+03,8.99,0.0762,996,232.07,392.3,5847,4.304,1.135,15.014
CONFIRMED,8.027681123,0.495,3.0942,8.73E+03,8.43,0.0787,824,109.35,461.5,5569,4.546,0.887,15.57
CONFIRMED,704.962626,0.8495,18.003,2.32E+03,4.53,1.4108,178,0.24,96.1,5305,4.489,0.818,13.354
CONFIRMED,50.28635977,0.018,6.3212,1.12E+03,3.88,0.2678,543,20.59,99.5,5900,4.309,1.167,13.672
CONFIRMED,22.79020351,0.036,5.0394,6.18E+02,2.57,0.1528,634,38.27,47.7,5478,4.354,1.053,14.766
CONFIRMED,13.26079792,0.22,3.912,1.99E+02,1.47,0.1065,760,78.79,17.6,5478,4.354,1.053,14.766
FALSE POSITIVE,1.061932545,0.713,2.1429,1.34E+02,2.29,0.0215,2508,9391.15,80.2,6134,3.975,1.851,12.953
CONFIRMED,127.8334997,0.416,10.914,1.83E+03,9.46,0.5829,554,22.21,76.9,6505,3.973,2.17,13.968
CONFIRMED,10.21864532,0.416,3.802,4.45E+02,2.33,0.0927,920,169.13,26.6,6100,4.376,1.083,14.82
CONFIRMED,15.573637,0.946,5.326,4.68E+02,2.94,0.1228,799,96.38,24.7,6100,4.376,1.083,14.82
CONFIRMED,40.1015561,0.868,5.246,5.50E+02,2.92,0.2307,583,27.31,19,6100,4.376,1.083,14.82
CONFIRMED,4.45814897,0.754,2.867,1.88E+02,1.61,0.0533,1212,511.6,14.3,6100,4.376,1.083,14.82
FALSE POSITIVE,5.663621501,0.169,1.2968,1.23E+03,2.47,0.0568,774,84.76,39.8,4917,4.601,0.723,15.444
CONFIRMED,6.230335,0.808,1.6493,1.45E+03,3.7,0.066,875,138.33,31.6,5477,4.557,0.865,15.977
CONFIRMED,12.49340725,0.594,2.2614,7.16E+02,2.2,0.0994,649,42.08,76.2,5207,4.561,0.795,13.575
CONFIRMED,6.62643441,0.111,3.1752,8.15E+02,2.54,0.0692,895,151.59,40.6,5616,4.529,0.903,15.843
CONFIRMED,3.70122061,0.178,2.523,3.27E+02,1.62,0.0469,1087,330.02,19.6,5616,4.529,0.903,15.843
CANDIDATE,6.247030799,0.039,1.4848,1.50E+03,1.89,0.0528,512,16.23,44.8,3821,4.764,0.487,15.369
CONFIRMED,13.73474071,0.941,2.769,7.46E+02,2.71,0.101,634,38.11,31,5196,4.524,0.772,15.187
CANDIDATE,700.0029822,0.143,7.6525,3.25E+03,6.43,1.6115,238,0.76,60.3,6487,4.397,1.118,13.594
CANDIDATE,272.0868353,0.3629,2.7145,5.57E+03,5.95,0.7652,251,0.93,21.5,5587,4.548,0.791,15.166
CONFIRMED,14.55387488,0.955,6.973,3.20E+02,3.45,0.1256,939,183.48,26.8,6143,4.177,1.507,14.377
FALSE POSITIVE,0.895277575,0.928,2.711,5.35E+02,9.27,0.0231,4253,77480.31,132.1,8040,3.707,3.325,13.574
CONFIRMED,81.0637895,0.584,3.001,4.76E+02,3.01,0.379,511,16.12,19.4,6198,4.237,1.324,13.914
CONFIRMED,24.8056775,0.007,6.148,6.24E+02,2.16,0.154,588,28.22,39.4,5600,4.455,0.872,15.204
CONFIRMED,13.02493307,0.004,4.5706,7.78E+02,2.88,0.1055,786,90.1,119.3,5657,4.364,1.046,13.709
CONFIRMED,44.3471936,0.273,6.43,7.92E+02,2.45,0.2269,484,13,40.5,5600,4.455,0.872,15.204
CONFIRMED,9.2207691,0.037,4.907,1.40E+02,1.02,0.0796,817,105.63,13.2,5600,4.455,0.872,15.204
CONFIRMED,13.6396648,0.105,5.425,1.63E+02,1.1,0.1034,717,62.6,13.3,5600,4.455,0.872,15.204
CONFIRMED,1.922799706,0.036,1.8604,2.60E+02,1.28,0.029,1215,514.44,30.1,5194,4.559,0.815,14.829
CONFIRMED,3.222975318,0.33,2.9247,2.33E+02,1.47,0.0412,1239,558.65,31.3,5823,4.427,0.96,14.609
CANDIDATE,42.0370662,0.672,6.282,2.67E+02,1.66,0.2285,527,18.16,14.7,5823,4.427,0.96,14.609
CANDIDATE,21.0112068,0.853,4.507,1.64E+02,1.4,0.1439,663,45.79,10.2,5823,4.427,0.96,14.609
CONFIRMED,4.16811839,0.709,2.8084,2.63E+02,2.28,0.0507,1277,628.73,26.7,5689,4.202,1.313,14.801
CONFIRMED,5.82348911,0.877,2.2441,8.89E+02,3,0.0615,955,196.33,38.1,5774,4.526,0.864,15.898
CANDIDATE,8.75059775,0.33,2.8288,8.82E+02,2.27,0.0797,682,51,28.3,4942,4.599,0.779,15.92
FALSE POSITIVE,9.41475056,1.148,4.736,4.83E+02,19.33,0.0891,962,202.58,55.2,6406,4.436,1.033,13.66
FALSE POSITIVE,0.56669006,0.7102,2.1674,1.05E+02,1.52,0.0147,2955,18023.71,53.8,6899,4.273,1.386,13.44
CONFIRMED,7.13969705,0.027,3.981,5.13E+02,2.24,0.075,965,205.23,27.8,6014,4.486,0.993,15.906
CONFIRMED,18.75470238,0.034,3.0331,9.95E+02,1.67,0.1139,382,5.03,33.2,3976,4.721,0.54,15.473
FALSE POSITIVE,3.00363219,0.727,3.732,1.01E+02,1.43,0.0414,1571,1441.44,38.5,6309,4.217,1.32,12.476
CONFIRMED,11.30123036,0.117,4.022,2.77E+02,1.85,0.0988,852,124.42,18.5,5730,4.34,1.122,14.981
FALSE POSITIVE,0.796722833,0.601,2.4551,1.07E+02,1.44,0.016,2401,7844.64,43.9,5959,4.121,1.334,13.379
CONFIRMED,4.24153629,0.257,2.971,1.88E+02,1.44,0.0491,1177,452.95,18,5776,4.34,1.047,14.621
CONFIRMED,17.32419108,0.764,8.045,2.41E+02,3.14,0.1385,964,204.1,49.1,5968,3.972,1.857,13.42
CONFIRMED,14.37457572,0.035,4.7892,3.36E+02,1.94,0.1137,779,87.24,55.2,5768,4.358,1.067,13.749
CONFIRMED,9.65188331,0.122,4.296,1.03E+02,1.08,0.0872,890,148.32,19.8,5768,4.358,1.067,13.749
FALSE POSITIVE,6.0990118,0.688,3.6112,2.28E+02,3.16,0.067,1374,842.53,39.3,5743,3.881,1.971,13.951
CONFIRMED,49.4781446,0.048,2.493,4.97E+02,1.88,0.2587,462,10.73,20.4,5776,4.554,0.849,14.427
CONFIRMED,30.8639476,0.907,8.864,2.57E+02,3.01,0.1978,743,72.05,63,5977,4.08,1.571,12.547
CONFIRMED,2.403640701,0.918,1.4012,7.49E+01,1.24,0.0355,1489,1164.85,16.3,5881,4.315,1.171,13.431
FALSE POSITIVE,2.90060781,0.47,2.563,1.25E+02,1.58,0.0423,1645,1727.31,20.6,6547,4.241,1.371,13.887
CONFIRMED,4.51436096,0.118,3.0083,2.31E+02,1.84,0.055,1231,543.73,28.4,5940,4.306,1.215,14.946
CONFIRMED,3.77359871,0,2.7282,1.76E+02,1.29,0.0453,1270,614.52,25.6,6224,4.404,0.969,14.207
CONFIRMED,8.18182189,0.655,2.4566,3.00E+02,1.77,0.0759,981,218.9,27.4,6224,4.404,0.969,14.207
CONFIRMED,13.32389352,0.073,3.2208,7.81E+02,1.26,0.0862,378,4.83,25.9,3751,4.813,0.45,15.931
CONFIRMED,4.919584997,0.243,4.1988,4.26E+02,2.86,0.0605,1312,702.13,132,6236,4.246,1.378,13.273
CONFIRMED,11.41911886,0.947,5.135,5.09E+02,3.32,0.107,921,170.33,23.7,6311,4.398,1.172,15.965
CONFIRMED,11.36113254,0.734,4.1886,5.70E+02,2.6,0.1013,869,134.97,57,6244,4.46,1.009,14.63
FALSE POSITIVE,1.3866358,0.3783,4.77,7.01E+01,0.72,0.0239,1503,1205.94,6.8,5693,4.551,0.856,15.755
CONFIRMED,14.53410833,0.766,3.3094,5.11E+02,1.36,0.0956,420,7.34,32.5,3957,4.693,0.553,14.688
CONFIRMED,33.0063185,0.39,7.118,2.78E+02,3.13,0.2129,778,86.38,38.2,5968,3.972,1.857,13.42
CONFIRMED,11.13127159,0.01,4.2372,2.11E+02,2.06,0.1036,952,194.31,36.8,5800,4.202,1.435,13.459
FALSE POSITIVE,3.47143963,0.719,3.663,9.98E+01,1.19,0.0471,1358,805.05,27.5,6341,4.409,1.111,13.599
CONFIRMED,29.6193891,0.046,4.9595,3.15E+02,1.74,0.1817,580,26.79,42.5,5618,4.401,0.996,13.331
FALSE POSITIVE,3.50376155,,3.16,,,,,,,,,,14.463
CONFIRMED,8.925079516,0.74,2.6766,9.78E+02,2.36,0.0763,628,36.89,135.8,4728,4.628,0.693,13.461
CONFIRMED,8.0922105,0.951,5.7696,6.53E+01,1.44,0.0764,1089,331.65,37.5,5774,4.106,1.395,11.731
FALSE POSITIVE,3.117087797,1.255,3.06941,1.22E+04,88.51,0.0471,1842,2725.12,441.7,6338,3.973,2.046,11.397
CONFIRMED,22.687155,0.023,5.4921,9.60E+02,3.2,0.1528,653,42.95,122.8,5657,4.364,1.046,13.709
FALSE POSITIVE,0.937406378,0.8735,1.9515,5.08E+03,7.09,0.0179,1659,1790.11,138.9,5480,4.529,0.843,14.546
FALSE POSITIVE,0.668483615,1.269,2.0909,2.90E+03,29.53,0.0145,1832,2642.17,161.2,5546,4.575,0.81,15.905
FALSE POSITIVE,4.429633087,1.264,3.0257,6.12E+03,32.12,0.0498,950,192.62,166.3,5344,4.545,0.809,15.91
FALSE POSITIVE,1.544927524,0.533,1.0134,1.39E+02,1.39,0.0264,1824,2606.96,25.4,6309,4.34,1.132,13.643
CONFIRMED,4.48758768,0.532,2.874,1.12E+02,1.37,0.0528,1305,684.07,25.9,6060,4.227,1.257,13.446
FALSE POSITIVE,0.323021692,1.1083,2.3442,4.71E+04,46.4,0.0087,2545,9913.7,520.6,5458,4.381,0.972,11.234
FALSE POSITIVE,4.70818628,1.082,3.278,5.65E+04,42.99,0.0548,1046,282.41,24.7,5868,4.53,0.894,13.279
FALSE POSITIVE,14.40585744,0.001,5.48509,3.04E+04,23.42,0.1174,888,146.95,2294.1,5945,4.196,1.346,14.808
FALSE POSITIVE,7.702374154,3.346,3.8459,1.84E+04,225.25,0.0744,825,109.38,157.2,5598,4.565,0.83,15.144
CONFIRMED,16.56062577,0.96,2.611,7.01E+02,2.94,0.1144,701,57.28,30.8,5818,4.436,0.855,15.198
CONFIRMED,15.74958583,0.637,4.6672,6.60E+02,2.77,0.1266,777,86.18,42.6,6191,4.454,1.025,15.3
CONFIRMED,37.8145252,0.845,9.109,4.13E+02,3.04,0.2341,626,36.25,57.9,5988,4.278,1.314,13.601
CONFIRMED,12.64504291,0.931,9.117,2.00E+02,1.55,0.0987,741,71.28,32.7,5607,4.447,0.886,14.447
CONFIRMED,21.5262958,0.804,8.392,1.90E+02,1.36,0.1408,621,35.03,23.4,5607,4.447,0.886,14.447
CONFIRMED,33.8845825,0.961,6.538,2.24E+02,1.74,0.1905,533,19.13,17.2,5607,4.447,0.886,14.447
CONFIRMED,6.40087137,0.861,2.5561,1.34E+02,1.91,0.0662,1109,357.44,24.4,5426,4.107,1.421,12.988
CONFIRMED,30.1599411,0.802,7.874,1.76E+02,4.54,0.213,836,115.69,32.3,5010,3.62,3.051,11.584
CONFIRMED,51.0771048,0.498,11.233,1.42E+02,3.66,0.3027,702,57.28,24.1,5010,3.62,3.051,11.584
FALSE POSITIVE,4.2856756,0.5445,4.059,3.14E+01,2.13,0.0579,1790,2429.13,8.3,5055,3.443,3.733,12.203
FALSE POSITIVE,7.388833611,0.799,5.62857,1.31E+04,10.66,0.0724,877,139.94,1509.3,5845,4.558,0.838,13.209
FALSE POSITIVE,2.698021895,1.3,23.192,6.72E+03,52.51,0.0406,1582,1481.76,647.1,6568,4.36,1.211,13.717
CONFIRMED,117.931108,0.615,5.8796,8.51E+03,10.36,0.4884,418,7.2,212.5,6392,4.425,1.072,15.128
FALSE POSITIVE,4.887806806,0.561,2.4078,4.68E+03,5.71,0.0524,918,167.54,116.1,5284,4.523,0.812,15.399
FALSE POSITIVE,11.97360504,1.3,4.3117,3.82E+03,38.2,0.1031,820,106.83,172.9,6146,4.497,0.943,15.175
FALSE POSITIVE,1.231364189,0.995,5.8574,1.10E+03,5.39,0.0207,1707,2005.15,229.7,5897,4.429,0.891,14.97
FALSE POSITIVE,2.102416517,1.236,1.7684,1.50E+03,29.29,0.0326,1435,1003.06,94.3,5999,4.494,0.959,15.642
FALSE POSITIVE,11.7031093,1.279,2.0467,4.20E+03,37.3,0.1024,811,102.47,126.6,6014,4.494,0.958,15.003
FALSE POSITIVE,13.73808249,0.957,3.354,6.61E+02,3.84,0.112,912,163.52,68.4,6375,4.292,1.178,13.805
FALSE POSITIVE,16.66216657,7.444,3.8762,2.74E+04,843.45,0.1356,834,114.41,114.5,6440,4.38,1.169,13.344
FALSE POSITIVE,0.752159702,1.272,2.3621,3.43E+03,43.73,0.0162,2224,5767.22,291.1,5916,4.296,1.175,11.884
FALSE POSITIVE,4.81886153,0.924,6.223,1.32E+03,2.96,0.0497,803,98.29,86.3,5030,4.658,0.651,15.932
CONFIRMED,125.8654019,0.101,9.0191,1.24E+04,12.37,0.4913,394,5.71,544.7,5933,4.342,1.115,13.956
CONFIRMED,34.5439452,0.87,3.482,4.30E+02,2.67,0.2075,607,32.02,23.4,5933,4.342,1.115,13.956
CONFIRMED,10.74241765,0.034,6.0633,4.15E+02,3.06,0.0965,1008,243.94,95.4,5761,4.091,1.518,13.438
FALSE POSITIVE,4.02378908,0.715,3.237,3.21E+01,2.24,0.0646,2504,9293.19,36.1,7516,3.651,3.685,10.083
FALSE POSITIVE,0.312941621,1.1789,2.0646,3.53E+04,58.02,0.0092,3151,23300.36,413.9,6286,4.312,1.188,13.397
CONFIRMED,2.495780169,0.133,4.2721,2.51E+04,15.75,0.0355,1408,929.47,171.4,6039,4.426,0.992,14.152
FALSE POSITIVE,8.428090255,6.787,1.881,1.14E+04,517.43,0.0778,817,105.54,183,5761,4.573,0.805,15.977
FALSE POSITIVE,8.344104633,10.047,1.8014,9.70E+03,836.31,0.0786,785,89.55,89.7,5447,4.559,0.838,15.734
CANDIDATE,1.714274727,1.182,2.06728,2.85E+04,25,0.0229,827,110.02,987.2,3874,4.715,0.535,15.686
FALSE POSITIVE,137.759605,0.776,9.1713,8.33E+04,49.52,0.5108,396,5.81,885.9,5323,4.085,1.452,15.324
FALSE POSITIVE,2.155278342,0.926,2.1064,2.07E+04,16.89,0.0316,1272,620.67,142.7,5665,4.568,0.82,13.997
FALSE POSITIVE,3.661326482,0.812,2.5714,1.78E+04,12.07,0.042,1023,258.6,424.6,5319,4.501,0.798,14.349
CONFIRMED,4.75400072,0.672,2.5394,7.49E+02,2,0.0502,775,85.23,141.4,4728,4.628,0.693,13.461
FALSE POSITIVE,0.76973817,,2.5,,,,,,,,,,14.84
FALSE POSITIVE,165.739861,0.263,24.9393,7.34E+03,57.54,0.7004,692,54.1,527.8,5019,2.99,6.836,12.263
FALSE POSITIVE,9.08937826,0.982,6.255,7.80E+02,5.35,0.0924,1104,351.45,72.7,6739,4.332,1.275,14.408
CONFIRMED,3.234699282,0.079,3.59385,1.06E+04,13.06,0.0435,1356,797.62,3003.8,5640,4.236,1.291,13.303
CONFIRMED,31.99552485,0.69,4.2817,1.38E+03,4.12,0.1921,582,27.17,128,5657,4.364,1.046,13.709
FALSE POSITIVE,1.577800747,1.332,2.1626,6.98E+02,31.24,0.0253,1513,1236.23,79.6,6089,4.566,0.802,15.031
FALSE POSITIVE,2.380862632,0.664,4.20416,3.26E+04,21.65,0.034,1480,1133,2590.6,5821,4.297,1.129,13.802
FALSE POSITIVE,1.752567456,1.218,5.4993,6.07E+02,26.56,0.0283,1502,1202.54,92.2,5739,4.433,0.996,14.449
CONFIRMED,51.92920654,0.398,5.2637,3.43E+03,8.49,0.2742,574,25.6,81.8,5671,4.128,1.442,15.897
CANDIDATE,384.0257068,,14.56,,,,,,,,,,15.206
CANDIDATE,3.014330766,0.01,2.4747,9.75E+02,2.87,0.0398,1124,377.79,57.3,5209,4.446,0.953,15.673
CONFIRMED,5.644914154,0.445,2.2599,1.40E+03,2.66,0.0571,744,72.38,63.9,4769,4.622,0.714,15.505
CONFIRMED,3.105507835,0.799,1.7458,9.05E+02,2.68,0.0399,980,217.91,178.6,4989,4.585,0.791,13.341
FALSE POSITIVE,1.336109338,1.28,1.7419,2.20E+03,35.19,0.0236,1727,2106.49,150,6119,4.46,0.967,15.507
CANDIDATE,13.35151248,0.573,3.6045,3.31E+03,4.44,0.1004,585,27.77,107.9,4843,4.562,0.754,15.825
CANDIDATE,1693.663623,0.5283,22.604,9.52E+03,10.23,2.8364,157,0.14,122.8,5923,4.445,1.021,15.305
CONFIRMED,5.841636615,0.026,1.8734,1.34E+03,1.38,0.0465,446,9.38,41.1,3526,4.866,0.383,15.921
CONFIRMED,19.85029495,0.217,2.8407,1.61E+03,1.52,0.1052,297,1.83,34.4,3526,4.866,0.383,15.921
CONFIRMED,15.27443889,0.153,6.0765,2.07E+02,2.17,0.122,896,152.62,40.3,5761,4.091,1.518,13.438
FALSE POSITIVE,22.34293693,0.001,7.0813,2.69E+03,2.92,0.1284,399,6.01,35.3,4260,4.663,0.58,15.719
FALSE POSITIVE,119.4081716,0.915,9.3537,1.86E+04,16.26,0.4466,328,2.72,508.4,5316,4.477,0.872,14.427
FALSE POSITIVE,1.171536413,0.973,1.5878,1.13E+03,7.12,0.025,2387,7673.2,67,7021,4.275,1.485,15.634
FALSE POSITIVE,0.973547911,1.097,2.2858,4.36E+02,11.52,0.0189,1814,2556.6,38.7,6084,4.542,0.863,15.46
FALSE POSITIVE,3.053563251,1.208,3.2551,5.08E+02,21.79,0.0407,1171,444.16,50.4,5764,4.548,0.863,14.598
FALSE POSITIVE,1.031096352,0.979,2.781,2.65E+02,2.36,0.0207,2020,3954.46,37.8,6371,4.426,1.072,15.131
CONFIRMED,11.00817635,0.025,2.013,1.46E+03,2.15,0.0816,488,13.39,42.1,4141,4.684,0.582,15.847
CONFIRMED,92.7495777,0.019,5.506,1.11E+03,1.87,0.3378,240,0.78,18,4141,4.684,0.582,15.847
CONFIRMED,52.5008645,0.11,14.9066,9.47E+02,12.41,0.3035,812,102.94,116.2,4976,3.331,4.157,12.183
CONFIRMED,0.63133171,0.726,1.1487,4.35E+02,1.2,0.0116,1322,726.72,95.8,4441,4.71,0.53,14.285
CONFIRMED,12.69905011,0.663,2.9899,7.97E+02,2.62,0.1019,686,52.55,30.4,5291,4.489,0.882,15.824
CONFIRMED,8.74292005,0.025,2.6277,7.80E+02,1.92,0.0765,643,40.33,30.7,4769,4.622,0.714,15.505
CONFIRMED,3.64830183,0.063,1.9985,3.72E+02,1.33,0.0427,860,129.44,19.9,4769,4.622,0.714,15.505
CONFIRMED,2.345863002,0.035,1.6795,3.17E+02,1.23,0.0318,997,233.38,19.6,4769,4.622,0.714,15.505
CONFIRMED,37.1011418,0.41,5.5556,1.36E+03,3.19,0.2093,532,18.95,55.2,5986,4.527,0.85,15.229
CANDIDATE,104.8205868,0.918,4.4794,3.92E+03,6.45,0.4183,376,4.74,76.6,5986,4.527,0.85,15.229
CONFIRMED,10.8644095,0.763,1.853,7.49E+02,1.14,0.0704,363,4.09,16.8,3526,4.866,0.383,15.921
CONFIRMED,124.4197175,0.017,3.7197,4.11E+03,10.3,0.479,416,7.07,39.9,5066,3.974,1.659,15.74
CONFIRMED,1.219568047,0.067,1.5681,4.95E+02,1.51,0.0204,1252,578.96,65.9,4838,4.625,0.701,15.127
CONFIRMED,2.05388477,0.282,2.1635,5.47E+02,2.74,0.0313,1523,1271.11,50,5632,4.282,1.176,15.269
CONFIRMED,38.86848956,0.028,6.0573,1.00E+03,2.81,0.2125,509,15.89,73.4,5618,4.46,0.897,14.232
CONFIRMED,35.7353616,0.878,8.491,7.79E+02,5.47,0.2236,774,84.66,58.4,6366,4.045,1.697,13.659
CONFIRMED,12.30971679,0.847,6.74,3.96E+02,3.82,0.1099,1104,350.46,45.9,6366,4.045,1.697,13.659
CONFIRMED,54.4205407,0.9414,8.559,5.98E+02,3.2,0.2901,574,25.6,44.9,6781,4.422,1.067,13.659
FALSE POSITIVE,30.00908916,,3.15,,,,,,,,,,13.174
FALSE POSITIVE,14.32407216,1.292,4.6577,2.05E+03,38.86,0.1199,782,88.38,58,6022,4.453,1.039,15.609
CONFIRMED,27.07237655,0.015,6.9592,5.14E+02,2.18,0.181,605,31.58,44,5936,4.501,0.965,14.556
CONFIRMED,37.5142128,0.366,5.303,9.35E+02,2.68,0.2099,478,12.38,28.9,5291,4.489,0.882,15.824
CONFIRMED,55.6391882,0.811,7.316,8.53E+02,3.13,0.2901,478,12.33,48.3,5949,4.493,0.962,14.755
CONFIRMED,46.6856205,0.217,6.3794,5.89E+02,2.52,0.2472,513,16.41,59,5657,4.364,1.046,13.709
CANDIDATE,34.2966363,0.711,19.718,6.97E+02,3.29,0.2003,584,27.6,66.7,5490,4.263,1.167,14.965
CONFIRMED,4.59726613,0.033,2.909,3.13E+02,1.69,0.055,1105,352.4,17,5999,4.494,0.959,15.803
CONFIRMED,9.97716876,0.002,5.908,2.53E+02,2.53,0.0919,1028,263.89,21.8,5557,4.037,1.616,14.943
CONFIRMED,3.02168007,0.349,2.8264,1.72E+02,1.31,0.0417,1332,744.35,32.9,6201,4.472,0.989,14.429
FALSE POSITIVE,30.8825387,0.197,5.3737,2.40E+04,15.4,0.1991,593,29.12,1266.2,6014,4.486,0.993,14.857
FALSE POSITIVE,72.4914068,0.989,3.612,1.06E+03,15.33,0.3626,700,56.76,39.2,5754,3.639,2.758,13.05
FALSE POSITIVE,4.93913074,1.167,1.362,3.83E+02,24.03,0.0578,1182,461.47,22,5956,4.324,1.17,14.832
CONFIRMED,2.240486703,0.461,1.3988,4.36E+02,1.22,0.0281,837,115.98,33.8,4198,4.689,0.574,15.224
CONFIRMED,105.0145774,0.954,7.426,2.96E+02,2.29,0.4229,406,6.44,33.9,5868,4.363,1.042,12.9
CONFIRMED,4.88084456,0.227,2.5574,3.43E+02,1.55,0.0527,879,141,32.6,4929,4.481,0.861,14.925
CONFIRMED,10.56137217,0.963,3.2645,2.38E+02,2.43,0.0954,867,133.56,21.7,5610,4.316,1.171,14.581
CONFIRMED,67.6690554,0.354,9.556,9.61E+02,3.39,0.3214,495,14.24,37.2,6127,4.356,1.08,15.224
CONFIRMED,3.949627144,0.049,1.5485,8.07E+02,2.32,0.0463,966,206.05,45.1,5155,4.523,0.836,15.623
CONFIRMED,16.00460392,0.49,3.9475,8.32E+02,2.24,0.1179,583,27.41,34.3,5180,4.597,0.769,15.554
FALSE POSITIVE,3.55650737,0.01,8.545,2.94E+02,3.05,0.0446,1405,918.25,77.1,4951,3.876,1.843,14.118
CONFIRMED,3.148661555,0.652,2.1978,5.51E+02,2.15,0.039,1097,342.76,35.3,5258,4.458,0.873,15.297
FALSE POSITIVE,0.70544824,1.2,2.9423,4.62E+02,20.03,0.015,1868,2899.07,118.2,5717,4.564,0.826,14.351
CONFIRMED,3.295701024,0.267,1.8268,1.75E+03,2.81,0.0392,875,138.38,114.7,4723,4.628,0.691,14.84
CONFIRMED,9.65349016,0.149,2.9029,1.31E+03,2.41,0.0803,611,32.98,63.1,4723,4.628,0.691,14.84
CONFIRMED,5.315954488,0.718,1.1165,9.66E+02,2.33,0.0539,746,73.19,37.7,4723,4.628,0.691,14.84
CONFIRMED,10.04556377,0.075,3.2027,6.71E+02,2.19,0.0896,766,81.61,66.5,5632,4.554,0.853,13.024
CONFIRMED,1.499144441,0.331,1.4259,2.59E+02,1.09,0.0232,1137,395.06,22.2,4723,4.628,0.691,14.84
CONFIRMED,5.082748362,0.063,1.7732,2.77E+02,1.4,0.0572,928,175.06,40.9,5430,4.555,0.858,13.984
FALSE POSITIVE,5.00673576,0.599,1.9398,1.91E+02,2,0.0574,1324,726.94,26.6,6116,4.158,1.383,13.518
CONFIRMED,9.17617167,0.107,4.2642,2.07E+02,1.66,0.085,960,200.99,34.3,5903,4.3,1.156,13.797
CONFIRMED,19.7383992,0.732,4.894,1.68E+02,1.61,0.1417,744,72.32,20.3,5903,4.3,1.156,13.797
CONFIRMED,41.6980186,0.002,5.7047,4.41E+02,2.03,0.2359,537,19.61,43.4,5997,4.466,0.971,13.956
CONFIRMED,59.6585348,0.956,5.514,1.04E+03,3.59,0.2873,393,5.66,21.2,5243,4.547,0.831,15.742
CONFIRMED,52.6298542,0.311,6.118,6.76E+02,3.68,0.2689,544,20.65,27.2,5339,4.096,1.433,15.004
CONFIRMED,10.29099413,0.049,4.28889,9.66E+03,13.43,0.0906,996,233.08,1245.7,5803,4.134,1.373,14.221
CONFIRMED,14.8783945,0.749,7.491,3.23E+02,1.63,0.1153,692,54.19,22.9,5822,4.557,0.837,15.534
CONFIRMED,59.6222627,0.873,6.888,9.93E+02,3.63,0.3059,486,13.23,31.9,6108,4.471,0.997,15.517
FALSE POSITIVE,4.9883873,0.944,9.059,5.08E+02,3.28,0.0615,1236,550.52,42.4,6418,4.395,1.171,15.447
CONFIRMED,8.19596647,0.252,2.824,7.93E+02,2.04,0.0718,672,48.2,20.2,4723,4.557,0.747,15.858
CONFIRMED,15.59466045,0.266,5.0478,8.68E+02,2.74,0.122,718,62.88,49.2,5900,4.5,0.929,15.43
CONFIRMED,56.35407916,0.835,3.4449,1.04E+03,2.59,0.2537,352,3.63,59.4,4802,4.582,0.701,13.779
FALSE POSITIVE,36.12895451,1.474,2.2348,3.76E+03,53.72,0.2085,546,21.05,66.3,5921,4.484,0.912,15.6
FALSE POSITIVE,32.50456309,0.927,2.4657,7.59E+03,10.68,0.1985,591,28.8,148.1,6132,4.479,0.947,15.134
FALSE POSITIVE,1.332560589,0.009,4.2427,5.67E+02,1.4,0.0202,1086,330.32,108.8,4489,4.662,0.609,15.036
CANDIDATE,31.56904354,0.985,2.6364,4.23E+03,11.18,0.1878,575,25.83,113.6,5654,4.387,0.998,15.042
FALSE POSITIVE,9.08590495,0.978,2.0718,2.12E+03,6.28,0.0799,861,130.1,50.5,5931,4.479,0.866,15.549
FALSE POSITIVE,0.784512952,1.234,2.4623,5.86E+02,25.48,0.0166,1952,3432.93,44.4,5997,4.522,0.904,15.59
FALSE POSITIVE,0.883778461,0.605,1.6339,1.20E+02,1.09,0.0176,1934,3316.4,31.7,5975,4.453,0.949,14.063
CONFIRMED,2.465024332,0.548,1.262,3.07E+01,0.69,0.0359,1561,1406.11,23.2,6139,4.291,1.194,8.769
CONFIRMED,15.86624787,0.858,4.25,7.73E+01,1.31,0.1225,879,141.18,28.4,6099,4.193,1.308,11.049
FALSE POSITIVE,4.288515468,1.283,2.2959,3.46E+03,76.51,0.0534,1722,2081.57,292.1,6378,3.878,2.002,13.396
CONFIRMED,3.797018259,0.321,2.2608,1.44E+04,10.07,0.0457,982,219.64,1549,5167,4.527,0.848,14.741
CONFIRMED,1.340596782,0.007,1.6484,1.08E+02,1.16,0.0247,1783,2393.35,37.6,5992,4.385,1.125,11.524
CONFIRMED,17.42393582,0.927,4.929,7.71E+02,3.29,0.1311,722,64.13,33.2,6018,4.46,0.969,15.601
CONFIRMED,9.8786461,0.019,1.8915,1.47E+03,1.6,0.0692,393,5.65,49.2,3609,4.843,0.422,13.496
CONFIRMED,44.96407458,0.11,4.981,8.12E+02,2,0.2298,379,4.89,88,4827,4.615,0.729,13.054
CONFIRMED,49.7700907,0.655,10.065,3.53E+03,5.12,0.2559,455,10.16,109.8,5774,4.567,0.818,15.64
FALSE POSITIVE,12.7319385,1.278,4.4157,1.14E+04,70.11,0.122,1145,405.75,69.9,7238,4.221,1.568,12.087
FALSE POSITIVE,0.520222869,0.562,1.2216,2.70E+02,1.52,0.0125,2145,5038.49,28.9,5776,4.527,0.889,15.632
CONFIRMED,5.83376197,0.742,3.9988,5.33E+02,2.98,0.0687,1143,403.49,36.6,6213,4.387,1.195,15.776
CONFIRMED,2.42150341,0.55,2.965,1.72E+02,1.62,0.0382,1532,1305.04,15.8,6213,4.387,1.195,15.776
CONFIRMED,14.16400071,0.027,4.3031,7.28E+02,2.35,0.1057,694,54.95,71.5,5440,4.438,0.885,14.48
CANDIDATE,0.840594032,0.018,1.404,4.98E+01,0.62,0.0161,1780,2368.31,11.6,5440,4.438,0.885,14.48
CONFIRMED,6.20920207,0.272,2.637,1.02E+02,0.89,0.061,914,164.98,12.1,5440,4.438,0.885,14.48
CONFIRMED,5.48711441,0.812,2.93,1.33E+03,3.24,0.0571,836,115.29,51.9,5103,4.562,0.787,15.812
CONFIRMED,8.29084167,0.929,3.613,1.03E+03,3.21,0.0752,728,66.47,34.7,5103,4.562,0.787,15.812
CONFIRMED,3.20539622,0.512,2.143,4.54E+02,1.7,0.0399,1000,236.11,20.6,5103,4.562,0.787,15.812
CONFIRMED,16.73869035,0.578,2.398,9.97E+02,2.56,0.1201,576,26.06,20.4,5103,4.562,0.787,15.812
FALSE POSITIVE,5.093938816,0.618,3.93144,2.50E+04,17.19,0.0598,1137,395.38,1131.7,6197,4.449,1.035,14.575
CONFIRMED,13.93291548,0.908,2.6239,1.32E+02,1.66,0.1175,852,124.53,28.9,6026,4.321,1.207,11.538
CONFIRMED,2.36436762,0.146,3.372,2.84E+01,0.82,0.0382,1752,2228.09,12.4,6250,4.184,1.543,11.6
CANDIDATE,20.6654374,0.05,3.172,1.00E+02,0.66,0.1291,487,13.35,13.6,4830,4.605,0.676,11.759
CONFIRMED,20.31047472,0.05,5.3357,1.65E+02,2.41,0.1549,931,177.81,46.1,6065,3.97,1.877,11.855
CANDIDATE,69.8347983,0.672,8.262,2.67E+02,3.51,0.4019,765,80.97,46.8,7732,4.075,2.022,12.02
CONFIRMED,2.53475568,0.878,4.5716,4.63E+02,2.02,0.0339,1218,519.95,51.3,5662,4.532,0.806,15.341
CANDIDATE,2.59488443,0.885,1.684,5.92E+02,2.36,0.034,1014,249.92,14.9,4748,4.526,0.797,15.72
CONFIRMED,43.3167427,0.034,4.995,9.88E+02,2.42,0.2288,459,10.47,27.1,5654,4.59,0.774,15.737
CANDIDATE,19.18109525,0.007,2.424,8.65E+02,1.72,0.1178,513,16.42,17.6,5214,4.673,0.587,15.73
FALSE POSITIVE,37.59029855,0.38,4.3855,1.99E+04,14.39,0.2244,573,25.53,929,6147,4.463,1.003,14.904
CONFIRMED,31.0033072,0.151,5.253,6.45E+02,2.72,0.2037,616,34.03,22.1,6090,4.447,1.071,15.898
FALSE POSITIVE,3.351556891,0.129,2.4005,3.42E+02,1.64,0.0413,1074,314.73,38.8,5185,4.442,0.911,14.815
CONFIRMED,2.617028373,0.146,2.046,4.99E+02,1.57,0.0331,996,233.23,30.8,4831,4.568,0.724,15.835
FALSE POSITIVE,1.876406096,0.302,1.531,4.34E+02,1.57,0.0281,1192,476.68,37,5198,4.6,0.759,15.202
FALSE POSITIVE,6.71425632,0.965,3.339,2.84E+02,5.76,0.0774,1565,1416.6,46.5,6093,3.737,2.623,13.488
CONFIRMED,150.2412582,0.345,10.849,2.38E+03,4.6,0.5375,327,2.72,72.3,5604,4.451,0.943,14.827
CONFIRMED,53.44944498,0.092,5.3091,3.44E+03,5.82,0.2881,486,13.23,119.5,5919,4.485,1,15.287
FALSE POSITIVE,0.466743525,1.186,1.3956,7.96E+02,20.43,0.0116,2197,5480.92,103.6,5791,4.549,0.856,15.33
FALSE POSITIVE,1.727177258,0.676,2.081,3.47E+02,1.42,0.0261,1250,576.55,17.1,5394,4.622,0.72,15.935
CONFIRMED,7.24022418,0.507,2.9153,8.65E+02,2.14,0.0672,716,62.1,48.2,4955,4.61,0.721,15.565
CONFIRMED,4.64622383,0.88,2.5137,4.47E+02,1.82,0.05,830,112.18,28.2,4955,4.61,0.721,15.565
CONFIRMED,10.29674097,0.298,2.7292,1.01E+03,5.75,0.1009,1129,384.86,31.3,6068,4.04,1.797,15.767
CONFIRMED,5.93919041,0.107,2.285,4.25E+02,3.7,0.0699,1357,801.92,15.9,6068,4.04,1.797,15.767
CONFIRMED,19.74733983,0.595,3.4444,4.81E+02,2.62,0.1531,754,76.57,47.1,6243,4.406,1.149,12.949
CONFIRMED,30.36044536,0.359,6.0134,2.11E+04,10.99,0.1725,459,10.47,1126.2,4939,4.541,0.765,14.388
CONFIRMED,4.4096675,0.814,2.1418,1.33E+02,1.51,0.0544,1192,476.94,26.4,5836,4.347,1.166,13.574
CONFIRMED,4.16787814,0.168,2.2136,1.68E+02,1.07,0.0491,962,202.48,32.9,5251,4.541,0.847,13.293
CANDIDATE,220.6565125,,7.82,,,,,,,,,,15.129
CONFIRMED,11.79161234,0.034,3.036,4.15E+02,2.41,0.1002,857,127.75,20.7,5619,4.264,1.199,14.941
FALSE POSITIVE,20.55848388,1.334,1.449,6.77E+02,36.9,0.1457,624,35.76,20.8,5578,4.484,0.936,14.792
CONFIRMED,26.964501,0.006,3.792,6.02E+02,2.2,0.1773,573,25.56,20.1,5754,4.534,0.905,15.789
CONFIRMED,7.76845639,0.353,3.689,2.18E+02,1.35,0.0749,841,118.09,23.6,5447,4.481,0.917,14.8
FALSE POSITIVE,2.178154348,1.21,3.4874,4.29E+02,22.22,0.0313,1392,886.88,93,5947,4.482,0.881,14.07
CONFIRMED,5.03257009,0.97,4.213,4.39E+02,2.53,0.0575,1047,283.49,26.3,5970,4.521,0.908,15.695
CONFIRMED,40.4286676,0.872,7.102,9.16E+02,2.92,0.2244,494,14.08,40.9,5813,4.561,0.833,14.982
CONFIRMED,21.3588236,0.092,5.823,6.40E+02,2.52,0.1539,691,53.89,33.2,6170,4.472,0.992,15.259
CONFIRMED,22.0459163,0.837,5.22,8.05E+02,3.05,0.1572,640,39.69,29.7,5900,4.509,0.951,15.689
FALSE POSITIVE,49.6456235,1.236,23.568,8.58E+02,43.41,0.2726,648,41.57,176.5,6273,4.129,1.493,12.385
CONFIRMED,17.32670445,0.756,4.269,8.00E+02,2.23,0.1203,535,19.38,34.8,4955,4.61,0.721,15.565
CONFIRMED,44.8411168,0.864,5.902,1.05E+03,2.75,0.2268,390,5.45,28.9,4955,4.61,0.721,15.565
FALSE POSITIVE,1.008917105,0.545,1.4577,3.39E+02,1.51,0.0188,1636,1698.88,34.2,5708,4.578,0.795,15.36
CONFIRMED,13.75207851,0.836,2.8831,1.22E+03,2.81,0.1015,556,22.57,36.8,4802,4.616,0.699,15.587
CONFIRMED,6.33855946,0.907,3.4617,7.22E+02,3.31,0.0699,1034,270.47,57.4,6108,4.466,1.03,15.182
CANDIDATE,11.30507984,0.195,3.989,2.78E+02,1.4,0.0964,744,72.67,19.5,5705,4.556,0.844,15.152
CONFIRMED,4.59489816,0.953,3.1381,1.10E+02,1.85,0.0566,1319,716.65,27.7,6056,4.217,1.381,13.298
CONFIRMED,32.2964275,0.207,4.561,4.72E+02,1.9,0.1885,503,15.14,17.9,5246,4.47,0.891,15.2
CONFIRMED,2.97041801,0.379,2.2369,5.31E+02,1.7,0.0378,991,228.11,22.4,5068,4.608,0.743,15.759
CANDIDATE,9.9824036,0.8093,1.09,8.39E+01,1.17,0.0935,966,205.65,5.4,6273,4.364,1.139,13.538
CANDIDATE,12.68173393,0.929,1.6866,5.88E+03,7.25,0.0935,601,30.84,102.8,4976,4.577,0.701,15.303
FALSE POSITIVE,6.814984472,0.793,3.05409,2.39E+04,14.18,0.0679,836,115.58,742.2,5465,4.566,0.817,15.981
FALSE POSITIVE,63.9354965,1.2,13.321,1.25E+03,2637.6,0.3716,2590,10631.01,57.6,3626,0.684,97.41,10.88
CANDIDATE,83.09708021,0.993,9.2639,1.59E+04,13.83,0.3188,329,2.78,277.2,5286,4.627,0.636,15.678
CONFIRMED,7.891448838,0.306,4.2854,1.03E+04,12.63,0.0813,1028,263.54,1955.1,5972,4.313,1.237,13.435
CANDIDATE,0.839961456,0.548,1.3008,4.93E+02,1.63,0.016,1455,1066.37,35.1,4932,4.618,0.718,15.929
CONFIRMED,2.578852119,0.625,2.3581,3.34E+02,1.63,0.0362,1230,540.56,36.7,5743,4.553,0.853,15.106
FALSE POSITIVE,9.04189129,0.967,2.789,7.83E+02,3.24,0.0829,729,66.83,34.5,5237,4.572,0.826,14.88
CONFIRMED,30.22910274,0.77,6.6751,4.43E+02,3.49,0.2072,755,76.88,71.7,6325,4.188,1.518,13.432
FALSE POSITIVE,0.798200403,1.193,1.8261,3.97E+02,24.03,0.0173,2128,4875.01,65.9,6258,4.449,1.031,14.613
FALSE POSITIVE,3.479425638,0.612,3.4479,1.96E+04,12.86,0.0439,1166,435.85,123.3,5907,4.519,0.878,14.041
FALSE POSITIVE,2.92878704,1.212,4.634,5.49E+02,22.76,0.0397,1239,556.77,47.7,5955,4.534,0.883,15.148
CONFIRMED,9.80321143,0.663,4.4617,8.13E+02,2.99,0.0916,896,152.12,53.1,6170,4.472,0.992,15.439
CONFIRMED,24.81097206,0.039,3.2245,2.09E+03,4.22,0.1668,631,37.43,123.9,6086,4.511,0.921,14.373
CANDIDATE,7.136922,0.072,2.8005,2.22E+02,1.38,0.0727,956,197.05,23.7,6086,4.511,0.921,14.373
CONFIRMED,4.8538404,0.943,3.198,1.96E+02,1.72,0.0569,1052,288.7,15.4,5778,4.483,0.968,14.971
CONFIRMED,11.04605365,0.064,4.799,3.08E+02,1.8,0.0981,869,134.66,24.3,6093,4.429,1.025,14.681
FALSE POSITIVE,2.621706694,1.279,1.941,4.57E+03,34.68,0.0342,1288,648.75,24.3,5749,4.436,0.881,15.399
CONFIRMED,3.72020708,0.341,1.892,1.57E+02,0.99,0.0429,954,195.7,15,5017,4.516,0.797,14.293
FALSE POSITIVE,12.26486736,0.818,4.7366,1.13E+04,28.29,0.1135,1077,317.89,560.2,5372,3.81,2.344,14.137
CONFIRMED,8.689301216,0.029,2.563,1.12E+03,2.92,0.0774,782,88.24,70.9,5211,4.447,0.895,14.548
CONFIRMED,20.99757968,0.277,2.454,1.13E+03,2.97,0.1394,582,27.2,44.7,5211,4.447,0.895,14.548
FALSE POSITIVE,0.979442525,0.388,1.0348,4.69E+02,1.64,0.0181,1567,1420.01,27,5532,4.607,0.745,15.747
CONFIRMED,3.120828136,0.784,2.1878,1.65E+04,14.16,0.0428,1303,680.79,113.5,6122,4.471,0.996,14.804
CONFIRMED,15.13590453,0.46,2.236,2.56E+02,2.57,0.1286,933,179.16,19.8,6050,4.137,1.572,13.964
FALSE POSITIVE,1.399326503,0.009,1.8305,2.06E+02,1,0.022,1143,402.58,22.7,4502,4.572,0.728,15.447
CONFIRMED,1.937029968,0.105,1.4727,3.12E+02,0.87,0.0242,802,97.94,42.8,4042,4.761,0.49,14.39
CONFIRMED,7.06117322,0.845,1.0406,4.82E+02,1.23,0.0574,521,17.41,27.2,4042,4.761,0.49,14.39
CONFIRMED,20.55331441,0.795,5.3136,6.78E+02,3.19,0.1542,749,74.49,40.6,6325,4.409,1.112,14.829
CONFIRMED,40.0686713,0.029,5.8875,9.71E+02,3.1,0.2234,560,23.27,62,6026,4.411,0.992,14.683
CONFIRMED,114.73658,0.595,12.0355,4.85E+03,12.28,0.4572,476,12.13,230.6,5597,3.963,1.699,14.6
CONFIRMED,191.239133,0.876,16.942,1.06E+03,6.47,0.6428,401,6.14,36.8,5597,3.963,1.699,14.6
CANDIDATE,5.83393857,0.398,4.5813,1.34E+02,1.98,0.0628,1285,642.83,17.6,5597,3.963,1.699,14.6
FALSE POSITIVE,24.3282251,4.426,6.158,1.12E+03,294.02,0.1566,520,17.33,26.4,5286,4.59,0.78,15.952
CONFIRMED,10.41572666,0.682,2.7719,8.25E+02,3.01,0.0917,797,95.64,69.3,5511,4.426,0.987,14.072
CONFIRMED,14.97031664,0.352,5.884,2.91E+02,2.53,0.1215,883,143.33,28.9,5726,4.123,1.483,14.167
CONFIRMED,32.2753853,0.608,8.622,2.24E+02,2.31,0.2027,683,51.5,17.9,5726,4.123,1.483,14.167
CANDIDATE,6.33027476,0.3288,3.67,8.92E+01,1.02,0.0662,1046,283.31,9.8,5900,4.363,1.07,14.167
CONFIRMED,38.3262237,0.963,3.073,3.92E+02,2.43,0.2084,480,12.56,15,5229,4.441,0.903,14.31
CONFIRMED,4.04355245,0.984,1.965,4.16E+02,1.75,0.0413,613,33.34,21.2,3871,4.744,0.532,14.963
CANDIDATE,5.59728249,0.473,1.795,1.41E+03,3.28,0.0608,930,176.53,30.8,5610,4.551,0.858,15.969
CONFIRMED,5.52418625,0.492,2.826,4.91E+02,2.25,0.0583,976,214.86,20.7,5334,4.372,1.004,15.377
CONFIRMED,8.77514782,0.504,3.176,3.52E+02,1.91,0.0794,837,115.84,12.7,5334,4.372,1.004,15.377
FALSE POSITIVE,10.12742274,0.696,1.2762,9.34E+02,3.8,0.0983,969,208.77,19.5,6392,4.399,1.162,15.623
FALSE POSITIVE,0.870693883,0.832,1.2137,4.39E+02,2.09,0.0175,1876,2923.54,55.6,5985,4.519,0.883,14.996
CONFIRMED,27.5071114,0.918,5.907,5.81E+02,2.58,0.1771,569,24.71,30.7,5783,4.539,0.88,15.219
CONFIRMED,5.1443645,0.031,2.703,3.11E+02,1.55,0.0549,923,171.63,20.2,5157,4.445,0.904,15.369
CONFIRMED,18.45848388,0.832,3.3703,5.35E+02,2.5,0.1301,632,37.81,41.5,5311,4.419,0.948,14.516
CONFIRMED,25.9421582,0.577,4.045,5.70E+02,1.95,0.165,501,14.85,31.6,5167,4.585,0.796,14.817
CONFIRMED,21.06075303,0.176,5.2472,3.01E+02,1.78,0.1463,669,47.39,54.4,5706,4.382,1.034,13.182
CONFIRMED,13.08424286,0.701,3.0401,6.62E+02,2.71,0.1068,739,70.51,51.2,5511,4.426,0.987,14.072
CONFIRMED,2.684328541,0.076,2.69382,1.81E+04,12.73,0.036,1265,603.57,2833.1,5561,4.411,0.956,14.29
CANDIDATE,23.3397956,0.4757,1.923,1.25E+02,1.23,0.159,653,43.02,4.5,5671,4.36,1.084,14.072
CONFIRMED,2.806243488,0.043,1.6271,6.00E+02,1.41,0.0328,771,83.53,22.4,4153,4.684,0.581,15.988
FALSE POSITIVE,2.27190723,0.719,5.383,1.49E+02,1.12,0.0321,1318,714.27,36.8,5788,4.506,0.856,14.459
FALSE POSITIVE,7.132351753,1.206,2.9674,7.44E+02,49.34,0.0855,1579,1466.12,91.2,7530,4.08,1.93,13.337
CONFIRMED,6.53194024,0.83,3.3351,7.72E+02,3.09,0.065,907,159.66,39.6,5301,4.391,0.977,15.28
CONFIRMED,51.3011844,0.003,5.359,4.99E+02,2.07,0.2716,492,13.86,19.6,6032,4.508,0.929,14.739
FALSE POSITIVE,1.097211085,1.145,1.6738,3.89E+04,16.07,0.0145,740,71.01,83.5,3497,4.92,0.334,15.155
CONFIRMED,0.938466959,0.054,1.3015,2.17E+02,1.58,0.0182,1876,2919.17,54.4,5499,4.323,1.087,13.757
CANDIDATE,51.3901452,0.946,5.995,4.94E+02,3.62,0.2853,570,24.98,15.4,6074,4.284,1.292,15.03
CONFIRMED,3.217518511,0.638,2.11481,1.43E+04,11.38,0.041,1185,464.73,1287.4,5720,4.473,0.903,14.835
CONFIRMED,4.66271902,0.485,2.757,1.63E+03,3.86,0.0556,1039,274.98,28.2,5729,4.514,0.939,13.297
CONFIRMED,11.8150174,0.875,2.834,1.00E+03,3.48,0.1033,762,79.66,10.5,5729,4.514,0.939,13.297
CONFIRMED,7.834433676,0.714,2.89,2.02E+03,3.47,0.0714,689,53.33,246.6,4920,4.62,0.72,12.231
CONFIRMED,3.005156911,0.844,2.0747,6.92E+02,2.2,0.0377,949,191.27,115.1,4920,4.62,0.72,12.231
CONFIRMED,33.3856176,0.562,5.0361,5.53E+02,2.48,0.2012,580,26.73,37.1,5833,4.407,1.022,14.264
FALSE POSITIVE,8.48039789,0.486,6.249,2.60E+02,1.71,0.0795,866,132.85,22.7,5401,4.364,1.05,14.673
FALSE POSITIVE,1.333395306,0.151,1.188,1.15E+02,0.86,0.0221,1390,880.53,11.5,5199,4.527,0.811,15.299
CONFIRMED,7.71467686,0.899,4.5871,2.34E+02,4.65,0.0915,1622,1636.72,33.3,6900,3.843,2.599,12.082
CONFIRMED,4.4444826,0.941,3.686,1.63E+02,1.71,0.0552,1217,518.45,18,6240,4.426,1.079,15.216
FALSE POSITIVE,21.3781146,0.906,19.359,5.56E+02,3.18,0.1611,727,65.94,35.4,6218,4.417,1.131,15.686
CONFIRMED,29.5422566,0.959,13.902,8.80E+02,3.15,0.1792,515,16.56,39.5,5510,4.572,0.803,15.481
CONFIRMED,144.551628,0.887,16.599,1.04E+03,3.06,0.5164,303,1.99,27.1,5510,4.572,0.803,15.481
CANDIDATE,186.4361811,0.921,5.774,4.35E+03,11.32,0.6233,353,3.66,66.5,5393,4.132,1.37,15.402
CONFIRMED,8.04727721,0.937,5.159,4.86E+02,2.33,0.077,855,126.56,36.1,5840,4.553,0.849,15.068
CONFIRMED,5.87063416,0.642,2.5736,5.06E+02,1.44,0.0545,616,33.99,23.2,4166,4.66,0.612,15.961
CONFIRMED,15.35876777,0.487,4.1223,1.46E+04,10.89,0.1157,662,45.46,812.6,5422,4.484,0.887,14.991
CONFIRMED,29.5390897,0.213,4.139,4.03E+02,2.51,0.204,714,61.49,18.8,6572,4.365,1.238,15.111
CANDIDATE,35.6364022,0.654,4.888,4.53E+02,1.99,0.2104,537,19.62,15.7,5926,4.532,0.887,15.614
FALSE POSITIVE,0.94773253,1.186,1.7645,1.13E+04,45.58,0.0182,2321,6862.81,103.9,6302,4.183,1.269,11.51
FALSE POSITIVE,0.784031658,0.102,0.7773,3.52E+02,1.55,0.0163,1705,1995.65,28.2,5435,4.578,0.824,15.479
CANDIDATE,8.98128472,0.294,5.0397,4.92E+03,7.19,0.0882,898,153.36,76.6,5977,4.473,1.022,15.703
CONFIRMED,13.07141889,0.751,3.0946,2.51E+02,2.47,0.113,964,203.87,32,6122,4.173,1.439,13.717
FALSE POSITIVE,0.692015479,1.267,1.1315,4.52E+03,19.31,0.0122,1057,294.34,163.4,3752,4.747,0.497,15.692
FALSE POSITIVE,17.0421346,0.784,7.507,3.62E+03,5.14,0.1227,594,29.47,108.9,5367,4.59,0.773,15.57
FALSE POSITIVE,7.94671044,1.255,2.8419,6.08E+03,27.43,0.0712,673,48.5,165.3,4859,4.626,0.702,15.791
FALSE POSITIVE,3.74781242,1.258,5.241,5.37E+03,38.04,0.0473,1172,446.47,44.8,5780,4.438,1,17.445
CANDIDATE,192.667139,0.911,5.443,1.15E+03,3.64,0.6219,283,1.52,26,5401,4.487,0.878,14.879
CONFIRMED,3.989544192,0.085,1.591,1.90E+02,0.93,0.0449,903,157.1,26.2,5229,4.643,0.688,14.083
CONFIRMED,17.9776037,0.721,4.605,2.14E+02,1.58,0.1372,752,75.61,23.3,6296,4.46,1.006,14.307
CONFIRMED,11.8693144,0.73,4.653,1.02E+02,1.09,0.104,864,131.58,13.9,6296,4.46,1.006,14.307
CONFIRMED,12.98494603,0.046,3.4497,2.57E+02,1.64,0.1055,818,105.74,38.4,5948,4.384,1.025,13.029
FALSE POSITIVE,7.300735516,0.446,5.78725,1.31E+04,13.32,0.0777,1086,328.98,1640,6434,4.394,1.138,14.933
CONFIRMED,19.17893976,0.004,5.144,7.53E+02,2.4,0.1392,640,39.65,34.3,5767,4.538,0.881,15.401
CONFIRMED,6.99130452,0.74,2.1568,5.55E+02,1.95,0.0679,716,62.05,36.3,4847,4.606,0.761,14.94
CANDIDATE,52.971584,1.259,3.4632,3.88E+03,29.02,0.257,402,6.19,51.4,5204,4.55,0.789,15.7
CONFIRMED,3.517494725,0.742,1.5639,5.33E+02,1.42,0.0378,704,58.08,52.6,4132,4.699,0.564,14.699
CONFIRMED,6.93365167,0.904,4.608,1.20E+02,1.7,0.0715,1104,351.27,20.1,5861,4.212,1.304,14.042
CANDIDATE,5.91393977,0.0896,0.562,8.40E+01,1.07,0.0682,1112,361,2.8,6194,4.415,1.129,14.042
CONFIRMED,61.0373591,0.071,8.378,4.38E+02,3.38,0.3359,610,32.74,40.2,6309,4.154,1.614,14.171
CONFIRMED,33.8677783,0.787,3.72,8.95E+02,2.31,0.1805,394,5.69,23.8,4564,4.593,0.691,15.81
CANDIDATE,14.62399621,1.209,2.193,1.08E+03,21.92,0.1131,681,50.91,25,5753,4.57,0.815,15.789
FALSE POSITIVE,1064.268096,0.447,11.5521,2.28E+04,33.63,2.1525,281,1.47,1171.2,6340,3.833,2.173,12.328
FALSE POSITIVE,2.113202658,3.178,3.5234,2.10E+03,207.71,0.0306,1281,635.47,97.2,5482,4.502,0.858,15.465
CANDIDATE,9.771462706,0.946,1.767,6.93E+03,10.15,0.0878,799,96.39,215,5812,4.551,0.853,14.245
CANDIDATE,281.5628889,0,8.853,2.10E+04,10.83,0.7659,214,0.49,237.1,4810,4.536,0.776,15.962
FALSE POSITIVE,1.157808038,1.203,3.6705,8.67E+02,22.9,0.0214,1579,1472.38,78.8,5566,4.532,0.886,15.837
FALSE POSITIVE,6.14281498,0.67,4.624,1.22E+02,1.82,0.0695,1355,796.26,36,6495,4.128,1.554,13.45
CONFIRMED,5.69919592,0.007,2.3906,1.59E+02,1.16,0.0622,964,204.18,35.3,5646,4.493,0.932,13.069
CONFIRMED,18.11473813,0.896,5.2706,2.42E+02,2.49,0.1432,830,112.43,51.3,6109,4.247,1.36,12.841
CONFIRMED,6.24145791,0.029,3.0998,1.64E+02,1.6,0.067,1111,360.09,30.8,5810,4.25,1.259,13.939
CONFIRMED,20.4222447,0.059,6.22,1.89E+02,1.78,0.1536,785,89.74,34.7,6119,4.274,1.299,13.47
CONFIRMED,8.72585478,0.911,4.473,4.47E+02,2.86,0.0827,985,222.19,37.7,6036,4.326,1.131,14.764
CONFIRMED,12.88291395,0.962,5.676,4.61E+02,3.15,0.1072,865,132.23,33.6,6036,4.326,1.131,14.764
CONFIRMED,27.4345973,0.603,5.038,4.73E+02,2.56,0.1774,672,48.29,25.3,6036,4.326,1.131,14.764
CONFIRMED,4.22453631,0.823,3.128,1.59E+02,1.6,0.051,1254,584.24,16.7,6036,4.326,1.131,14.764
CONFIRMED,44.5520266,0.689,6,3.62E+02,2.29,0.2451,572,25.3,16.7,6036,4.326,1.131,14.764
CONFIRMED,52.069002,0.275,3.0089,5.58E+02,2.92,0.2739,524,17.76,25.6,5565,4.251,1.246,14.279
CONFIRMED,2.418406841,0.018,2.0744,6.65E+02,2.25,0.0337,1226,535.84,69.1,5422,4.484,0.887,14.991
CANDIDATE,8.51170088,,2.9,,,,,,,,,,14.279
FALSE POSITIVE,5.0825188,0.522,3.328,1.05E+02,0.88,0.0564,968,207.45,17.1,5706,4.561,0.834,14.445
CANDIDATE,6.93910337,0.966,2.977,6.15E+02,1.41,0.0546,445,9.28,22.9,3638,4.844,0.42,15.855
CONFIRMED,9.11500269,0.675,4.558,2.68E+02,1.78,0.0866,906,159.34,21.7,5962,4.431,1.028,14.63
FALSE POSITIVE,8.48031942,0.918,7.297,1.43E+03,4.54,0.081,918,168.01,92.8,5951,4.439,0.991,15.262
CONFIRMED,13.7223682,0.009,5.1231,5.71E+02,2.23,0.1048,746,73.16,97.9,5637,4.399,0.943,13.749
FALSE POSITIVE,3.582076914,0.966,4.4228,1.53E+03,5.33,0.0451,1265,604.27,138.4,6109,4.422,0.993,15.193
CONFIRMED,15.43400996,0.707,4.2572,1.79E+03,4.3,0.124,721,63.79,59.7,5900,4.509,0.951,15.703
FALSE POSITIVE,1.780984316,0.782,2.173,5.91E+02,2.33,0.0285,1397,899.03,46,5730,4.545,0.87,15.516
CONFIRMED,7.63846084,0.405,3.957,7.17E+01,1.12,0.0797,1089,333.3,16.6,6119,4.274,1.299,13.47
CONFIRMED,70.6981724,0.026,6.632,3.58E+02,1.63,0.328,417,7.11,37.7,5811,4.536,0.866,13.046
CONFIRMED,3.74443645,0.169,2.9191,7.33E+01,1.1,0.0492,1328,736.89,25.4,5876,4.269,1.293,12.71
CANDIDATE,10.19154678,0.659,6.165,6.13E+01,1.39,0.0967,1144,404.17,27.6,6212,4.049,1.684,11.74
FALSE POSITIVE,10.5815819,0.202,6.66929,1.13E+05,53.19,0.0963,1098,342.98,1241.4,6168,4.074,1.567,13.936
FALSE POSITIVE,2.819453322,0.532,4.4127,7.19E+04,29.8,0.0377,1357,803.4,202,5767,4.33,1.074,14.569
CANDIDATE,12.89006728,0.082,3.555,6.03E+02,1.93,0.0992,620,34.99,23.6,4915,4.512,0.812,15.674
CANDIDATE,23.21050996,0.954,3.09802,2.87E+04,21.19,0.1533,595,29.69,958.7,5875,4.572,0.809,14.228
CONFIRMED,2.35574505,0.5,1.796,2.67E+02,1.34,0.0319,1093,338.4,17,4915,4.512,0.812,15.674
CANDIDATE,4.74666128,0.441,2.093,2.57E+02,1.3,0.051,865,132.4,12.5,4915,4.512,0.812,15.674
CONFIRMED,19.65639342,0.955,3.226,8.43E+02,2.83,0.1335,549,21.5,25.5,5288,4.613,0.74,15.372
FALSE POSITIVE,62.81584402,1.31,2.6901,1.69E+03,57.62,0.3444,582,27.14,54.6,6340,4.23,1.492,12.849
CONFIRMED,70.468171,0.031,6.653,9.22E+02,3.46,0.3512,511,16.17,45,6461,4.396,1.131,14.811
FALSE POSITIVE,56.86716792,,4.23,,,,,,,,,,15.886
CONFIRMED,3.93246069,0.416,2.1763,4.56E+02,1.65,0.0444,894,151.31,30.6,4841,4.533,0.779,15.32
CONFIRMED,0.921030497,0.025,2.6077,1.02E+02,1.62,0.0192,2362,7380.64,27,5843,4.069,1.615,14.542
CONFIRMED,5.960400011,0.8,2.8617,8.28E+02,2.85,0.0639,890,148.26,126.1,5418,4.534,0.886,12.557
CONFIRMED,85.3514875,0.052,6.7504,4.67E+03,6.31,0.3751,390,5.44,142.8,5584,4.478,0.938,15.061
CANDIDATE,23.02028478,0.794,3.544,5.08E+03,7.58,0.1608,604,31.4,97.2,5613,4.496,0.956,15.573
CONFIRMED,69.72646639,0.019,3.7177,4.49E+03,11.65,0.371,613,33.3,300.7,6430,4.107,1.731,13.005
CONFIRMED,1.609321941,0.016,1.6067,7.29E+02,1.57,0.0228,958,199.28,35.3,4224,4.662,0.603,15.937
CONFIRMED,9.51220046,0.133,2.9497,1.17E+03,1.99,0.0745,530,18.66,31.9,4224,4.662,0.603,15.937
CONFIRMED,4.72941177,0.236,2.234,4.34E+02,1.22,0.0468,669,47.3,14.6,4224,4.662,0.603,15.937
CONFIRMED,4.887803076,0.054,2.36255,4.32E+03,4.82,0.053,800,96.67,862.3,4778,4.591,0.763,9.174
CONFIRMED,4.437962934,0.069,4.69813,1.64E+04,18.05,0.0545,1338,757.65,3535.6,5953,4.175,1.415,13.438
CONFIRMED,20.74028645,0.431,10.3939,1.02E+03,4.24,0.154,798,95.68,155.3,6226,4.264,1.299,13.955
FALSE POSITIVE,1.207852845,1.113,3.5802,4.97E+04,38.59,0.0205,1539,1331.31,205.9,5601,4.533,0.797,15.559
FALSE POSITIVE,2.379282197,0.003,3.1729,4.84E+04,25.74,0.0374,1571,1442.19,538,6392,4.399,1.162,15.189
FALSE POSITIVE,26.0692512,1.206,7.487,8.32E+02,23.61,0.1581,591,28.85,59.7,5585,4.409,0.91,14.106
CONFIRMED,9.69501146,0.293,2.75,5.15E+02,2.08,0.089,833,114.06,18.3,5896,4.516,0.914,15.809
CONFIRMED,15.3825394,0.015,3.815,5.51E+02,2.14,0.1211,714,61.61,18.4,5896,4.516,0.914,15.809
FALSE POSITIVE,1.818939148,0.56,1.644,3.31E+02,1.82,0.0295,1549,1364.15,39.3,6153,4.487,0.962,15.134
CONFIRMED,40.1097817,0.016,5.2096,7.32E+02,3.11,0.223,556,22.65,40.3,5509,4.265,1.169,14.904
CANDIDATE,0.708621057,0.033,1.5041,1.88E+02,1.2,0.0149,1846,2741.07,30.5,5422,4.484,0.887,14.991
CONFIRMED,2.46106962,0.575,2.184,8.42E+01,0.84,0.0354,1195,483.09,18,5418,4.534,0.886,12.557
FALSE POSITIVE,3.403743926,1.075,1.5017,8.16E+02,10.77,0.0429,1101,346.98,59.5,5596,4.533,0.853,14.98
CONFIRMED,8.03753796,0.821,2.9118,2.87E+02,1.54,0.0719,744,72.44,31.1,5044,4.511,0.804,14.471
FALSE POSITIVE,2.43902575,0.483,1.1598,8.25E+01,2.61,0.0436,2307,6700.04,20.5,6546,3.817,2.784,11.041
CONFIRMED,56.3587987,0.906,6.927,2.56E+03,5.04,0.2698,419,7.29,44.4,5446,4.525,0.821,15.792
CONFIRMED,242.467406,0.173,12.808,3.40E+02,1.73,0.7106,286,1.59,23.2,5637,4.399,0.943,13.749
CANDIDATE,169.4976085,0.625,7.77,1.22E+04,9.06,0.5754,272,1.29,82.8,5270,4.592,0.787,15.917
CONFIRMED,76.13622222,0.044,7.9393,2.95E+03,4.78,0.3403,399,6.01,339.4,5591,4.494,0.892,12.45
FALSE POSITIVE,4.9883872,0.939,9.142,6.38E+02,2.59,0.0553,990,227.27,52.9,5819,4.565,0.823,15.752
FALSE POSITIVE,2.586878667,0.651,6.1614,2.55E+04,19.84,0.0381,1666,1823.52,261.3,6812,4.343,1.172,12.897
FALSE POSITIVE,3.964333304,0.094,4.7136,2.59E+04,37.09,0.053,1680,1881.78,408.5,5758,3.808,2.318,14.985
FALSE POSITIVE,1.525924389,1.217,3.15998,2.46E+04,49.86,0.0268,1722,2072.8,423.9,6203,4.427,1.06,15.063
FALSE POSITIVE,5.910371418,0.065,3.88962,1.72E+04,12.62,0.0646,1053,290.83,990.3,6200,4.488,0.958,15.169
CANDIDATE,0.917568975,0.667,2.0654,1.58E+04,11.92,0.0186,1748,2197.57,128.1,5713,4.541,0.893,14.456
CONFIRMED,5.92365747,0.045,2.6302,4.07E+02,0.99,0.0515,531,18.87,26.4,3883,4.762,0.496,15.157
CONFIRMED,105.3582299,0.75,3.81,1.21E+03,1.87,0.351,204,0.41,22.6,3883,4.762,0.496,15.157
CONFIRMED,3.24325988,0.117,3.03318,1.65E+04,12.91,0.0433,1243,563.17,1586.2,5823,4.438,1.013,14.952
CANDIDATE,7.79668781,0.005,4.6699,3.61E+02,2.44,0.0848,1116,366.42,48.5,6521,4.352,1.276,12.681
CONFIRMED,56.4758069,0.862,5.961,1.09E+03,3.22,0.2838,417,7.14,70,5497,4.57,0.839,14.279
CONFIRMED,92.8747294,0.917,7.474,6.59E+02,2.64,0.3953,353,3.68,37.9,5497,4.57,0.839,14.279
CONFIRMED,1.538180949,0.932,1.2635,8.41E+02,1,0.0167,602,30.85,47.7,3364,4.978,0.274,15.722
CONFIRMED,10.4188915,0.856,3.0069,6.70E+02,3.17,0.0917,855,126.48,42.1,5692,4.36,1.064,14.86
CONFIRMED,20.4998763,0.943,6.501,4.38E+02,2.8,0.1528,731,67.67,21.1,6249,4.428,1.076,15.442
CONFIRMED,1.921437488,0.919,1.9046,2.79E+02,1.77,0.0279,1276,626.79,56.7,5238,4.472,0.851,14.131
CONFIRMED,96.109323,0.948,9.877,9.82E+02,4.01,0.3928,409,6.59,28.7,5792,4.375,1.005,15.321
CONFIRMED,20.38174802,0.295,3.7922,1.60E+03,3.16,0.1345,528,18.36,46.8,4883,4.515,0.808,15.887
CANDIDATE,7.00447892,0.139,2.669,2.31E+02,1.19,0.066,754,76.26,9.9,4883,4.515,0.808,15.887
CONFIRMED,5.101375725,0.027,2.595,8.95E+02,2.84,0.058,1050,287.28,55.1,5869,4.479,0.954,15.455
FALSE POSITIVE,17.7940049,3.72,4.091,8.79E+02,312.48,0.1378,762,79.54,27.7,6273,4.442,1.044,15.378
FALSE POSITIVE,3.47021401,0.076,2.289,1.11E+03,2.4,0.0403,933,179.02,8.3,4922,4.555,0.744,15.305
CANDIDATE,30.69395532,0.001,2.9512,1.81E+04,13.72,0.1976,614,33.69,196.6,6137,4.46,1.018,15.673
FALSE POSITIVE,2.139325409,1.019,2.8056,6.90E+03,11.61,0.029,1007,243.34,164.4,4765,4.642,0.666,14.708
CANDIDATE,29.48106127,0.983,3.6636,1.19E+04,16.61,0.1706,571,25.1,332,5631,4.41,0.901,15.135
CONFIRMED,572.376632,0.712,24.42,1.74E+03,5.8,1.4062,264,1.15,78.6,6226,4.264,1.299,13.955
FALSE POSITIVE,2.233799622,1.249,3.04,2.66E+03,28.63,0.0327,1287,650.73,228.9,5741,4.555,0.846,15.195
FALSE POSITIVE,31.13862664,0.889,5.2482,1.14E+04,12.88,0.2009,582,27.22,163.7,5919,4.485,1,15.821
CONFIRMED,13.93068791,0.912,2.312,1.87E+02,1.4,0.1116,665,46.19,14.9,5497,4.57,0.839,14.279
CONFIRMED,20.4074846,0.986,8.839,3.63E+02,2.9,0.1473,660,44.8,24.5,5823,4.472,0.972,14.802
FALSE POSITIVE,12.36564669,1.22,3.644,3.88E+02,24.89,0.1059,804,98.51,22.8,6075,4.495,0.952,14.59
CONFIRMED,10.35078415,0.79,6.253,2.73E+02,1.97,0.0907,842,119.01,36.5,5534,4.338,1.08,14.659
CONFIRMED,62.9224936,0.928,11.64,4.18E+02,2.75,0.302,462,10.73,28.7,5534,4.338,1.08,14.659
CANDIDATE,32.7737631,0.971,3.416,5.65E+02,5,0.202,686,52.22,21.7,5640,4.076,1.534,14.758
CONFIRMED,38.6520796,0.038,5.607,5.67E+02,2.07,0.2141,487,13.28,24.8,5422,4.484,0.887,14.991
CONFIRMED,14.20442616,0.011,3.898,8.01E+02,1.9,0.1041,602,31.1,26.7,5350,4.647,0.678,15.469
CONFIRMED,55.673582,0.274,3.778,7.65E+02,2.19,0.2658,384,5.16,22.7,4998,4.53,0.808,15.061
CONFIRMED,6.82778157,0.336,2.3726,5.46E+02,1.34,0.059,577,26.31,32.2,4198,4.689,0.574,15.224
FALSE POSITIVE,0.687895191,0.018,2.4233,4.63E+02,1.35,0.0131,1391,888.72,60.9,4478,4.615,0.651,15.657
CONFIRMED,127.2824442,0.827,7.1545,8.09E+03,12.04,0.4913,392,5.61,148.1,5733,4.281,1.183,15.505
CONFIRMED,10.06083238,0.672,4.5718,4.60E+02,2.58,0.0894,899,154.16,86.4,5705,4.297,1.14,13.844
CONFIRMED,30.1837021,0.011,5.879,9.75E+02,3.65,0.1882,634,38.2,37.9,5733,4.281,1.183,15.505
FALSE POSITIVE,2.92928244,1.14,6.794,2.69E+02,38.42,0.0432,2112,4706.45,39.2,6634,3.831,2.251,12.674
CANDIDATE,77.63424586,0.113,4.1002,1.66E+04,9.4,0.3215,325,2.65,185.5,4812,4.548,0.755,15.915
CONFIRMED,52.75878505,0.344,6.6517,5.81E+03,8.76,0.2944,540,20.08,265.4,6228,4.413,1.137,15.182
FALSE POSITIVE,1.332564478,1.248,6.0325,1.07E+03,27.04,0.0234,1618,1627.5,119.6,5995,4.536,0.878,15.866
FALSE POSITIVE,41.0772969,0.03,5.525,1.22E+03,3.25,0.2138,523,17.74,28.8,5665,4.381,0.938,14.907
FALSE POSITIVE,135.9121619,1.256,5.628,1.02E+04,40.18,0.5151,370,4.41,99.5,6141,4.468,0.959,15.535
CONFIRMED,42.4729078,0.361,7.253,3.34E+02,2.03,0.2348,539,19.93,22.8,5616,4.327,1.111,14.601
CONFIRMED,15.17026921,0.917,4.3311,2.25E+02,2.47,0.1291,905,158.23,45.4,6297,4.26,1.369,13.147
CONFIRMED,39.4576228,0.967,9.557,2.45E+02,2.8,0.2441,658,44.26,41.6,6297,4.26,1.369,13.147
CONFIRMED,17.8159689,0.911,3.6765,7.77E+02,3.12,0.1321,699,56.48,22.5,5964,4.484,0.933,15.2
CONFIRMED,36.5157639,0.787,3.6577,8.61E+02,2.55,0.1977,425,7.71,34.7,4847,4.54,0.781,14.254
CONFIRMED,14.07969236,0.544,1.375,1.70E+02,2.08,0.1176,931,177.81,26.2,5821,4.097,1.547,12.261
CONFIRMED,16.54081386,0.688,2.5996,3.70E+02,1.57,0.1183,570,24.87,32.8,5064,4.572,0.769,13.755
CONFIRMED,3.609313059,0.408,1.7752,1.38E+03,3.26,0.0455,1092,336.16,35,5668,4.545,0.868,15.54
CONFIRMED,1.93155546,0.861,1.614,5.05E+02,2.25,0.0299,1290,655.43,8.6,5461,4.552,0.858,13.007
CONFIRMED,8.41100305,0.905,2.4553,7.56E+02,1.8,0.0665,472,11.71,27.6,3757,4.718,0.539,15.773
CONFIRMED,13.52252364,0.216,3.987,6.91E+02,2.11,0.1063,652,42.82,22.4,5338,4.557,0.816,13.895
CONFIRMED,134.2520474,0.001,9.0636,8.32E+02,3.43,0.512,393,5.63,57.2,5818,4.276,1.2,13.35
CONFIRMED,3.268695042,0.065,3.45188,1.01E+04,16.91,0.0453,1597,1539,1429.9,5927,4.046,1.691,14.879
CONFIRMED,99.7468804,0.828,6.804,1.29E+03,3.94,0.3907,391,5.55,45.6,5620,4.363,0.974,14.422
FALSE POSITIVE,22.84156293,1.267,2.5997,2.94E+03,30,0.1499,557,22.78,47.6,5381,4.538,0.826,15.911
CONFIRMED,11.720124,0.623,3.0039,9.76E+03,7.94,0.0935,660,44.89,707.3,5215,4.564,0.77,14.518
CONFIRMED,4.33643506,0.641,4.1445,1.09E+02,1.75,0.0564,1453,1054.56,48,6180,4.133,1.603,11.704
CONFIRMED,15.95541913,0.314,3.9851,7.63E+02,2.18,0.114,573,25.54,39,4891,4.516,0.805,15.261
CONFIRMED,8.25980352,0.161,2.928,2.98E+02,1.35,0.0735,714,61.43,18.3,4891,4.516,0.805,15.261
CONFIRMED,62.5613879,0.842,5.907,1.37E+03,3.54,0.3017,417,7.13,35,5662,4.56,0.84,15.5
CONFIRMED,8.96847034,0.558,4.4073,2.34E+02,2.17,0.086,1024,259.95,38.2,5808,4.185,1.374,14.128
CONFIRMED,1.907810683,0.41,1.8707,1.21E+02,0.91,0.0295,1268,609.28,40.9,5435,4.578,0.824,12.852
CANDIDATE,32.85862571,0.955,3.1483,1.63E+02,2.31,0.2006,691,53.85,36.4,5899,4.135,1.414,10.77
FALSE POSITIVE,48.11881255,1.079,5.27958,6.99E+04,45.18,0.2549,490,13.6,2145.1,6003,4.536,0.872,14.474
CANDIDATE,2.229326354,0.249,1.9946,4.91E+01,0.6,0.0324,1273,621.53,24.6,5587,4.525,0.865,10.687
CONFIRMED,2.514628496,0.247,1.6239,2.28E+02,1.27,0.0354,1217,517.89,33.3,5662,4.56,0.84,14.325
CONFIRMED,8.025118521,0.454,5.3694,3.12E+03,7.79,0.0804,1093,336.73,373,6002,4.196,1.369,14.153
CONFIRMED,5.79529495,0.714,2.272,3.34E+02,1.05,0.0519,534,19.23,14.8,3757,4.718,0.539,15.773
CONFIRMED,73.7578875,0.714,2.69,1.84E+03,4.28,0.3259,375,4.66,20.2,5029,4.429,0.93,15.213
CANDIDATE,8.56267266,0.335,1.53,6.08E+02,2.26,0.0776,768,82.22,15.2,5029,4.429,0.93,15.213
CONFIRMED,8.30537702,0.489,3.751,3.66E+02,1.69,0.0766,809,101.43,28.5,5435,4.495,0.873,14.779
CONFIRMED,13.22714056,0.013,3.2861,8.12E+02,2.22,0.1027,638,39.1,51.8,5180,4.548,0.8,14.443
CONFIRMED,51.8098276,0.273,6.343,1.03E+03,2.6,0.2571,410,6.71,56.8,5191,4.53,0.826,14.122
CONFIRMED,4.38536428,0.335,2.5126,1.99E+02,1.15,0.0496,935,180.22,25.9,5191,4.53,0.826,14.122
CONFIRMED,34.20578508,0.319,5.1691,1.83E+02,1.1,0.1949,471,11.67,11.6,5191,4.53,0.826,14.122
CONFIRMED,13.97945055,0.924,1.2325,3.56E+02,1.97,0.1074,635,38.44,17.1,5191,4.53,0.826,14.122
CONFIRMED,3.554856338,0.331,2.1004,2.33E+02,1.29,0.0444,1157,425.04,40.8,6068,4.565,0.831,14.053
CONFIRMED,5.28790754,0.474,8.5274,3.44E+02,7.1,0.0671,1661,1802.31,90.6,4994,3.433,3.818,13.427
CONFIRMED,8.45746636,0.209,2.2906,1.32E+03,1.87,0.0661,540,20.08,21.8,4347,4.73,0.524,15.862
CONFIRMED,17.28116957,0.206,2.829,1.56E+03,2.04,0.1064,425,7.75,20.3,4347,4.73,0.524,15.862
CONFIRMED,32.1340014,0.256,2.691,1.26E+03,1.84,0.161,346,3.39,11.8,4347,4.73,0.524,15.862
CONFIRMED,59.7711433,0.899,4.843,5.75E+02,3.17,0.3096,522,17.53,38.5,6214,4.382,1.122,13.952
CONFIRMED,4.417692516,0.971,2.323,2.79E+02,1.57,0.047,790,92.16,35.1,4766,4.645,0.664,14.31
CONFIRMED,10.08744556,0.921,2.9884,5.68E+02,3.15,0.0956,942,186.14,39.9,6310,4.417,1.095,15.079
CONFIRMED,16.34355902,0.716,5.474,8.29E+02,3.26,0.1264,730,67.34,34,5730,4.394,1.056,15.017
CONFIRMED,21.96401646,0.483,2.7509,6.93E+02,2.57,0.1503,643,40.41,26.9,5774,4.447,0.958,15.378
CONFIRMED,125.602323,0.065,7.105,9.26E+02,2.89,0.4806,360,3.95,23.3,5774,4.447,0.958,15.378
CONFIRMED,12.51353325,0.596,4.301,4.31E+02,1.88,0.1007,706,58.69,30,5435,4.495,0.873,14.779
CONFIRMED,17.9134215,0.832,4.364,1.98E+02,1.39,0.1279,626,36.38,11.4,5435,4.495,0.873,14.779
CONFIRMED,25.2149143,0.599,5.76,1.74E+02,1.19,0.1607,559,23.05,9.9,5435,4.495,0.873,14.779
CONFIRMED,5.42586901,0.1,2.5342,2.59E+02,1.48,0.0601,973,211.66,26.1,5594,4.489,0.934,14.305
CONFIRMED,19.58561177,0.964,1.755,5.33E+02,3.09,0.1379,666,46.51,27.1,5618,4.401,0.996,14.18
CONFIRMED,4.544436472,0.731,1.8141,8.79E+02,3,0.0522,1017,253.48,42.5,5445,4.458,0.937,15.009
CONFIRMED,12.76220558,0.955,2.0688,6.54E+02,3.18,0.104,721,63.86,17.4,5445,4.458,0.937,15.009
CONFIRMED,38.7149617,0.691,3.441,6.95E+02,2.62,0.2179,498,14.55,16.2,5445,4.458,0.937,15.009
FALSE POSITIVE,8.78458274,0.681,6.459,2.11E+02,2.6,0.0876,1149,411.55,25.9,5927,4.046,1.691,14.879
CONFIRMED,3.69298623,0.775,1.7744,7.63E+02,1.74,0.0389,745,72.66,33.9,4402,4.682,0.572,14.265
CONFIRMED,5.334082429,0.045,6.2226,4.68E+03,13.08,0.0665,1495,1180.64,653.4,6332,4.016,1.905,14.463
CONFIRMED,6.4980147,0.92,2.4384,1.91E+02,1.87,0.0669,1026,262.18,41.2,5727,4.328,1.104,13.25
CONFIRMED,19.76169247,0.924,3.9097,3.93E+02,2.81,0.1464,791,92.38,35.3,6327,4.327,1.175,14.563
CONFIRMED,5.18498961,0.021,2.1397,4.30E+02,1.15,0.048,652,42.62,36.4,4325,4.68,0.56,14.744
CONFIRMED,85.6542476,0.012,6.866,4.76E+02,3.56,0.3986,522,17.51,36.6,5818,4.065,1.647,13.34
CONFIRMED,19.32945602,0.009,3.794,9.36E+02,2.26,0.1338,529,18.57,26.8,5026,4.604,0.763,15.719
CANDIDATE,17.79108667,0.654,2.662,4.14E+02,2.88,0.1298,830,112.09,39.8,5855,4.148,1.34,13.8
CONFIRMED,3.290114076,0.203,1.5151,6.45E+02,1.49,0.0361,802,97.96,30.3,4484,4.654,0.594,15.753
FALSE POSITIVE,2.086075752,0.914,2.2647,3.66E+03,10.3,0.0304,1845,2747.42,102.2,6131,4.071,1.417,12.963
CONFIRMED,3.311864148,0.905,1.4049,5.98E+03,9.06,0.0437,1116,365.94,448.2,5461,4.499,0.937,14.256
CANDIDATE,63.0732241,0.746,5.397,6.71E+02,17.8,0.4144,1077,317.78,30,6234,3.209,6.354,13.089
CONFIRMED,2.422084188,0.058,2.5613,1.87E+03,3.55,0.0344,1213,511.66,423.7,5598,4.565,0.83,14.236
CONFIRMED,78.5461106,0.044,8.689,6.59E+02,3.55,0.3659,501,14.85,35.6,5808,4.172,1.397,14.087
CONFIRMED,16.92342126,0.515,4.1864,1.13E+03,3.4,0.1309,702,57.37,40.8,5786,4.465,0.99,15.818
CONFIRMED,5.47665801,0.788,2.5482,6.48E+02,2.01,0.0542,741,71,32.1,4650,4.589,0.706,15.549
CONFIRMED,4.580346161,0.384,2.097,3.08E+02,1.38,0.0506,889,147.56,49.8,5103,4.558,0.789,13.693
CONFIRMED,2.248288213,0.004,2.0361,2.63E+02,1.25,0.0315,1127,380.75,59.7,5103,4.558,0.789,13.693
CONFIRMED,6.76690759,0.648,1.7062,2.49E+02,1.31,0.0656,781,87.79,29.7,5103,4.558,0.789,13.693
CONFIRMED,34.1732156,0.815,4.7679,6.35E+02,2.37,0.2027,465,11.09,38.9,5201,4.573,0.834,13.733
CONFIRMED,16.7364755,0.9,2.151,1.15E+03,2.73,0.1107,464,10.99,9.9,4334,4.618,0.653,14.786
FALSE POSITIVE,137.8645881,1.265,1.922,2.36E+03,15.9,0.4036,170,0.2,28.2,3645,4.797,0.449,14.645
CONFIRMED,12.43929428,0.663,3.176,2.54E+02,1.3,0.0951,627,36.57,24.9,4987,4.531,0.773,13.395
CONFIRMED,7.62635494,0.237,2.4168,2.96E+02,1.21,0.0696,703,57.89,32.5,4955,4.61,0.721,14.017
CANDIDATE,8.710442022,0.935,0.9425,1.20E+03,3.61,0.08,760,78.75,42.6,5416,4.575,0.809,14.816
CONFIRMED,11.35010642,0.035,2.2792,1.22E+03,1.75,0.0796,403,6.25,38.3,3597,4.734,0.514,15.278
CONFIRMED,109.4450597,0.149,3.792,1.27E+03,3.04,0.4276,340,3.14,30.1,5403,4.5,0.868,14.937
CONFIRMED,7.56052209,0.022,3.8573,6.60E+02,2.4,0.0761,914,164.9,34.6,5895,4.503,0.94,15.986
CONFIRMED,12.12401737,0.029,3.3091,7.88E+02,2.37,0.0965,675,48.98,40.1,5094,4.469,0.87,15.09
CONFIRMED,9.38740646,0.946,1.6165,3.85E+02,1.69,0.077,575,25.83,22.3,4500,4.656,0.646,14.028
CONFIRMED,7.41556471,0.434,1.973,1.50E+02,0.79,0.0658,622,35.37,11.8,4500,4.656,0.646,14.028
CONFIRMED,24.2101973,0.45,4.046,4.58E+02,1.5,0.1459,451,9.8,14.1,4650,4.589,0.706,15.549
CONFIRMED,23.8990075,0.153,15.955,2.93E+02,3.26,0.1685,823,108.3,61.5,5511,3.914,1.93,13.153
CONFIRMED,6.22161107,0.838,3.4117,1.65E+02,1.59,0.0693,1101,348.15,29,6277,4.417,1.097,13.977
CONFIRMED,6.17998508,0.175,2.1094,7.51E+02,2.12,0.0615,814,104.06,29,5149,4.551,0.791,15.801
CONFIRMED,1.569066598,0.097,2.7803,1.47E+02,1.68,0.0269,1849,2763.39,48.7,5821,4.172,1.395,13.93
CONFIRMED,9.59068586,0.359,3.452,5.45E+02,3.93,0.0827,1087,329.34,40,5476,3.904,1.673,13.237
CONFIRMED,7.03932913,0.956,3.514,8.37E+02,4.67,0.0734,1060,298.33,48.6,5846,4.278,1.24,14.915
CONFIRMED,49.6075771,0.764,2.9575,6.27E+02,2.12,0.2508,402,6.17,44.9,5187,4.592,0.774,13.218
CONFIRMED,16.84183355,0.688,2.6194,8.22E+02,3.08,0.1261,699,56.43,23.6,5602,4.404,1.009,14.306
CONFIRMED,7.340714946,0.568,2.9987,8.51E+03,14.31,0.0801,1155,421.03,856.3,6056,4.191,1.498,14.412
CONFIRMED,12.55111099,0.519,3.1293,4.94E+02,1.34,0.0896,480,12.56,33.2,4213,4.669,0.598,14.731
CONFIRMED,3.003879547,0.338,3.2848,8.54E+03,10.96,0.0439,1438,1011.87,80.8,6311,4.398,1.172,14.996
CONFIRMED,24.0884178,0.376,3.952,3.87E+02,1.16,0.1384,386,5.26,21,4213,4.669,0.598,14.731
CONFIRMED,12.75800092,0.011,4.1828,1.88E+02,1.49,0.1054,822,107.96,41.7,5782,4.34,1.095,12.776
CONFIRMED,5.47033376,0.074,3.1441,1.12E+02,1.15,0.0599,1090,334.27,32.7,5782,4.34,1.095,12.776
CONFIRMED,6.51112385,0.882,1.6919,6.95E+02,3.09,0.0698,1008,243.67,38.4,6032,4.465,1.001,15.214
CONFIRMED,23.85163321,0.88,2.4453,8.34E+02,3.37,0.1658,654,43.19,28.6,6032,4.465,1.001,15.214
CONFIRMED,2.714078374,0.868,1.3115,1.44E+02,1.38,0.0386,1301,675.86,36.8,5815,4.461,0.992,12.987
CONFIRMED,122.8799543,0.872,7.835,7.18E+02,2.7,0.4629,326,2.66,41.9,5413,4.51,0.861,13.8
CONFIRMED,4.88753111,0.147,2.034,6.80E+02,2.45,0.0574,1003,239.11,17.4,5568,4.499,0.957,15.768
CONFIRMED,6.14728341,0.188,2.7645,1.20E+02,0.79,0.0611,770,83.18,26.8,4997,4.598,0.746,12.906
CONFIRMED,2.800111267,0.806,1.0237,7.07E+02,2.13,0.0343,956,197.81,33.5,4786,4.579,0.704,15.229
CONFIRMED,34.3511339,0.88,4.4408,5.99E+02,2.75,0.2101,576,26.1,28.8,6091,4.487,0.967,14.998
CONFIRMED,3.413036353,0.046,2.61366,3.87E+03,6.62,0.0427,1200,490.24,480.7,5392,4.314,1.087,14.622
CONFIRMED,3.00725068,0.897,4.4302,2.86E+02,1.56,0.0388,1122,373.99,30,5667,4.587,0.781,15.62
CONFIRMED,4.194496867,0.863,1.7807,6.61E+02,1.57,0.0419,577,26.2,45,3706,4.747,0.522,14.404
CANDIDATE,6.35585682,0.912,1.55,1.77E+02,0.86,0.0552,503,15.1,9.2,3706,4.747,0.522,14.404
CONFIRMED,1.970340203,0.859,1.7901,4.03E+02,3.97,0.0303,1599,1540.07,56.3,4883,3.972,1.667,14.438
CONFIRMED,5.05821338,1.004,1.132,7.48E+02,10.69,0.0567,1168,439.8,43.2,4883,3.972,1.667,14.438
CONFIRMED,26.85323647,0.01,4.4557,9.66E+02,2.65,0.162,544,20.77,53.3,5329,4.455,0.869,14.812
CONFIRMED,25.0985083,0.814,2.7727,1.68E+02,1.59,0.1654,656,43.84,21.3,5782,4.34,1.095,12.776
CONFIRMED,34.2685741,0.677,4.8251,6.99E+02,2.44,0.193,477,12.2,38.2,5083,4.468,0.872,14.685
CONFIRMED,5.75321539,0.921,1.7948,7.34E+02,3.14,0.0633,920,169.44,31.8,5445,4.51,0.929,15.196
CONFIRMED,5.50860699,0.879,3.0788,2.04E+02,1.49,0.0585,934,179.62,38.2,5448,4.489,0.883,13.317
CONFIRMED,18.93055119,0.583,3.372,6.84E+02,4.41,0.137,766,81.42,26.2,5015,3.987,1.643,14.417
FALSE POSITIVE,42.94386258,1.285,3.7591,9.21E+03,41.62,0.2238,520,17.26,273,5750,4.4,0.94,14.708
CONFIRMED,22.06402,0.941,4.1,3.89E+02,2.67,0.1624,712,60.81,31.5,6232,4.432,1.09,13.698
CONFIRMED,5.756245244,0.888,1.071,6.24E+02,2.24,0.0582,773,84.16,45.5,4931,4.605,0.734,13.708
CONFIRMED,148.4601819,0.808,5.499,1.53E+03,3.61,0.5238,285,1.56,33.7,5159,4.548,0.821,14.839
CONFIRMED,0.934885365,0.731,1.4083,2.70E+02,3.21,0.0184,2080,4435.29,57.8,4777,3.909,1.795,14.145
CONFIRMED,25.7626846,0.327,6.908,6.20E+02,2.66,0.1709,633,37.99,38,5739,4.381,1.069,15.087
CONFIRMED,11.0317836,0.405,4.753,1.82E+02,1.45,0.0971,840,117.67,14.1,5739,4.381,1.069,15.087
CONFIRMED,4.12511935,0.253,2.877,1.15E+02,0.88,0.049,1016,252.18,21.6,5598,4.565,0.83,14.236
CANDIDATE,4.22464216,0.913,1.403,9.87E+02,4.31,0.0546,1279,631.55,7.7,6343,4.408,1.14,15.341
CONFIRMED,13.12162167,0.807,3.6138,1.97E+02,1.99,0.1123,913,164.48,32.7,6140,4.265,1.277,12.992
CONFIRMED,49.6220669,0.939,7.222,5.06E+02,3.33,0.2726,546,20.99,47.6,5938,4.331,1.184,13.429
CONFIRMED,8.08801663,0.744,1.8334,9.53E+02,2.94,0.0753,792,92.93,46.1,5269,4.494,0.874,14.624
CONFIRMED,11.55103848,0.493,3.3601,4.03E+02,2.17,0.1005,845,120.76,49.8,5907,4.395,1.058,14.138
CONFIRMED,4.469754641,0.494,1.813,5.54E+02,2.26,0.0535,1103,350.69,37.1,5988,4.507,0.934,14.769
CONFIRMED,15.77382794,0.035,4.957,3.14E+02,2.72,0.1291,955,196.14,30.4,6283,4.129,1.531,13.205
CONFIRMED,6.56226483,0.643,4.0144,2.61E+02,3.07,0.0732,1290,654.67,41.2,5878,4.005,1.812,13.996
CONFIRMED,20.67876365,0.665,4.6395,3.24E+02,2.42,0.1518,749,74.36,42.6,5865,4.266,1.272,13.598
CONFIRMED,50.79034648,0.058,10.8474,5.67E+03,10.6,0.2776,612,33.12,508.8,6163,4.185,1.406,14.274
CONFIRMED,9.59993246,0.063,4.3206,2.71E+02,2.08,0.091,967,206.91,52,5865,4.266,1.272,13.598
CONFIRMED,2.0248205,0.248,2.55,6.33E+01,1.01,0.0322,1625,1652.5,20.2,5865,4.266,1.272,13.598
CONFIRMED,201.118319,0.001,10.328,5.85E+02,2.28,0.6559,300,1.92,34.7,5646,4.447,0.954,13.328
CONFIRMED,24.7577652,0.896,6.998,4.59E+02,2.44,0.1688,644,40.74,37.6,6106,4.487,0.966,14.49
CONFIRMED,12.7983174,0.738,6.401,3.37E+02,2.88,0.1072,908,160.33,38.2,5592,4.115,1.451,14.513
CONFIRMED,10.13200555,0.03,3.1683,9.12E+02,1.67,0.0756,574,25.66,37.6,4777,4.689,0.561,15.629
CONFIRMED,38.505224,0.654,5.941,6.95E+02,2.45,0.2159,532,18.98,35.5,5974,4.504,0.881,14.777
CONFIRMED,4.6126736,0.755,3.0643,1.33E+02,1.6,0.0559,1294,663.8,34.3,6140,4.265,1.277,12.992
CONFIRMED,8.67890312,0.203,3.5317,5.41E+02,2.56,0.0805,905,158.43,37.4,5509,4.308,1.116,14.523
CONFIRMED,39.3135699,0.006,5.0137,5.00E+02,2.07,0.227,540,20.04,33.8,6060,4.509,0.925,14.476
CONFIRMED,5.94565516,0.229,2.1604,4.01E+02,1.12,0.0536,568,24.71,28.5,3974,4.7,0.564,15.026
CONFIRMED,1.52373073,0.942,1.4796,3.65E+02,1.26,0.0208,818,105.95,34.1,3746,4.736,0.51,15.313
CONFIRMED,4.225384543,0.074,2.82038,7.56E+03,9,0.0516,1111,360.46,1457.8,5574,4.403,1.054,14.014
CONFIRMED,60.0853848,0.79,7.007,4.32E+02,2.4,0.3148,485,13.07,51.7,6028,4.459,1.047,13.43
CONFIRMED,43.0343364,0.882,6.571,5.42E+02,2.5,0.2327,484,13.01,50,5550,4.476,0.911,13.534
CANDIDATE,46.2991052,0.025,5.2481,8.55E+02,4.33,0.2436,592,29.04,55,5396,4.035,1.507,14.082
CONFIRMED,88.6440015,0.724,7.82,6.26E+02,2.51,0.3815,391,5.51,57.6,5661,4.471,0.934,13.748
CONFIRMED,35.01190875,0.927,2.868,4.37E+02,2.97,0.2124,603,31.35,34,5872,4.332,1.153,13.624
CONFIRMED,16.57099265,0.55,2.9052,6.45E+02,2.03,0.121,614,33.53,40.9,5483,4.589,0.779,14.64
CONFIRMED,16.00496657,0.013,6.5047,3.78E+02,3.71,0.1396,1040,276.53,49.8,6384,4.029,1.904,12.818
CONFIRMED,1.954525966,0.673,2.0944,3.93E+02,2.38,0.0307,1540,1331.18,43.1,5741,4.331,1.136,15.356
CANDIDATE,15.09521323,,3.41,,,,,,,,,,15.356
CONFIRMED,7.23400381,0.032,2.165,4.53E+02,1.78,0.0702,831,112.48,34.3,5411,4.523,0.85,14.139
CONFIRMED,6.77408984,0.026,2.6215,5.20E+02,2.5,0.0741,1058,295.82,33.6,6246,4.433,1.092,15.368
CONFIRMED,20.17202467,0.334,3.1488,5.37E+03,6.24,0.1353,564,24,226.8,5064,4.474,0.864,14.711
CONFIRMED,26.41044199,0.674,3.0715,9.91E+02,2.45,0.1616,512,16.27,31.2,5448,4.613,0.734,15.593
CONFIRMED,8.27745764,0.261,2.713,1.97E+02,2.46,0.077,1088,331.35,17.3,5129,3.884,1.781,13.115
CONFIRMED,14.37504582,0.927,3.208,2.51E+02,2.05,0.1167,786,90.16,15.7,5931,4.403,1.053,13.286
CANDIDATE,6.31219171,0.018,4.9377,4.04E+02,2.17,0.0695,1096,342.04,35.6,6322,4.426,1.075,14.959
CONFIRMED,147.97391,0.034,6.854,1.27E+03,3.33,0.5302,329,2.78,26.4,5578,4.44,0.95,14.904
CONFIRMED,13.24503482,0.498,4.4078,1.56E+02,1.77,0.1092,887,146.31,35.7,5636,4.147,1.39,12.584
CONFIRMED,77.2550726,0.837,10.214,5.90E+02,3.7,0.3781,548,21.37,44,6564,4.255,1.356,13.754
CONFIRMED,3.85690686,0.466,2.0808,1.28E+02,0.93,0.0466,972,210.44,24.3,5272,4.574,0.813,13.746
CONFIRMED,116.3311739,0.032,7.025,1.59E+03,3.26,0.4451,323,2.59,31.5,5354,4.533,0.835,14.767
CANDIDATE,86.049055,0.2597,29.28,4.30E+02,2.06,0.3792,410,6.68,8,5733,4.432,0.997,14.767
CONFIRMED,6.31943553,0.775,3.3422,5.81E+02,2.71,0.0658,986,223.15,61,5670,4.397,1.022,14.028
CONFIRMED,12.20951755,0.779,4.1808,5.38E+02,2.61,0.1021,791,92.68,45.5,5670,4.397,1.022,14.028
CONFIRMED,3.07644709,0.708,2.6326,2.17E+02,1.61,0.0407,1253,583.25,29.3,5670,4.397,1.022,14.028
FALSE POSITIVE,2.11913005,0.67,4.141,2.87E+01,1.35,0.0356,2090,4512.1,21.5,5799,3.813,2.377,7.837
CONFIRMED,68.958447,0.821,3.128,1.23E+02,1.11,0.3183,402,6.17,30,5455,4.497,0.888,9.439
CONFIRMED,18.79591276,0.695,7.5235,2.43E+03,7.39,0.1431,852,124.64,282.3,6163,4.185,1.406,14.274
FALSE POSITIVE,47.76397728,,4.08,,,,,,,,,,9.668
CONFIRMED,63.0380366,0.021,7.3702,6.59E+02,2.59,0.3076,465,11.1,53.1,5798,4.411,1.019,13.605
CONFIRMED,9.69315023,0.734,5.6725,1.42E+02,1.89,0.0894,1017,253.08,45.1,5683,4.108,1.472,12.727
FALSE POSITIVE,8.48031229,0.951,7.105,3.51E+02,2.58,0.0809,952,193.86,37.3,5910,4.364,1.078,14.613
CONFIRMED,56.1886436,0.873,6.5272,3.46E+02,2.56,0.2939,503,15.13,35.6,5700,4.327,1.176,13.351
CONFIRMED,6.92101452,0.771,4.3591,5.30E+02,1.48,0.059,619,34.85,39.9,4461,4.661,0.585,14.832
CONFIRMED,3.27344784,0.44,1.7292,2.63E+02,0.81,0.0349,625,36.05,34,3758,4.769,0.496,14.22
CONFIRMED,15.3789014,0.359,4.662,1.85E+02,2.94,0.1313,1039,275.53,17.6,5817,3.877,2.153,13.127
CONFIRMED,134.4785189,0.924,5.9288,4.03E+03,10.52,0.5135,412,6.81,149.9,5791,4.185,1.336,13.929
CANDIDATE,5.007414194,0.926,1.3584,4.41E+03,8.8,0.058,1114,363.75,196.6,5957,4.417,1.042,13.592
FALSE POSITIVE,24.68662378,0.643,15.168,8.05E+03,48.04,0.1633,1149,412.55,210.9,4648,2.996,5.132,14.633
CONFIRMED,98.7179332,0.588,6.593,7.32E+03,6.99,0.3982,360,3.97,124.4,5808,4.583,0.786,15.7
CONFIRMED,71.52543938,0.066,5.9189,5.90E+03,5.76,0.3091,340,3.15,111.3,4855,4.542,0.778,14.521
CANDIDATE,17.50441726,0.006,4.2585,7.25E+02,3.56,0.1289,824,108.78,47.5,5815,4.16,1.329,13.926
CONFIRMED,1.72086129,0.725,2.0243,1.02E+04,13.25,0.0287,1647,1743.61,1654.9,5742,4.297,1.215,14.309
CONFIRMED,56.4349933,0.019,4.7381,5.80E+02,2.37,0.276,465,11.04,47.7,5534,4.381,1.001,13.668
CONFIRMED,33.7888028,0.078,5.496,6.49E+02,2.71,0.2127,611,33.01,36,6202,4.436,1.062,13.631
CONFIRMED,3.215109385,0.954,4.365,1.58E+02,1.54,0.0418,1155,421.21,53.3,5541,4.472,0.934,13.405
CONFIRMED,3.29276797,0.663,4.8069,8.07E+01,1.39,0.0435,1458,1068.95,40.8,5683,4.108,1.472,12.727
CONFIRMED,13.72710334,0.025,7.3419,1.99E+02,2.38,0.1154,1005,241.58,62.5,5951,4.017,1.693,12.119
CONFIRMED,24.3110031,0.146,8.7682,1.84E+02,2.3,0.169,831,112.64,48.9,5951,4.017,1.693,12.119
CONFIRMED,44.4304059,0.025,10.306,2.39E+02,2.61,0.2526,680,50.42,50.5,5951,4.017,1.693,12.119
CONFIRMED,9.34145925,0.455,6.18,8.17E+01,1.56,0.0893,1143,403.44,29.4,5951,4.017,1.693,12.119
CONFIRMED,4.97760447,0.474,2.5719,2.87E+02,1.75,0.0545,1023,258.91,27.5,5353,4.358,1.023,14.531
CONFIRMED,21.1285655,0.36,3.852,1.77E+02,2.88,0.1622,935,180.55,12.5,5817,3.877,2.153,13.127
FALSE POSITIVE,24.4851178,0.987,4.642,2.64E+02,7.14,0.1857,1179,456.64,10.9,6655,3.638,2.995,10.8
CONFIRMED,7.51854537,0.13,2.845,2.87E+02,1.42,0.0701,784,89.41,19.4,5064,4.474,0.864,14.711
CANDIDATE,86.7490807,0.003,9.179,5.47E+02,2.23,0.3706,398,5.94,35.7,5579,4.419,0.97,13.82
CONFIRMED,25.96190067,0.02,6.2732,3.50E+02,3.25,0.1891,850,123.11,37.5,6369,4.088,1.729,13.2
CONFIRMED,130.3543929,0.675,6.474,5.13E+03,7.7,0.5183,369,4.36,103.7,5970,4.463,1.015,15.254
CONFIRMED,1.855557556,0.554,2.35672,1.06E+04,10.05,0.0286,1436,1004.89,1853.8,5657,4.441,0.947,14.465
CANDIDATE,3.261759866,0.949,1.7593,3.88E+03,8.01,0.0434,1262,599.54,190.4,6131,4.497,0.945,15.28
FALSE POSITIVE,3.364425589,1.597,1.3261,4.84E+03,56.83,0.0417,1106,352.97,32,5813,4.589,0.775,15.337
CONFIRMED,16.78175788,0.502,3.7386,9.08E+02,2.25,0.118,545,20.82,118.8,4925,4.588,0.742,12.971
CONFIRMED,105.3035093,0.027,6.214,1.36E+03,3.18,0.4238,351,3.58,40.6,5534,4.515,0.875,14.986
CONFIRMED,2.549562652,0.047,1.6999,4.95E+02,1.11,0.0293,682,50.9,43.7,3716,4.74,0.506,15.018
CONFIRMED,13.96950181,0.901,1.5871,1.11E+03,2.04,0.0909,387,5.29,37,3716,4.74,0.506,15.018
CONFIRMED,5.21230171,0.187,2.098,4.30E+02,1.04,0.0471,537,19.7,29.3,3716,4.74,0.506,15.018
CONFIRMED,17.76076524,0.627,1.6679,1.29E+03,1.93,0.1085,368,4.34,42.6,3826,4.744,0.516,15.22
CONFIRMED,10.55840479,0.31,3.366,1.94E+02,1.41,0.09,796,94.94,14.6,5353,4.358,1.023,14.531
CANDIDATE,20.92735802,0.991,3.4256,8.09E+03,17.36,0.1498,735,69.08,263.5,6126,4.358,1.109,14.877
CONFIRMED,6.98800953,0.024,3.103,1.93E+02,1.39,0.0683,914,164.86,17.1,5353,4.358,1.023,14.531
CONFIRMED,22.8245144,0.279,6.617,3.23E+02,3.36,0.177,946,189.46,15.9,6642,4.057,1.846,12.345
CONFIRMED,49.1011093,0.52,6.341,8.46E+02,3.28,0.253,498,14.57,39.7,5393,4.299,1.11,15.041
CONFIRMED,7.05675145,0.631,2.0261,1.30E+02,1.68,0.0778,1196,483.95,25.2,6388,4.244,1.402,12.556
CONFIRMED,34.8536903,0.493,5.333,7.68E+02,2.4,0.2046,522,17.62,27,5818,4.554,0.848,14.876
CONFIRMED,2.41434868,0.221,1.2701,1.91E+02,0.97,0.0315,953,195.08,30,4507,4.573,0.724,13.156
FALSE POSITIVE,2.466070972,1.223,1.9559,7.05E+02,24.3,0.0353,1260,595.8,42.6,5708,4.529,0.884,15.601
CONFIRMED,4.30656389,0.894,4.1107,2.57E+02,1.95,0.054,1177,453.2,39.8,6108,4.466,1.03,14.136
FALSE POSITIVE,12.96471775,1.282,1.8303,3.73E+03,39.93,0.1115,834,114.24,183.3,6210,4.45,1.033,14.384
FALSE POSITIVE,1.731079436,1.404,1.8419,1.20E+04,56.05,0.0286,1541,1332.5,36.2,6045,4.494,0.955,15.505
CONFIRMED,7.794302043,1.06,1.1081,3.39E+03,16.51,0.0742,882,142.82,159.2,5494,4.405,0.982,12.394
CONFIRMED,14.5324483,0.001,3.13,1.36E+03,3.11,0.1083,664,46.06,16.5,5345,4.473,0.86,14.625
CONFIRMED,5.248667607,0.847,1.917,6.01E+02,2.84,0.0596,1056,293.42,59.5,5807,4.437,1.012,13.345
CONFIRMED,7.96431492,0.189,1.5342,7.46E+02,2.44,0.0734,805,99.42,44.3,5185,4.44,0.91,14.425
CONFIRMED,92.7297248,0.857,6.83,1.26E+03,2.81,0.3608,276,1.38,43.3,4580,4.641,0.675,14.897
CONFIRMED,1.485710994,0.105,2.2874,2.08E+04,14.48,0.0257,1562,1404.81,1176.6,5624,4.432,1.018,14.141
CANDIDATE,30.5231459,1.06,2.7286,2.21E+03,11.26,0.183,506,15.46,38.7,5518,4.585,0.79,15.841
CONFIRMED,71.3116598,0.035,8.813,2.14E+03,4.94,0.354,475,12.01,43.4,6194,4.445,1.069,15.674
CANDIDATE,28.78270955,0.002,3.451,8.65E+02,2.11,0.1685,443,9.09,40.1,4774,4.58,0.745,14.649
FALSE POSITIVE,15.44428875,1.275,2.0791,3.60E+03,37.58,0.1255,731,67.39,44.9,5895,4.489,0.991,15.838
CONFIRMED,1.411230023,0.851,1.4325,3.88E+02,1.71,0.0221,1164,436.04,89.3,4575,4.564,0.737,13.59
CONFIRMED,96.9151707,0.541,6.065,8.63E+02,2.37,0.3878,325,2.64,53.4,5162,4.559,0.791,14.031
CONFIRMED,13.47472742,0.025,2.5995,7.30E+02,1.96,0.1034,634,38.21,25.3,5395,4.615,0.734,15.164
CONFIRMED,2.29503515,0.16,1.654,1.72E+02,1.18,0.0331,1304,681.51,11.6,5637,4.482,0.909,13.09
CONFIRMED,27.495634,0.664,4.858,4.83E+02,2.11,0.1629,590,28.66,24.7,5657,4.401,0.911,14.55
CONFIRMED,14.08826442,0.133,4.1847,8.89E+02,2.66,0.1138,724,64.97,34.2,5853,4.529,0.895,15.624
CONFIRMED,3.905081685,0.131,2.8213,2.13E+04,12.78,0.0485,1046,282.59,1315.8,5543,4.54,0.887,15.127
CONFIRMED,110.9643706,0.729,12.831,1.28E+03,2.11,0.3679,239,0.77,42.1,4441,4.695,0.546,15.498
CANDIDATE,4.539297295,0.83,1.9455,7.98E+02,2.34,0.0494,830,112.09,50.3,4914,4.61,0.724,13.26
CONFIRMED,6.94135824,0.871,1.8899,8.25E+02,2.96,0.0682,876,139.05,43.1,5527,4.491,0.88,13.828
CONFIRMED,17.27629668,0.085,3.94738,1.05E+04,7.31,0.1209,538,19.88,871.4,4941,4.599,0.738,14.018
CONFIRMED,31.7821117,0.17,3.856,5.70E+02,2.08,0.1879,528,18.32,21.6,5527,4.491,0.88,13.828
CONFIRMED,4.36273233,0.732,2.2375,3.42E+02,1.76,0.05,1023,258.7,25.6,5527,4.491,0.88,13.828
CONFIRMED,18.6848377,0.405,3.7965,1.25E+03,1.93,0.1135,402,6.16,41.2,4156,4.712,0.545,15.434
CONFIRMED,7.41634701,0.476,2.1362,5.06E+02,1.24,0.0613,547,21.1,20.6,4156,4.712,0.545,15.434
CONFIRMED,9.91724268,0.786,3.2241,4.58E+02,2.85,0.0883,903,157.41,38.8,5539,4.244,1.207,14.498
CONFIRMED,82.5341188,0.033,4.8556,1.90E+03,2.45,0.3104,260,1.08,40.1,4316,4.678,0.58,15.187
CONFIRMED,20.16037858,0.941,4.13,3.44E+02,1.75,0.1339,510,16.03,35.1,4975,4.614,0.724,13.389
CONFIRMED,10.99470891,0.265,1.5929,8.85E+02,1.71,0.0805,512,16.24,32.7,4302,4.661,0.586,15.389
CANDIDATE,6.73679732,,2.36,,,,,,,,,,15.389
CANDIDATE,124.0358994,0.075,4.8472,7.69E+03,11.13,0.4947,413,6.88,190.1,5822,4.244,1.28,14.989
FALSE POSITIVE,1.194812329,0.404,1.3777,1.90E+02,1.36,0.0222,1806,2521.46,41.2,6198,4.475,0.97,14.029
CONFIRMED,10.84969477,0.55,3.474,1.12E+03,2.67,0.0914,676,49.3,43.5,5251,4.592,0.778,15.409
CONFIRMED,12.18420006,0.746,2.5014,4.99E+02,2.59,0.1031,819,106.52,23.3,5771,4.374,1.068,13.982
CONFIRMED,3.76417012,0.287,2.0111,5.58E+02,1.7,0.044,908,160.99,27.2,5063,4.617,0.728,15.484
CONFIRMED,5.92972237,0.048,2.518,4.12E+02,1.92,0.0649,972,210.95,8.9,5741,4.492,0.956,14.746
CONFIRMED,12.2476121,0.116,3.209,4.03E+02,1.9,0.1052,763,80.29,6.8,5741,4.492,0.956,14.746
CONFIRMED,13.59051547,0.232,3.784,6.22E+02,2.4,0.1072,724,64.8,27.7,5442,4.409,0.974,15.15
CONFIRMED,46.8776724,0.834,10.041,5.40E+02,2.62,0.2495,484,13.01,37.5,5504,4.418,0.993,14.632
CONFIRMED,89.1935737,0.015,4.0104,8.68E+02,3.81,0.3987,483,12.83,43.5,6071,4.239,1.295,12.487
CONFIRMED,13.09390911,0.86,2.2805,3.99E+02,2.2,0.1096,752,75.58,62.2,5772,4.487,0.956,12.706
CONFIRMED,4.915385452,0.484,2.7757,2.26E+02,1.46,0.057,1042,279.43,65.6,5772,4.487,0.956,12.706
FALSE POSITIVE,87.455958,1.262,18.257,1.60E+03,70.11,0.46,728,66.26,118.9,7700,4.018,2.111,13.36
FALSE POSITIVE,0.805259257,1.245,1.42246,1.38E+03,63.55,0.0183,2723,12990.09,329.7,5872,3.926,2.022,13.742
CONFIRMED,9.76785911,0.916,2.1649,5.85E+02,2.54,0.0852,749,74.48,54.1,5371,4.513,0.852,13.766
CONFIRMED,40.80957343,0.949,3.158,4.36E+02,3.44,0.2489,623,35.68,39.3,6183,4.301,1.3,12.988
CONFIRMED,22.08551599,0.656,2.1727,3.16E+03,3.34,0.13,352,3.63,48.5,3828,4.712,0.565,15.967
CONFIRMED,1.151166776,0.029,1.0907,5.78E+02,1.28,0.0177,957,199.25,83.7,3951,4.73,0.535,14.44
FALSE POSITIVE,4.693305543,0.23,5.17249,1.45E+04,17.85,0.06,1389,881.73,1765.2,6365,4.22,1.47,12.291
CONFIRMED,3.246732048,0.475,3.0535,7.00E+03,12.4,0.0442,1459,1072.7,775,5763,4.15,1.457,14.678
FALSE POSITIVE,8.3606759,0.259,6.287,1.95E+02,1.49,0.0802,929,176.04,17.7,5771,4.374,1.068,13.982
CONFIRMED,62.1385979,0.699,4.2938,8.86E+02,5.14,0.301,524,17.88,36.1,5123,3.992,1.621,14.52
CANDIDATE,17.1181036,0.4346,1.29,1.68E+02,1.22,0.1314,654,43.25,6.1,5576,4.515,0.929,14.52
CANDIDATE,8.29482811,0.932,2.7437,5.60E+02,2.76,0.0793,876,139.38,38.1,5773,4.478,0.939,14.469
FALSE POSITIVE,26.635216,1.242,5.949,1.49E+03,27.64,0.1627,536,19.45,30.6,5215,4.455,0.882,15.551
CONFIRMED,17.84850835,0.849,5.8919,3.91E+02,3.29,0.1385,888,146.82,43.5,6188,4.152,1.465,13.781
CONFIRMED,26.1363443,0.187,6.613,3.62E+02,2.8,0.1786,782,88.29,38.1,6188,4.152,1.465,13.781
CONFIRMED,11.1895709,0.541,5.3,1.43E+02,1.81,0.1015,1037,273.37,19.9,6188,4.152,1.465,13.781
CONFIRMED,2.757977384,0.875,2.1489,2.11E+02,1.69,0.0384,1332,744.97,22.5,5919,4.435,1,13.263
FALSE POSITIVE,18.6928606,0.116,3.88584,5.13E+04,14.81,0.124,528,18.4,1281.9,5190,4.66,0.66,16.147
CONFIRMED,14.80075082,0.367,5.762,5.01E+02,17.38,0.1633,1912,3158.09,54,6327,3.092,7.663,12.538
CONFIRMED,3.126861192,0.603,1.1926,7.95E+02,5.12,0.0414,1391,886.72,94.6,4854,3.939,1.749,13.884
FALSE POSITIVE,87.24250316,0.884,4.1206,1.79E+04,15.86,0.3921,390,5.49,335.2,5671,4.501,0.955,14.288
CANDIDATE,10.24061136,0.786,0.9617,2.96E+03,3.9,0.079,656,43.85,72,5227,4.623,0.64,15.408
CONFIRMED,16.87725775,0.516,3.7917,8.18E+02,2.54,0.1245,642,40.09,43.1,5497,4.512,0.872,14.101
CONFIRMED,12.05705659,0.548,2.3462,5.24E+02,1.96,0.0984,689,53.26,20.8,5365,4.537,0.834,13.576
CONFIRMED,28.26727385,0.01,4.5839,1.16E+03,2.93,0.1701,517,16.84,42.1,5132,4.457,0.886,14.907
CONFIRMED,3.770590654,0.24,2.029,3.14E+02,2.13,0.0474,1272,619.65,37.1,5714,4.274,1.208,14.668
CONFIRMED,2.7073064,0.007,3.4378,6.95E+01,1.36,0.0397,1709,2012.12,31.7,6045,4.069,1.629,11.894
CANDIDATE,23.11707222,0.807,3.9948,2.41E+03,4.37,0.1437,548,21.26,61.2,5275,4.505,0.796,15.462
CANDIDATE,4.77502117,0.518,1.7087,4.51E+02,1.73,0.0502,926,174.23,16.7,5275,4.505,0.796,15.462
CONFIRMED,66.4159789,0.371,7.061,2.05E+03,3.44,0.3033,376,4.71,33.6,5383,4.603,0.759,15.983
CONFIRMED,8.0103929,0.045,4.2713,2.94E+02,1.88,0.0772,940,184.38,34.6,5616,4.327,1.111,14.601
CANDIDATE,5.69590202,0.049,3.5661,4.92E+03,6.61,0.0627,1043,279.61,391.2,6106,4.497,0.94,14.858
CONFIRMED,27.6666375,0.519,6.315,3.24E+02,2.04,0.1765,622,35.27,24.4,5616,4.327,1.111,14.601
CONFIRMED,5.19559398,0.054,3.748,1.16E+02,1.18,0.0579,1085,327.78,16,5616,4.327,1.111,14.601
CONFIRMED,57.2488518,0.022,6.083,1.46E+03,3.19,0.2818,431,8.17,29.8,5642,4.542,0.846,15.99
CONFIRMED,37.0551726,0.884,5.439,1.03E+03,3.19,0.2109,498,14.59,23.2,5642,4.542,0.846,15.99
CONFIRMED,16.33269981,0.893,2.174,3.00E+02,1.61,0.1168,591,28.76,17.5,5208,4.563,0.772,12.957
CONFIRMED,10.05550267,0.061,2.951,1.48E+02,0.92,0.0845,694,54.96,13.6,5208,4.563,0.772,12.957
CONFIRMED,9.30413878,0.488,1.9254,6.37E+02,1.67,0.0748,583,27.35,24.2,4458,4.611,0.658,14.796
CONFIRMED,4.33722007,0.053,2.4973,3.59E+02,1.63,0.05,996,231.86,47.9,5390,4.499,0.876,13.53
CONFIRMED,1.653889476,0.226,1.7242,1.24E+02,0.97,0.0263,1373,838.03,22.3,5390,4.499,0.876,13.53
CONFIRMED,150.8783198,0.022,8.6797,6.60E+02,4.37,0.5726,423,7.56,70.6,5504,3.999,1.737,12.443
CONFIRMED,3.553831111,0.74,3.1029,1.92E+02,1.62,0.0456,1292,658.37,77.4,6015,4.37,1.081,12.722
CONFIRMED,1.6783263,0.91,2.5123,1.46E+02,1.57,0.0276,1659,1797.15,76.1,6015,4.37,1.081,12.722
CONFIRMED,5.65378163,0.439,1.9483,3.67E+02,1.82,0.0626,1020,256.14,37.8,5988,4.507,0.934,14.377
CONFIRMED,5.99185827,0.905,1.7215,1.86E+02,2.75,0.0681,1355,796.76,32.1,6157,4.049,1.695,12.239
CONFIRMED,120.0183551,0.58,11.637,8.86E+02,4.54,0.5337,473,11.84,46.1,6469,4.253,1.467,13.256
CONFIRMED,14.30517579,0.924,4.535,8.63E+02,3.05,0.1129,693,54.59,37.5,5741,4.555,0.846,15.338
CONFIRMED,9.18189122,0.971,4.343,3.64E+02,2.17,0.084,804,98.61,18.2,5741,4.555,0.846,15.338
CANDIDATE,2.64622742,0.478,1.407,1.56E+02,0.99,0.0349,1082,324.38,8.4,5167,4.555,0.787,15.498
CONFIRMED,2.935362067,0.86,1.5043,1.05E+03,3.15,0.0371,1022,258.48,38,4922,4.505,0.823,15.622
CONFIRMED,13.53953595,0.219,4.389,1.34E+02,2.32,0.1246,1079,320.19,21.8,6109,3.985,1.997,13.628
CONFIRMED,22.7082375,0.032,3.503,2.99E+02,1.72,0.1603,677,49.67,22,6170,4.472,0.992,14.574
CONFIRMED,7.97033985,0.107,2.6675,4.91E+02,1.81,0.0755,839,116.77,23.5,5774,4.567,0.818,15.833
FALSE POSITIVE,5.33459393,0.158,2.642,2.26E+02,0.79,0.0482,627,36.55,14.7,4275,4.704,0.533,14.853
CONFIRMED,8.49640437,0.628,2.2128,8.34E+02,2.14,0.0726,702,57.43,21.8,5093,4.586,0.709,15.888
CONFIRMED,66.1843646,0.877,5.155,5.61E+02,2.72,0.3179,436,8.57,21.3,5640,4.447,0.978,14.862
CONFIRMED,2.032318856,0.009,1.1596,2.88E+02,1.12,0.0283,1011,247.21,20.4,4670,4.635,0.682,15.13
CANDIDATE,65.18703725,,5.44,,,,,,,,,,15.13
CONFIRMED,3.62275506,0.007,2.7868,1.81E+02,1.62,0.0467,1304,683.84,22.3,5794,4.282,1.216,14.762
CONFIRMED,2.892216772,0.806,1.3596,3.61E+02,1.31,0.034,794,93.66,23.9,4229,4.655,0.615,15.068
CONFIRMED,187.746606,0.015,5.885,1.58E+03,2.95,0.5791,267,1.2,20.2,5303,4.55,0.753,15.206
CONFIRMED,2.543063763,0.215,2.8473,1.52E+02,1.26,0.0358,1319,716.3,26.5,5579,4.389,1.029,14.736
CONFIRMED,3.177414601,0.786,1.5262,1.13E+03,2.65,0.039,997,233.26,113.7,5303,4.63,0.708,14.708
CONFIRMED,2.168451063,0.207,1.458,4.67E+02,2.41,0.0337,1558,1389.18,45.5,6153,4.382,1.109,15.141
CONFIRMED,37.8154157,0.533,4.662,2.86E+02,1.21,0.2016,401,6.09,22.4,4856,4.624,0.705,12.879
CONFIRMED,53.5783052,0.769,5.194,2.25E+02,1.16,0.2543,357,3.82,15.4,4856,4.624,0.705,12.879
CANDIDATE,6.69332825,0.952,2.311,7.82E+02,2.44,0.0602,609,32.54,23.4,4245,4.641,0.637,15.673
CONFIRMED,33.1362861,0.791,4.163,8.25E+02,2.05,0.1748,357,3.86,16.3,4245,4.641,0.637,15.673
CONFIRMED,7.72513619,0.954,2.042,3.82E+02,1.71,0.0662,581,26.91,10.5,4245,4.641,0.637,15.673
CONFIRMED,10.71253475,0.72,2.7186,1.20E+03,2.02,0.0784,485,13.09,31.2,4175,4.715,0.544,15.813
CONFIRMED,32.5635249,0.371,5.418,5.78E+02,2.05,0.19,490,13.63,24.1,5225,4.505,0.859,15.48
CONFIRMED,12.19140405,0.091,1.8832,6.66E+02,2.46,0.0984,763,80.01,19.4,5516,4.399,0.967,15.364
CONFIRMED,6.11784972,0.391,3.458,6.05E+01,1.05,0.0685,1211,509.24,25.8,6226,4.247,1.333,12.168
CONFIRMED,3.97599629,0.331,2.2029,2.06E+02,1.11,0.0457,936,181.47,27.3,5143,4.561,0.778,14.11
CONFIRMED,7.68478504,0.045,2.447,2.74E+02,1.47,0.0732,830,112.06,21.4,5344,4.469,0.907,14.776
FALSE POSITIVE,0.990516282,0.989,2.019,1.02E+02,3.52,0.0206,2841,15469.83,20.4,5975,3.755,2.399,13.405
CONFIRMED,15.0447098,0.022,5.823,9.79E+01,1.51,0.1152,931,177.24,23.4,5798,4.025,1.525,13.037
CANDIDATE,29.0726293,0.682,2.516,4.40E+02,2.32,0.1806,614,33.69,20.9,5799,4.37,1.042,14.409
CONFIRMED,1.118547814,0.221,1.5534,2.35E+02,0.98,0.0188,1174,447.97,21.7,4496,4.65,0.658,15.793
CONFIRMED,6.42199919,0.281,2.6192,1.62E+02,1.25,0.0684,1000,236.21,25.4,5985,4.468,0.981,13.862
CONFIRMED,9.75374033,0.295,2.348,4.31E+02,1.87,0.0892,813,103.3,18.9,5806,4.528,0.899,15.158
CONFIRMED,81.3153052,0.013,5.807,7.16E+02,2.55,0.3483,393,5.64,20.7,5325,4.39,0.975,15.111
CONFIRMED,51.3283527,0.582,9.357,6.92E+02,3.06,0.2731,546,21.06,34.7,6119,4.353,1.119,14.955
CONFIRMED,19.7919389,0.954,3.787,3.84E+02,2.58,0.1473,736,69.48,22.8,6285,4.441,1.039,14.09
CONFIRMED,26.8475962,0.457,10.068,2.54E+02,3.2,0.1833,800,96.89,39.2,5508,3.897,1.988,12.848
CONFIRMED,62.8917493,0.632,6.831,7.91E+02,2.5,0.2881,384,5.13,22.6,5052,4.48,0.855,15.481
CONFIRMED,14.87149773,0.018,2.4076,9.45E+02,1.59,0.0977,391,5.51,27.3,3825,4.749,0.524,15.673
CONFIRMED,2.732767897,0.748,1.1102,6.13E+02,1.42,0.0316,687,52.68,27,3825,4.749,0.524,15.673
FALSE POSITIVE,119.8401019,1.269,3.6796,5.45E+03,26.96,0.4267,255,1,83.7,4602,4.637,0.675,14.945
CONFIRMED,9.61375316,0.604,4.654,7.98E+02,3.27,0.0897,931,177.26,108.6,5997,4.364,1.11,14.283
CANDIDATE,6.6254781,0.2113,2.358,1.22E+02,0.9,0.0641,828,111.18,2.7,5211,4.5,0.832,14.11
CONFIRMED,29.9685917,0.282,6.678,3.10E+02,1.91,0.1969,644,40.76,26.5,6249,4.428,1.076,14.456
CONFIRMED,33.2407985,0.231,4.675,3.42E+02,1.51,0.1975,486,13.17,20.4,5382,4.571,0.827,14.477
FALSE POSITIVE,2.97600846,0.715,4.274,1.03E+02,2.27,0.0437,1892,3034.68,25.9,6208,3.898,2.088,13.4
CONFIRMED,15.18727049,0.839,4.509,2.93E+02,1.94,0.1183,789,91.56,21.4,6136,4.414,1.005,14.724
CONFIRMED,28.6853212,0.922,6.307,6.89E+02,2.69,0.179,547,21.09,23.8,5726,4.559,0.838,15.658
CONFIRMED,0.588001053,0.403,1.1451,2.97E+02,0.99,0.0114,1188,473.45,50.9,3814,4.687,0.57,14.934
CONFIRMED,85.7357202,0.033,7.625,7.48E+02,2.94,0.3877,448,9.54,20.8,6096,4.397,1.077,15.301
CONFIRMED,1.078389713,0.846,1.3394,3.01E+02,1.98,0.0196,1667,1817.38,23.6,5325,4.384,0.985,15.143
CONFIRMED,5.03728033,0.96,2.0619,7.63E+01,1.55,0.0628,1321,720.22,20.9,6387,4.271,1.381,12.189
CONFIRMED,3.289726319,0.052,2.3274,2.35E+02,1.37,0.0424,1116,367.18,27,5463,4.492,0.91,14.866
CONFIRMED,7.18644594,0.892,1.4972,4.02E+02,2.19,0.0714,860,129.48,23.8,5463,4.492,0.91,14.866
CONFIRMED,15.94248453,0.022,3.4894,1.09E+03,2.62,0.1194,616,34.06,34.3,5376,4.576,0.806,15.886
CONFIRMED,41.0081117,0.878,4.376,1.00E+03,2.64,0.2144,425,7.72,43.9,5303,4.63,0.708,14.708
CONFIRMED,11.55562042,0.874,1.6758,4.42E+02,2.11,0.0983,703,57.75,22.7,5420,4.555,0.85,14.816
CONFIRMED,12.2885046,0.632,2.807,3.42E+02,3.22,0.1017,913,164.61,12,5109,3.96,1.671,14.414
CONFIRMED,17.13263125,0.298,3.0555,8.50E+02,2.31,0.1242,611,32.91,26.4,5477,4.578,0.794,15.842
CONFIRMED,19.0231361,0.698,3.431,4.02E+02,2.04,0.1374,647,41.5,19.7,5569,4.459,0.954,15.198
CONFIRMED,4.57948235,0.055,3.106,2.07E+02,1.35,0.0532,1040,276.82,20,5569,4.459,0.954,15.198
CONFIRMED,1.003931703,0.023,1.4361,4.91E+02,1.6,0.0175,1419,962.58,25.2,4949,4.552,0.741,15.942
FALSE POSITIVE,0.614083885,0.106,0.9817,3.90E+02,2.55,0.0156,2603,10827.22,36.4,6521,4.352,1.276,15.177
CONFIRMED,55.8224775,0.031,5.457,8.80E+02,2.13,0.2663,379,4.85,23.7,5162,4.611,0.736,15.624
CANDIDATE,1.34145255,0.68,7.502,2.66E+01,1.31,0.0287,3015,19568.74,31.2,7495,3.926,2.389,12.783
CONFIRMED,6.11010439,0.284,2.314,5.97E+01,0.93,0.0709,1125,378.84,11.8,6213,4.387,1.195,12.716
CONFIRMED,4.286866229,0.757,4.4726,1.32E+03,4.14,0.0535,1217,517.66,167.3,6228,4.441,1.049,14.982
CONFIRMED,10.27380957,0.125,3.252,3.53E+02,1.68,0.0924,799,96.27,19.2,5806,4.528,0.899,14.909
CONFIRMED,13.39155154,0.539,3.391,4.89E+01,1.58,0.1173,1180,459.23,24.5,6197,3.837,2.188,10.421
CONFIRMED,5.62904396,0.237,3.7295,3.95E+01,1.39,0.0658,1576,1459.41,32.2,6197,3.837,2.188,10.421
CONFIRMED,8.2562857,0.816,2.0378,3.73E+01,1.49,0.085,1387,874.56,18.2,6197,3.837,2.188,10.421
CONFIRMED,12.33087921,0.011,3.0664,8.72E+02,2.34,0.1006,671,47.99,28.3,5376,4.576,0.806,15.886
CONFIRMED,4.421566535,0.869,2.1229,6.84E+02,2.19,0.0471,729,66.94,31.9,4299,4.604,0.697,15.18
CONFIRMED,15.72585941,0.122,3.8284,1.31E+03,2.69,0.1151,602,31.13,32.7,5332,4.597,0.755,16.144
CONFIRMED,1.252753881,0.4,2.1472,2.00E+02,2.44,0.0239,2199,5545.35,40.5,5907,4.041,1.705,14.69
CONFIRMED,13.36019864,0.534,2.788,7.00E+02,1.84,0.1002,520,17.3,21.3,4500,4.638,0.688,15.637
CONFIRMED,76.957056,0.638,9.551,3.67E+02,2.09,0.3436,451,9.81,26.5,5878,4.363,1.041,14.353
CANDIDATE,14.97974335,0.93,4.126,1.21E+03,3.79,0.1106,620,34.95,33.2,5062,4.481,0.853,15.549
CANDIDATE,6.7445683,0.1199,3.813,8.66E+01,0.86,0.0693,983,220.68,6.8,6106,4.496,0.923,15.319
CANDIDATE,33.35859852,0.937,2.286,1.83E+03,4.44,0.1854,459,10.46,32.2,5009,4.515,0.799,15.253
CONFIRMED,8.84784273,0.047,2.0572,4.60E+02,1.15,0.0699,479,12.48,21.1,3867,4.718,0.552,14.911
CONFIRMED,9.98970266,0.005,3.7,9.88E+02,2.48,0.088,705,58.26,24.1,5265,4.58,0.81,15.909
CONFIRMED,5.63252508,0.455,2.1448,6.34E+02,2.04,0.0598,844,119.75,70.9,5216,4.58,0.804,14.353
CONFIRMED,1.442592305,0.207,2.9698,1.66E+02,2.67,0.0284,2700,12557.23,27.1,7216,3.983,2.043,11.558
CONFIRMED,14.17222858,0.869,2.6297,2.47E+02,2.39,0.1146,873,137.33,24.5,5845,4.2,1.314,13.776
CONFIRMED,4.92031063,0.242,4.046,8.10E+01,1.18,0.0566,1242,562.99,17.7,5845,4.2,1.314,13.776
CONFIRMED,56.4931698,0.707,8.704,4.12E+02,4.43,0.3259,681,50.79,31.8,6160,3.976,2.046,13.524
CONFIRMED,13.82142084,0.904,3.985,7.65E+02,2.2,0.1005,560,23.15,75.3,4983,4.66,0.651,14.139
FALSE POSITIVE,2.30367952,0.964,3.0898,1.36E+02,1.3,0.0337,1384,866.21,18.9,6191,4.546,0.865,15.206
CONFIRMED,5.78387049,0.227,1.3966,4.13E+02,2.07,0.0655,1051,288.69,20.7,6063,4.476,1.012,15.049
CONFIRMED,11.08507658,0.819,1.751,7.72E+02,2.5,0.0901,665,46.17,17.7,5080,4.538,0.793,15.938
CONFIRMED,0.571038347,0.876,1.1267,2.42E+02,1.65,0.0126,1897,3069.59,38.2,5132,4.457,0.886,14.098
CONFIRMED,8.77425786,0.917,2.2245,2.40E+02,1.75,0.0784,771,83.63,22.3,5146,4.445,0.905,13.714
CONFIRMED,4.51005082,0.115,2.1533,2.95E+02,1.74,0.0511,1063,301.74,21.5,5362,4.352,1.032,14.979
CONFIRMED,37.6468519,0.008,6.344,4.27E+02,5.37,0.2466,787,90.85,31,5443,3.74,2.652,14.288
CONFIRMED,29.4557841,0.018,3.451,5.34E+02,2.19,0.1879,598,30.3,26.6,6036,4.491,0.949,14.385
CONFIRMED,12.46600444,0.209,5.0066,2.23E+03,5.65,0.1051,897,152.76,304.6,6038,4.284,1.191,14.247
CONFIRMED,2.361724472,0.009,1.2167,5.87E+02,1.53,0.0299,922,170.59,34.6,4478,4.615,0.651,15.658
CONFIRMED,34.7630543,0.731,4.309,2.94E+02,1.75,0.1938,554,22.23,24,5670,4.387,0.95,13.865
CONFIRMED,20.0545282,0.939,7.173,3.05E+02,2.63,0.1512,755,76.97,26.9,6056,4.332,1.209,14.881
CONFIRMED,3.17059731,0.793,1.6686,3.25E+02,1.69,0.0415,1080,321.28,20.1,5431,4.563,0.843,15.353
CONFIRMED,27.0142622,0.009,5.385,2.88E+02,2,0.1779,677,49.65,25.5,5949,4.303,1.184,13.86
CONFIRMED,12.50945798,0.626,3.479,1.55E+02,1.54,0.1065,875,138.54,16,5949,4.303,1.184,13.86
CONFIRMED,26.0203329,0.704,4.965,1.16E+03,4.53,0.168,675,49.09,23.7,5624,4.218,1.244,15.889
CONFIRMED,0.769854899,0.705,1.0243,1.10E+02,0.93,0.0157,1650,1756.8,28.7,5173,4.55,0.822,13.829
CONFIRMED,6.89226333,0.061,2.4921,2.14E+02,2.13,0.0732,1156,422.14,22.4,5862,4.148,1.463,14.207
CONFIRMED,8.07127043,0.271,2.393,3.18E+02,1.53,0.0753,856,126.94,16.9,5766,4.517,0.853,15.553
CONFIRMED,11.01819178,0.883,4.635,5.46E+02,2.64,0.0985,840,117.97,22,6075,4.486,0.969,15.832
CONFIRMED,30.9505927,0.958,5.394,3.01E+02,1.51,0.1719,428,7.91,23.2,4983,4.66,0.651,14.139
CANDIDATE,6.3143447,0.0584,2.796,1.91E+02,1.34,0.068,1012,247.53,6.4,6075,4.486,0.969,15.832
CANDIDATE,78.7327023,0.956,5.041,4.96E+02,7.76,0.419,761,79.13,19.1,6715,3.754,2.763,13.003
FALSE POSITIVE,3.979867514,1.216,2.3607,9.08E+02,26.5,0.0501,1173,446.89,65.2,6032,4.485,0.973,14.782
CANDIDATE,42.3375799,0.947,4.924,3.55E+02,1.45,0.1997,311,2.21,18.1,4132,4.682,0.581,14.275
CONFIRMED,23.3593589,0.94,5.389,5.70E+02,2.98,0.1637,684,51.68,25.9,6244,4.46,1.009,15.347
CONFIRMED,9.69310837,0.534,2.734,1.13E+03,2.12,0.0754,609,32.4,30.4,4818,4.639,0.618,15.914
FALSE POSITIVE,24.2598301,1.244,3.897,1.54E+03,25.42,0.1576,547,21.13,26.3,5485,4.574,0.805,15.962
FALSE POSITIVE,116.5214317,1.26,5.577,7.72E+02,44.41,0.4817,457,10.33,25,6056,4.179,1.411,13.806
CONFIRMED,0.813166357,0.06,1.4122,1.74E+02,1.14,0.0165,1693,1945.44,34.8,5237,4.5,0.887,14.113
CONFIRMED,10.86062378,0.261,2.2874,1.90E+02,2.09,0.0988,1108,356.24,20.7,6455,4.125,1.496,13.957
CONFIRMED,24.08632177,0.802,2.236,1.04E+03,2.78,0.1478,500,14.78,18,4973,4.537,0.768,15.464
CANDIDATE,1.834277283,0.381,1.7499,2.87E+02,1.64,0.029,1459,1068.36,24.8,5751,4.458,0.958,15.198
FALSE POSITIVE,17.40208965,1.216,3.745,6.17E+02,16.37,0.1129,422,7.49,20.9,4098,4.662,0.615,15.245
CONFIRMED,37.9456138,0.263,4.093,1.03E+03,2.79,0.2181,515,16.61,24,5861,4.546,0.865,15.939
FALSE POSITIVE,1.141877248,0.598,4.33931,3.09E+05,88.62,0.0212,2184,5358.79,2036.3,6158,4.152,1.368,13.418
FALSE POSITIVE,5.77675928,1.272,6.789,3.52E+03,32.77,0.0575,954,195.79,141.4,5544,4.435,0.875,14.572
CONFIRMED,24.1738244,0.251,3.056,5.33E+02,2.21,0.1589,595,29.69,21.5,5468,4.427,0.968,15.056
CONFIRMED,5.186737262,0.825,0.8023,7.13E+02,2.4,0.0559,860,129.37,25.7,5230,4.594,0.777,14.988
CANDIDATE,1.151244686,1.387,1.272,2.70E+02,40.32,0.0215,1756,2253.09,32.6,6086,4.511,0.921,14.519
CONFIRMED,1.217000383,0.028,1.3285,4.60E+02,1.58,0.0201,1314,707.61,26.5,4859,4.545,0.757,15.975
CONFIRMED,13.6823798,0.595,4.153,1.80E+02,1.43,0.1156,802,97.74,17,6102,4.457,1.026,14.5
CANDIDATE,2.42088277,0.227,2.812,2.23E+02,2.27,0.0355,1616,1615.12,20.7,5583,4.077,1.53,15.61
CONFIRMED,8.79618433,0.05,3.3781,2.86E+02,1.77,0.0872,938,183.26,27,6142,4.456,1.046,15.159
CONFIRMED,16.85592593,0.038,2.309,8.72E+02,1.7,0.1082,408,6.52,19.5,3967,4.674,0.587,15.661
CONFIRMED,14.36270451,0.272,4.564,3.49E+02,2.31,0.1239,918,167.88,26.8,6643,4.357,1.216,14.612
CONFIRMED,69.8956789,0.872,5.276,5.48E+02,3.04,0.32,442,8.99,21.9,5390,4.303,1.104,14.552
CONFIRMED,6.24667547,0.877,11.261,3.97E+02,14.93,0.0709,1902,3095.83,63.6,4604,2.936,6.221,12.495
CONFIRMED,2.344512589,0.803,1.4116,5.89E+01,0.97,0.0345,1471,1106.25,21.9,5821,4.328,1.132,12.589
CONFIRMED,5.766165573,0.017,3.8314,3.65E+02,2.27,0.0629,1159,426.48,65.6,6038,4.284,1.191,14.247
CONFIRMED,18.3027235,0.742,8.262,1.87E+02,2.72,0.1343,902,156.71,24.7,5528,3.892,1.839,14.31
CONFIRMED,2.888904439,0.77,1.6043,4.02E+02,1.68,0.0371,976,215.06,23.7,4895,4.589,0.759,15.195
CONFIRMED,17.14648756,0.918,4.2354,4.40E+02,3.64,0.1291,811,102.24,28.3,5559,4.127,1.412,14.941
CONFIRMED,16.09227518,0.932,2.1072,1.29E+02,0.98,0.1117,503,15.15,18.1,4657,4.641,0.67,12.485
CANDIDATE,38.103908,0.987,3.837,9.61E+02,4.08,0.1989,456,10.22,20.3,5250,4.522,0.771,15.469
CONFIRMED,62.7843981,0.272,4.81,3.25E+02,2.28,0.3194,530,18.7,21.1,6053,4.279,1.26,13.358
CONFIRMED,91.500873,0.032,4.842,7.05E+02,1.82,0.3648,310,2.18,22.6,5051,4.628,0.706,14.447
CONFIRMED,44.2993483,0.614,4.298,7.98E+02,2.68,0.2348,463,10.85,23.2,5316,4.459,0.915,15.115
CONFIRMED,3.13877646,0.436,1.6663,1.74E+02,0.97,0.037,1022,257.32,20.2,5242,4.556,0.722,14.364
CANDIDATE,5.24242029,0.863,6.413,3.35E+02,3.86,0.0552,1367,825,20.1,5383,3.824,1.829,15.83
CONFIRMED,35.9682692,0.883,2.839,2.70E+02,2.95,0.2269,674,48.68,21,5883,4.149,1.529,13.848
CONFIRMED,25.3690868,0.845,4.746,1.10E+02,1.67,0.18,755,76.9,21.6,6126,4.224,1.406,12.476
CONFIRMED,6.89213244,0.541,1.725,8.20E+01,1.35,0.0771,1177,454.45,17.3,6164,4.227,1.446,12.618
CONFIRMED,42.3006282,0.269,4.372,5.08E+02,2.54,0.2415,558,22.94,23.8,5852,4.353,1.129,14.766
FALSE POSITIVE,0.838597429,1.274,1.68668,2.48E+03,44.67,0.0188,2278,6353.25,303.7,6366,4.352,1.236,14.784
CONFIRMED,55.1866213,0.225,9.133,3.76E+02,2.47,0.2919,568,24.56,36.2,6178,4.269,1.267,13.573
FALSE POSITIVE,1.728528176,0.787,3.682,1.98E+02,5.07,0.0326,2720,12977.86,26.2,6153,3.597,3.279,12.99
CONFIRMED,14.97436238,0.092,2.4461,2.65E+02,1.28,0.1102,631,37.53,24.9,5311,4.532,0.8,13.747
CONFIRMED,3.97076603,0.775,1.814,3.49E+02,1.6,0.0443,958,198.43,23.9,5178,4.521,0.778,15.443
CONFIRMED,2.352273912,0.095,1.7389,3.19E+02,1.29,0.0325,1019,255.03,20.4,4816,4.608,0.748,15.848
FALSE POSITIVE,22.0425953,1.191,61.2018,3.48E+02,28.78,0.1515,760,78.85,90.4,5974,4.216,1.26,12.999
CONFIRMED,23.34036251,0.25,2.054,6.15E+02,2.21,0.1467,601,30.94,18.2,5530,4.425,0.892,15.23
CANDIDATE,37.8034121,0.968,4.641,6.78E+02,2.95,0.214,460,10.57,20.2,5329,4.572,0.819,15.191
CONFIRMED,15.03366411,0.01,3.272,3.75E+02,1.7,0.1182,669,47.32,22.2,5523,4.526,0.891,14.837
CANDIDATE,131.485184,0.578,5.294,5.58E+02,3.03,0.501,400,6.08,19.4,5765,4.236,1.242,14.895
CANDIDATE,16.2908527,0.105,3.176,4.41E+01,0.52,0.1178,622,35.48,14.5,5425,4.549,0.797,11.671
CONFIRMED,106.247882,0.586,13.78,3.97E+02,2.01,0.4301,377,4.75,24,5679,4.435,0.972,14.552
CONFIRMED,8.508333104,0.004,3.4559,6.47E+02,2.6,0.0806,909,161.66,93.4,5767,4.396,1.03,14.176
CONFIRMED,12.94123564,0.028,4.636,3.29E+02,1.7,0.1082,795,94.29,22.1,6119,4.497,0.938,15.012
CONFIRMED,5.349791,0.867,4.279,8.88E+01,1.29,0.0635,1156,422.79,23.3,6074,4.368,1.183,13.386
CANDIDATE,147.281212,0.474,7.375,4.53E+02,2.28,0.5348,353,3.69,17.3,5708,4.365,1.054,14.685
CONFIRMED,5.26211833,0.71,3.244,1.95E+02,1.95,0.0585,1166,436.61,20.3,5587,4.188,1.309,14.623
CONFIRMED,12.1628195,0.971,2.3161,3.06E+02,3.14,0.1023,882,142.77,15.2,5587,4.188,1.309,14.623
CONFIRMED,23.5541012,0.536,7.3,9.52E+01,2.33,0.2134,1381,859.63,29.9,9565,4.088,2.286,11.98
CONFIRMED,41.6977582,0.018,5.513,6.85E+02,2.26,0.233,488,13.45,27.7,5730,4.545,0.87,15.265
CONFIRMED,4.79029482,0.46,2.7219,1.42E+02,1.01,0.0546,938,183.02,23.1,5412,4.562,0.843,14.102
CONFIRMED,38.6715843,0.773,5.532,5.99E+02,2.45,0.2079,502,15.03,25.2,5432,4.42,0.913,14.94
CONFIRMED,8.32651854,0.782,5.483,2.68E+02,1.8,0.0812,938,182.69,27.2,6057,4.45,1,15.06
CONFIRMED,5.53533152,0.051,2.793,2.61E+02,1.75,0.0601,1054,292.33,27.5,5588,4.331,1.1,14.514
CONFIRMED,16.7261969,0.496,2.708,1.95E+02,1.56,0.1257,729,66.83,11.6,5588,4.331,1.1,14.514
CONFIRMED,21.58752788,0.009,4.4968,3.37E+02,2.18,0.1516,747,73.42,34,6038,4.284,1.191,14.247
CONFIRMED,3.757294695,0.586,0.9269,2.73E+02,1.23,0.0435,877,139.89,23.4,4901,4.618,0.716,14.099
CONFIRMED,3.2828024,0.159,3.2532,1.43E+02,1.79,0.0436,1467,1093.39,24.4,5640,4.087,1.515,14.686
CONFIRMED,4.64495172,0.301,3.366,1.47E+02,1.38,0.055,1209,504.23,19.8,6047,4.343,1.129,14.338
CANDIDATE,16.6671415,0.444,3.526,1.75E+02,0.7,0.1037,469,11.47,17.9,4729,4.726,0.525,13.831
CONFIRMED,16.48686712,1.198,1.431,9.88E+02,27.45,0.1337,760,78.99,22.1,6090,4.447,1.071,15.315
CONFIRMED,2.685054445,0.762,1.0473,2.53E+02,1.46,0.0346,1137,395.08,28.9,5266,4.484,0.829,14.077
CONFIRMED,16.8600805,0.682,5.557,2.73E+02,1.71,0.1246,765,80.9,22.4,6205,4.419,0.973,14.989
CONFIRMED,1.54320541,0.217,2.5779,9.12E+01,1.23,0.0257,1827,2636.85,35.2,5866,4.2,1.282,13.38
CONFIRMED,49.5004725,0.162,5.772,9.65E+02,2.49,0.2441,402,6.2,27.8,4954,4.5,0.828,15.565
CONFIRMED,6.47539108,0.486,2.7048,5.31E+02,1.92,0.0629,793,93.41,28.1,4954,4.5,0.828,15.565
CONFIRMED,16.85825609,0.763,2.0728,7.60E+02,2.51,0.1191,576,26.05,21.8,4954,4.5,0.828,15.565
FALSE POSITIVE,3.132604547,1.251,3.6337,9.97E+03,48.73,0.043,1444,1028.81,222.3,6248,4.328,1.181,13.499
CONFIRMED,2.949029106,0.044,2.0311,3.58E+02,1.48,0.0369,1027,263.92,29.3,4983,4.512,0.807,15.333
CONFIRMED,37.8658964,0.18,4.782,3.95E+02,2.01,0.2221,543,20.61,25.9,5757,4.431,1.017,14.5
CONFIRMED,8.30865307,0.333,3.2747,8.36E+02,2.42,0.0747,747,73.53,74.3,5022,4.485,0.849,14.817
CONFIRMED,11.93205399,0.123,6.205,1.79E+02,1.83,0.1079,905,158.22,32.3,5711,4.221,1.391,13.353
CONFIRMED,7.54235832,0.318,4.73,1.33E+02,1.59,0.0794,1054,292.19,25.8,5711,4.221,1.391,13.353
CONFIRMED,5.02818253,0.3,3.526,1.81E+02,2.03,0.0579,1272,620,26.1,5640,4.087,1.515,14.686
CONFIRMED,1.897828815,0.227,2.7114,1.32E+02,1.73,0.0302,1761,2278.95,27.2,5640,4.087,1.515,14.686
CONFIRMED,10.62788695,0.473,4.576,3.27E+02,1.87,0.0961,872,136.34,22.6,6082,4.445,1.014,15.401
CANDIDATE,34.135676,0.087,9.12,6.22E+02,13.98,0.2837,1526,1281.86,8.6,7818,3.365,5.555,12.963
CONFIRMED,1.104462494,0.151,1.0458,4.69E+02,1.6,0.0188,1397,898.79,35.3,5002,4.543,0.753,15.277
CONFIRMED,4.89336495,0.218,3.485,1.38E+02,1.6,0.0621,1374,842.45,15.9,6688,4.304,1.347,13.827
CONFIRMED,11.17392077,0.025,3.307,3.25E+02,1.64,0.0981,796,94.84,21.4,5911,4.519,0.914,15.356
CONFIRMED,31.0325991,0.611,3.476,7.37E+02,2.64,0.1964,561,23.41,17.6,5841,4.52,0.931,15.728
FALSE POSITIVE,0.512407185,0.301,1.0579,3.29E+02,1.03,0.0104,1255,583.45,46.1,3862,4.69,0.563,14.78
FALSE POSITIVE,4.150297119,0.971,1.2058,5.93E+02,3.03,0.0486,981,218.44,24.2,5290,4.519,0.858,14.854
CONFIRMED,5.89661966,0.039,3.154,1.44E+02,1.28,0.0614,1000,237.1,15.3,5392,4.314,1.087,14.622
CONFIRMED,33.4178173,0.913,4.645,1.17E+03,3.13,0.1899,448,9.56,28.4,5136,4.607,0.744,15.824
CONFIRMED,2.053341891,0.966,2.596,6.55E+01,1.44,0.0324,1737,2154.14,23.2,6084,4.204,1.358,12.217
CONFIRMED,56.7769831,0.703,6.864,8.84E+02,3.21,0.3002,491,13.74,33.6,6063,4.476,1.012,15.273
CONFIRMED,18.78429232,0.658,3.1136,1.01E+03,2.14,0.1198,433,8.3,23.8,4243,4.637,0.641,15.561
CONFIRMED,3.61460279,0.516,3.227,6.48E+01,1.14,0.0487,1347,776.7,14.9,5711,4.221,1.391,13.353
CONFIRMED,13.15140223,0.872,5.439,9.78E+01,1.87,0.1187,1008,243.84,25.5,6154,4.12,1.636,12.071
CONFIRMED,18.5084526,1.258,6.596,7.59E+02,29.33,0.1383,683,51.32,30.1,5942,4.506,0.938,15.253
FALSE POSITIVE,7.47763833,0.012,2.5693,1.10E+02,2.05,0.0744,1346,776.56,26.2,5957,3.849,1.953,11.539
CONFIRMED,42.1918331,0.067,7.083,4.89E+02,2.35,0.2315,526,18.08,25.7,5520,4.339,1.08,15.06
CONFIRMED,3.73090026,0.822,2.9095,1.91E+02,1.48,0.0473,1128,383.51,24,5709,4.489,0.95,14.966
CANDIDATE,86.130534,0.072,3.321,2.85E+02,1.47,0.3781,391,5.55,3.7,5830,4.54,0.876,14.966
CONFIRMED,2.787874175,0.153,2.0348,1.97E+02,2.33,0.0382,1432,993.06,22.2,4827,3.942,1.727,14.435
CONFIRMED,37.9962369,0.023,6.7751,4.04E+02,2.39,0.221,618,34.55,37.8,6038,4.284,1.191,14.247
CANDIDATE,8.46354384,0.387,1.4078,7.92E+02,2.51,0.0784,805,99.37,26.1,5427,4.495,0.887,15.338
CONFIRMED,17.23232894,0.395,4.5568,5.10E+02,2.79,0.1312,817,105.47,64.1,6086,4.274,1.216,14.061
CONFIRMED,28.5057217,0.695,6.324,7.56E+02,2.55,0.1793,555,22.43,20.8,5712,4.534,0.87,15.778
CONFIRMED,53.5991459,0.658,6.811,5.23E+02,2.49,0.2863,529,18.54,23.1,6319,4.447,1.032,14.953
CONFIRMED,16.4581861,0.108,1.9637,4.36E+02,1.82,0.1244,644,40.61,22.4,5475,4.521,0.884,14.64
CANDIDATE,191.864193,,4.9,,,,,,,,,,12.57
CANDIDATE,13.72549689,,7.62,,,,,,,,,,12.57
CANDIDATE,176.331289,0.2455,13.89,1.10E+02,2.38,0.6481,505,15.4,8.4,6146,3.8,2.251,12.982
CONFIRMED,0.693842661,0.195,1.6197,4.93E+01,0.83,0.0148,2161,5182.78,28.9,5457,4.239,1.196,12.953
CONFIRMED,83.4887405,0.42,6.21,9.55E+02,2.95,0.3779,411,6.76,24.7,5910,4.505,0.94,15.375
CONFIRMED,34.0607677,0.786,2.471,8.19E+02,2.96,0.2079,554,22.32,20.5,5910,4.505,0.94,15.375
CANDIDATE,6.2141496,0.403,10.141,1.83E+02,4.27,0.0758,1506,1216.48,53.4,5295,3.617,3.152,13.439
CONFIRMED,31.5888979,0.194,3.438,3.61E+02,2.59,0.197,682,51.02,27.3,5866,4.175,1.367,14.143
CONFIRMED,59.9809868,0.918,7.588,2.82E+02,2.81,0.3108,568,24.58,25.2,6103,4.202,1.383,13.66
CONFIRMED,25.7457957,0.661,7.073,1.40E+02,1.73,0.1768,753,75.97,19.3,6103,4.202,1.383,13.66
CONFIRMED,11.92979348,0.003,6.152,7.09E+02,2.43,0.1028,770,83.04,27.8,5831,4.517,0.921,15.844
CANDIDATE,17.65737838,0.8277,3.509,2.16E+03,2.45,0.1047,350,3.55,117.2,3745,4.784,0.47,14.267
CONFIRMED,4.3394569,0.821,2.3652,3.37E+02,2.11,0.0497,1061,300.07,31.6,5330,4.366,1.013,14.822
CONFIRMED,2.852348262,0.295,0.7051,1.40E+03,1.66,0.0305,621,34.95,33.3,3731,4.83,0.433,15.959
CONFIRMED,65.6480892,0.949,5.746,5.89E+02,3.93,0.3197,485,13.04,22,5565,4.251,1.246,14.872
FALSE POSITIVE,102.653705,1.184,53.5887,6.87E+02,39.16,0.4703,562,23.66,82.1,6711,4.097,1.698,12.678
CONFIRMED,14.83340944,0.399,3.927,7.83E+02,2.54,0.1134,694,54.74,19.1,5570,4.471,0.904,15.707
FALSE POSITIVE,0.987338654,0.002,2.591,2.65E+01,0.98,0.0203,2669,11973.87,25,6258,3.939,1.896,11.511
CONFIRMED,101.1323475,0.057,4.366,1.50E+03,3.87,0.4137,380,4.91,25.7,5492,4.389,1.016,15.331
FALSE POSITIVE,1.811460943,0.971,5.065,4.29E+02,2.83,0.028,1508,1224.37,83.9,5700,4.382,1.008,14.674
CONFIRMED,16.07673148,0.108,2.205,4.88E+02,2.14,0.1281,724,64.75,19.3,5957,4.498,0.971,15.306
CONFIRMED,18.87058705,0.878,3.4701,5.88E+02,2.67,0.1401,701,56.97,28.5,6103,4.496,0.949,14.562
CONFIRMED,22.1334224,0.025,2.049,6.55E+02,1.76,0.1416,507,15.65,16.3,5165,4.633,0.702,15.571
CONFIRMED,17.1369408,0.03,6.416,3.62E+02,2.05,0.135,775,85.15,25.4,6218,4.421,1.077,15.004
CONFIRMED,26.6951944,0.136,4.576,1.33E+02,1.4,0.1757,706,58.81,13.4,6086,4.274,1.216,14.061
CONFIRMED,7.72085047,0.963,1.8264,2.67E+02,2.53,0.0761,1021,257.14,25,5887,4.29,1.177,13.516
CONFIRMED,6.312508525,0.029,2.7455,1.29E+03,2,0.0561,575,25.94,112.5,4090,4.696,0.571,14.735
CONFIRMED,4.19577385,0.521,2.1557,8.74E+02,3.02,0.0488,1047,283.78,23.3,5229,4.378,1.005,15.168
CONFIRMED,7.1329472,0.612,4.368,1.45E+02,1.64,0.0719,1102,349.21,27.2,5862,4.194,1.307,13.959
CONFIRMED,8.91901228,0.619,4.141,1.81E+02,1.84,0.0835,1023,258.92,29.6,5862,4.194,1.307,13.959
CONFIRMED,4.5620407,0.925,2.8521,8.16E+01,2.82,0.0592,1533,1306.97,22.8,5343,3.764,2.506,13.052
CANDIDATE,7.5966998,0.725,3.667,1.28E+02,1.32,0.0746,964,204.34,24.5,5716,4.343,1.091,13.482
FALSE POSITIVE,2.392630668,0.909,1.3705,1.02E+02,1.33,0.0345,1418,955.41,20.5,5716,4.343,1.091,13.482
CONFIRMED,17.6700291,0.932,6.693,3.48E+02,2.89,0.1348,778,86.37,25,5795,4.265,1.247,14.874
CANDIDATE,15.40877383,,3.49,,,,,,,,,,14.874
CONFIRMED,108.593113,0.007,7.989,3.38E+02,1.68,0.4126,374,4.64,24.3,5678,4.409,0.921,14.033
CONFIRMED,19.9865916,0.962,4.391,6.48E+02,4.22,0.1404,720,63.67,21.8,5500,4.218,1.238,15.699
CONFIRMED,12.12580644,0.805,3.289,3.28E+02,2.5,0.1007,851,123.78,14,5500,4.218,1.238,15.699
CONFIRMED,76.421501,0.015,7.218,5.78E+02,2.81,0.3462,455,10.11,23.9,5561,4.263,1.19,15.165
CONFIRMED,56.2590881,0.026,8.114,3.49E+02,2.22,0.287,543,20.49,29.7,6038,4.284,1.191,14.247
CONFIRMED,1.646801683,0.129,1.1966,2.84E+02,0.86,0.0223,806,99.8,25.2,3810,4.753,0.513,14.634
CONFIRMED,3.78861833,0.183,2.808,1.43E+02,1.23,0.0467,1158,424.17,18.2,5560,4.379,1.04,14.285
CONFIRMED,10.45839865,0.009,3.154,3.07E+02,1.25,0.0845,609,32.45,18.6,4641,4.557,0.747,14.471
CONFIRMED,21.1033014,0.125,2.059,1.93E+02,1.56,0.1528,718,62.99,21.3,6000,4.363,1.126,13.355
CONFIRMED,95.6114617,0.046,7.489,4.87E+02,2.37,0.4267,421,7.45,21.6,6002,4.424,1.081,14.71
CANDIDATE,58.35512552,,8.45,,,,,,,,,,15.484
CANDIDATE,1.204686597,0.328,0.823,2.33E+02,1.55,0.0222,1711,2026.81,10.8,5780,4.438,1,11.671
CONFIRMED,11.8984948,0.836,3.015,1.31E+02,1.69,0.1012,929,176.27,15.9,5862,4.194,1.307,13.959
CONFIRMED,23.1274171,0.737,4.901,1.57E+02,1.44,0.1602,667,46.89,20.9,5865,4.393,1.066,11.863
CONFIRMED,5.132486123,0.217,1.4575,9.08E+02,1.69,0.0497,584,27.41,35.4,3879,4.707,0.578,15.535
CONFIRMED,8.77997349,0.481,3.2201,7.56E+02,2.12,0.0787,713,61.24,32.7,5191,4.597,0.764,15.789
CONFIRMED,57.6896212,0.924,5.118,1.63E+03,5.14,0.3025,512,16.19,30.2,6228,4.441,1.049,15.886
CONFIRMED,10.66489514,0.308,3.159,2.93E+02,1.76,0.0961,865,132.15,25.3,6014,4.436,1.021,14.651
CONFIRMED,5.1233204,0.308,2.7466,2.86E+02,1.65,0.0556,994,231.12,25.1,5364,4.394,0.982,15.162
CONFIRMED,3.573202801,0.053,2.88,2.98E+03,5.81,0.0457,1210,507.91,362.1,5646,4.37,1.08,14.72
CONFIRMED,61.6174528,0.091,3.816,1.35E+03,3.36,0.302,424,7.67,19.5,5480,4.485,0.931,15.722
CONFIRMED,24.3398202,0.928,3.891,7.77E+02,5.09,0.1644,737,69.79,27.8,5596,4.105,1.466,15.28
CONFIRMED,7.16520428,0.142,1.705,4.34E+02,2.31,0.0765,1034,270.34,17.6,6174,4.417,1.103,15.302
CONFIRMED,1.755843555,0.893,1.9425,3.86E+02,1.94,0.0277,1343,771.02,25.1,5569,4.566,0.829,15.758
CONFIRMED,5.18560081,0.012,4.054,2.53E+02,2.34,0.0631,1314,705.79,27.6,6172,4.198,1.471,14.806
CONFIRMED,33.4698571,0.876,4.749,3.71E+02,2.45,0.2006,609,32.52,23.2,5912,4.342,1.094,14.74
CONFIRMED,11.89520436,0.067,3.433,1.84E+02,1.33,0.0994,787,90.77,22.3,5649,4.411,0.992,14.152
CONFIRMED,1.025857984,0.779,0.8069,2.71E+02,1.57,0.0187,1520,1264.7,36,5123,4.501,0.847,14.413
CONFIRMED,5.60013327,0.046,2.6508,3.29E+02,1.73,0.0587,952,194.26,22.8,5288,4.391,0.978,15.378
CONFIRMED,25.2034128,0.168,4.515,6.97E+02,2.42,0.1693,600,30.62,22.3,5831,4.517,0.921,15.684
CONFIRMED,1.615357809,0.931,1.1435,5.00E+02,1.37,0.0213,806,99.32,31.2,3821,4.755,0.486,15.655
CONFIRMED,5.640676975,0.033,2.8354,1.45E+03,4.59,0.0627,1125,379.36,145.9,5794,4.282,1.216,14.762
CONFIRMED,25.5638626,0.85,4.685,1.12E+03,4,0.1758,671,47.94,31.6,6228,4.441,1.049,15.886
CANDIDATE,6.78341325,0.665,3.5437,5.01E+02,20.75,0.0641,2628,11295.61,35.3,5096,2.435,8.769,15.357
CONFIRMED,12.7945474,0.18,3.4197,8.17E+02,1.6,0.0899,455,10.1,54.1,4090,4.696,0.571,14.735
CONFIRMED,42.4269647,0.962,5.907,6.32E+02,3.44,0.2274,496,14.33,26,5330,4.366,1.013,15.001
CONFIRMED,1.434745129,0.108,1.862,2.01E+02,1.5,0.0252,1664,1813,28.4,5806,4.4,1.064,14.691
CANDIDATE,6.95787,0.1686,4.537,1.82E+02,1.39,0.0708,1047,284.4,1.8,6240,4.406,1.025,15.28
CONFIRMED,3.28192056,0.223,2.917,1.91E+02,1.6,0.0442,1326,728.9,24.5,5859,4.335,1.162,14.842
CONFIRMED,12.51610549,0.023,4.853,2.63E+02,1.87,0.1078,848,122.54,22.6,5859,4.335,1.162,14.842
CONFIRMED,5.45298742,0.879,2.1328,8.60E+01,0.92,0.0595,904,158.12,21,5450,4.563,0.842,12.404
CONFIRMED,3.26662733,0.623,2.056,5.99E+01,0.68,0.0423,1072,312.85,18.6,5450,4.563,0.842,12.404
CONFIRMED,4.45743267,0.175,2.3226,1.76E+02,0.79,0.0448,732,67.7,20.8,4487,4.644,0.612,14.374
CONFIRMED,2.81814715,0.305,1.763,2.79E+02,1.3,0.0364,1059,298.2,16.5,5167,4.555,0.787,15.498
CANDIDATE,9.4907638,0.3638,2.713,1.97E+02,1.05,0.082,704,58.01,7.3,5290,4.604,0.746,15.498
CANDIDATE,0.76196247,0.322,1.282,1.90E+02,1.08,0.0152,1638,1710.11,18.3,5167,4.555,0.787,15.498
FALSE POSITIVE,1.824649,0.901,4.2285,3.22E+03,5.31,0.026,1508,1222.28,184.3,6190,4.487,0.793,14.605
CONFIRMED,2.832647249,0.374,2.306,1.15E+02,1.37,0.0403,1453,1054.98,27.5,5865,4.266,1.272,13.467
CONFIRMED,3.70063251,0.71,5.408,6.86E+01,1.24,0.0455,1329,737.02,29.8,5423,4.105,1.404,13.024
CONFIRMED,3.93083997,0.222,2.932,1.01E+02,1.2,0.0487,1317,711.45,22,6038,4.284,1.191,13.652
CONFIRMED,7.63008196,0.628,2.78,1.24E+02,1.39,0.0758,1056,293.67,18.6,6038,4.284,1.191,13.652
CONFIRMED,16.22378479,0.413,2.5462,2.62E+02,1.51,0.1212,676,49.35,20.6,5547,4.46,0.925,14.129
CONFIRMED,9.76293284,0.499,3.064,5.53E+02,1.94,0.0821,703,57.59,23.6,5052,4.503,0.816,15.246
CONFIRMED,58.601926,0.392,5.522,3.96E+02,2.06,0.2996,508,15.8,19.1,6250,4.44,1.019,14.649
CONFIRMED,25.0823402,0.865,6.423,2.45E+02,2.26,0.1685,776,85.76,30.5,6429,4.241,1.262,13.838
CONFIRMED,78.0998908,0.528,8.422,6.57E+02,3.37,0.3625,480,12.52,23.8,5779,4.238,1.284,14.999
CONFIRMED,4.27103727,0.02,2.2759,1.80E+02,1.22,0.0514,1108,356.54,24.6,5984,4.521,0.906,14.553
CONFIRMED,4.27226421,0.744,2.113,4.89E+01,0.64,0.0506,981,218.63,13.7,5450,4.563,0.842,12.404
CANDIDATE,2.19251903,0.616,1.845,1.81E+01,0.37,0.0324,1225,533.25,6.6,5450,4.563,0.842,12.404
CONFIRMED,3.53232429,0.299,2.765,2.24E+02,1.43,0.0459,1159,427.65,12.8,5761,4.492,0.956,14.972
FALSE POSITIVE,15.03946326,0.902,5.1008,5.24E+03,12.36,0.128,962,202.6,181.6,6501,4.212,1.441,11.997
FALSE POSITIVE,4.702495974,1.303,2.3421,4.79E+03,37.24,0.0519,981,219.08,101.1,5408,4.476,0.878,14.916
CONFIRMED,10.44087398,0.914,3.743,8.22E+02,3.41,0.0915,829,111.52,22.2,5738,4.426,0.981,15.104
CANDIDATE,39.7557642,1.219,1.958,6.22E+02,13.72,0.1827,325,2.64,10.2,4405,4.732,0.511,15.439
CANDIDATE,10.27127527,0.046,3.029,3.44E+02,0.94,0.0741,510,16.02,17.5,4405,4.732,0.511,15.439
CONFIRMED,12.5722897,0.252,4.765,8.65E+01,1.09,0.1072,886,145.82,12.4,6084,4.319,1.169,12.885
CONFIRMED,40.8366307,0.363,4.956,2.65E+02,1.5,0.2237,496,14.3,18.7,5529,4.457,0.925,14.05
FALSE POSITIVE,11.7761073,0.829,2.829,2.81E+02,1.31,0.0908,619,34.75,15.1,5096,4.618,0.689,15.005
FALSE POSITIVE,29.7123181,1.202,70.3707,3.85E+02,46.43,0.2049,870,135.31,130,6440,3.984,1.921,11.549
CONFIRMED,20.6180348,0.155,3.267,7.70E+02,1.57,0.1228,359,3.92,16.3,3757,4.681,0.576,15.254
CONFIRMED,19.9401211,0.862,4.283,7.59E+02,2.42,0.1357,588,28.29,18,5623,4.596,0.763,15.922
CONFIRMED,22.2420032,0.897,7.532,6.35E+01,2.04,0.1655,954,195.54,16.2,5979,3.854,2.164,12.816
CONFIRMED,3.88148385,0.252,2.679,3.63E+01,0.59,0.0488,1156,423,11.9,5854,4.469,0.979,12.32
CONFIRMED,0.577369336,0.032,1.0852,4.00E+02,1.42,0.0125,1757,2239.26,68.3,5255,4.617,0.716,14.859
FALSE POSITIVE,186.6543548,,10.51,,,,,,,,,,15.141
CONFIRMED,12.72037026,0.787,2.7306,1.18E+03,4.75,0.1101,934,180.23,485.5,6267,4.28,1.258,10.734
FALSE POSITIVE,86.59322294,,7.98,,,,,,,,,,15.141
CONFIRMED,11.96407399,0.903,4.526,7.84E+02,3.21,0.0997,808,100.96,22.9,5903,4.437,0.961,15.361
FALSE POSITIVE,2.493237866,0.975,2.644,2.59E+02,9.48,0.04,2241,5975.48,20.7,5002,3.344,4.131,13.962
CONFIRMED,12.90467523,0.553,3.28,4.12E+02,1.49,0.0962,545,20.91,21.2,4513,4.574,0.722,15.07
CONFIRMED,68.8861017,0.241,5.925,1.44E+02,1.47,0.3133,501,14.91,19.5,5753,4.2,1.222,12.464
CONFIRMED,9.99115241,0.691,2.657,3.92E+02,1.68,0.0833,660,44.77,16.7,4838,4.524,0.796,15.311
CANDIDATE,4.267961416,0.255,1.3427,1.27E+02,1.42,0.0524,1371,834.16,24.6,6395,4.275,1.237,13.047
CONFIRMED,36.292017,0.002,8.198,3.75E+02,3.1,0.2226,694,54.91,21.4,5843,4.069,1.615,15.251
FALSE POSITIVE,0.925589891,0.616,1.967,4.01E+02,50.6,0.0181,6637,460202.18,20.6,4094,1.627,24.488,10.795
CONFIRMED,17.25121397,0.749,2.0371,2.05E+03,2.64,0.1063,385,5.17,68.6,3879,4.708,0.537,15.473
FALSE POSITIVE,1.867281146,1.252,7.495,7.01E+02,31.18,0.0306,1561,1405.94,58.5,6117,4.457,1.025,15.6
CONFIRMED,9.30991834,0.551,3.455,1.15E+02,1.21,0.0866,913,164.38,19.2,5806,4.353,1.101,13.799
CANDIDATE,18.1209388,0.108,3.781,5.04E+02,1.68,0.1228,543,20.58,15.8,4905,4.536,0.774,15.486
CONFIRMED,3.23941775,0.386,2.569,7.74E+01,0.77,0.0419,1213,511.14,17.2,6075,4.541,0.858,13.658
CANDIDATE,3.98864999,0.355,3.516,9.42E+01,1.15,0.0492,1233,547.73,12.4,5692,4.288,1.188,15.016
CONFIRMED,2.524017517,0.077,1.1968,3.03E+02,1.5,0.0344,1203,495.14,19.8,5420,4.487,0.871,15.55
CANDIDATE,25.1123362,0.007,7.922,3.99E+02,2.22,0.1707,691,53.73,11.8,6133,4.367,1.112,15.527
CANDIDATE,2.121023807,1.0045,0.3673,2.64E+02,5.75,0.0329,1573,1446.5,6.4,6133,4.367,1.112,15.527
CANDIDATE,33.18089453,,15.24,,,,,,,,,,13.226
CANDIDATE,3.55557922,0.269,3.24,6.04E+01,0.84,0.0445,1270,615.03,15.5,5839,4.337,1.082,13.845
CONFIRMED,31.2012202,0.714,4.077,3.60E+02,1.47,0.1734,406,6.44,13.7,4513,4.574,0.722,15.07
CONFIRMED,22.5968256,0.062,6.179,1.43E+02,1.3,0.1505,670,47.7,22.2,5610,4.301,1.104,13.584
CONFIRMED,45.3486381,0.847,4.858,1.63E+02,1.61,0.2395,531,18.84,15.9,5610,4.301,1.104,13.584
CONFIRMED,5.25419589,0.007,2.9878,4.62E+02,2.12,0.0602,1093,338.15,26.1,6123,4.472,0.987,15.659
CONFIRMED,5.90608902,0.025,2.409,3.41E+02,1.77,0.065,1012,247.83,9.3,5966,4.493,0.961,15.466
CONFIRMED,13.81504449,0.868,2.3244,1.03E+03,1.91,0.0903,391,5.52,46.7,3732,4.736,0.509,14.216
CONFIRMED,12.4128518,0.711,4.298,1.08E+02,1.5,0.1063,933,179.24,19.4,5945,4.196,1.346,13.539
CONFIRMED,3.92453009,0.112,3.691,4.64E+02,1.82,0.0478,1074,314.25,25.3,5776,4.554,0.849,15.708
CONFIRMED,11.60653061,0.024,2.194,7.72E+02,1.88,0.0885,584,27.47,17.8,4703,4.582,0.701,15.701
CONFIRMED,2.66831274,0.333,2.4141,2.66E+02,1.48,0.0376,1252,581.38,23.3,5806,4.528,0.899,15.553
FALSE POSITIVE,2.9322509,0.457,2.931,1.81E+02,1.33,0.0407,1312,700.81,13.1,6106,4.487,0.966,15.662
CONFIRMED,23.4772553,0.013,6.735,1.41E+02,1.34,0.1633,738,70.05,17.6,6384,4.361,1.121,13.973
CONFIRMED,66.5576728,0.254,10.532,2.14E+02,4.96,0.38,757,77.68,21.3,5734,3.591,3.405,14.074
FALSE POSITIVE,2.01948607,0.977,5.248,2.75E+02,2.15,0.0311,1430,988.37,27.9,5884,4.481,0.944,15.415
FALSE POSITIVE,3.04468229,0.623,5.951,7.14E+01,0.86,0.0383,1244,566.03,22.2,5575,4.363,0.98,14.028
FALSE POSITIVE,15.05028313,0.3125,1.848,6.15E+02,2.46,0.1233,735,69.16,13.4,5887,4.49,0.989,15.612
CONFIRMED,2.455240626,0.144,1.72722,3.69E+04,10.6,0.0298,730,67.3,1341.6,3793,4.697,0.568,15.979
CONFIRMED,9.08233411,0.262,2.008,2.97E+02,1.35,0.0815,734,68.75,15.8,5354,4.587,0.788,15.4
FALSE POSITIVE,0.790539912,0.008,1.0567,2.77E+02,1.24,0.0152,1502,1200.65,31.5,4791,4.541,0.767,14.864
FALSE POSITIVE,1.705782214,0.709,1.007,2.78E+02,1.82,0.0269,1455,1060.41,11.5,5387,4.38,1.009,15.272
FALSE POSITIVE,0.532086296,1.199,4.023,4.96E+02,16.99,0.0118,1790,2417.28,85.2,5271,4.636,0.698,15.397
CONFIRMED,47.7052566,0.918,5.959,1.16E+03,2.89,0.2253,347,3.42,22.8,4551,4.609,0.672,16.22
CONFIRMED,6.238535444,0.008,3.5255,4.02E+02,2.53,0.0685,1185,465.61,274.5,6267,4.28,1.258,10.734
CONFIRMED,86.829519,0.953,7.464,7.51E+02,1.68,0.3013,196,0.35,15.1,3576,4.791,0.463,15.474
CONFIRMED,9.95667035,0.949,3.534,5.87E+02,3.41,0.0921,946,189.48,16.8,6165,4.365,1.115,15.309
CONFIRMED,10.41728722,0.12,4.125,2.10E+02,1.64,0.0914,870,135.34,20.3,5557,4.288,1.151,14.746
CONFIRMED,0.984941669,0.045,1.9724,8.14E+01,1.49,0.0201,2335,7044.68,22.9,5825,4.046,1.662,13.835
CONFIRMED,0.663085361,0.841,1.1522,3.23E+02,1.6,0.0141,1681,1894.94,35.3,5172,4.6,0.767,15.304
CONFIRMED,19.1187425,0.74,6.805,2.18E+02,2.33,0.1444,823,108.48,20.5,5862,4.148,1.463,14.838
FALSE POSITIVE,1.08749101,0.979,1.6192,1.26E+02,4.91,0.0235,3081,21388.7,33.5,5988,3.594,3.204,13.214
FALSE POSITIVE,1.183818383,0.17,1.393,8.43E+01,0.91,0.0222,1775,2337.65,12.7,6014,4.459,0.992,14.675
FALSE POSITIVE,4.98845099,0.041,7.453,1.94E+02,1.33,0.0545,1055,292.71,23.3,5695,4.411,0.961,15.331
CONFIRMED,3.543919702,0.022,1.8717,5.07E+02,1.21,0.037,652,42.68,38.2,3879,4.708,0.537,15.473
CANDIDATE,8.28157072,0.042,3.1,1.39E+02,1.37,0.0795,956,197.82,12.9,5640,4.288,1.175,14.273
CANDIDATE,0.82628442,0.28,0.9603,1.35E+02,0.96,0.0166,1629,1654.69,25.6,5218,4.548,0.829,14.434
CANDIDATE,6.37705295,0.234,1.949,5.03E+02,2.15,0.0691,935,180.66,17.9,5672,4.503,0.965,15.522
CONFIRMED,8.83929462,0.924,1.719,3.16E+02,1.94,0.0795,778,86.5,14.8,5330,4.491,0.87,15.102
FALSE POSITIVE,0.631795416,0.433,1.0703,1.45E+02,1.88,0.0155,2797,14547.08,24.7,6414,4.173,1.519,14.676
CONFIRMED,7.56126152,0.253,2.851,1.81E+02,1.2,0.0751,891,149.17,15.7,5853,4.529,0.895,14.64
CONFIRMED,34.9897847,0.034,4.208,4.99E+02,1.14,0.1691,292,1.71,11.5,3765,4.725,0.521,15.987
CONFIRMED,7.05429483,0.48,1.716,3.59E+02,1,0.0581,497,14.46,11.2,3765,4.725,0.521,15.987
CANDIDATE,2.27050106,0.473,1.903,1.07E+02,0.55,0.0275,903,157.05,15.9,4671,4.721,0.528,14.363
CONFIRMED,26.7838935,0.036,4.584,3.65E+02,1.59,0.1673,523,17.69,20.9,5242,4.512,0.856,14.803
CONFIRMED,45.126216,0.49,6.656,3.73E+02,2.32,0.263,604,31.54,17.1,6499,4.378,1.169,14.689
CONFIRMED,11.94019101,0.348,2.866,6.32E+02,1.86,0.096,625,35.99,15.6,5073,4.607,0.748,15.912
FALSE POSITIVE,3.51295674,0.499,3.06,8.31E+01,1.1,0.0461,1434,999.6,22.5,6453,4.326,1.17,13.51
CONFIRMED,48.4313003,0.846,4.03,8.86E+02,2.78,0.239,396,5.81,17.3,4891,4.516,0.805,15.605
CONFIRMED,7.203855862,0.037,2.5418,1.77E+03,2.25,0.0595,509,15.87,101.1,3834,4.708,0.539,15.264
CONFIRMED,6.73808701,0.148,2.591,9.29E+01,0.73,0.0647,786,90.19,14.4,5168,4.566,0.769,13.942
FALSE POSITIVE,7.57571414,0.413,2.357,4.19E+02,2.45,0.0812,1075,315.8,12.8,6418,4.395,1.171,15.614
FALSE POSITIVE,4.76887671,0.654,1.672,1.16E+02,2.11,0.0565,1532,1303.61,20,6063,3.926,1.855,13.388
FALSE POSITIVE,1.347512632,1.252,1.9817,2.65E+03,23.45,0.0208,1346,775.18,88.7,5316,4.585,0.685,15.894
FALSE POSITIVE,0.512581697,0.283,1.5789,2.59E+02,1.32,0.0122,2009,3827.79,45.2,5547,4.571,0.82,15.338
FALSE POSITIVE,12.07760884,0.264,2.233,1.51E+02,1.03,0.0945,708,59.51,14,5370,4.471,0.845,14.166
CANDIDATE,18.55581565,0.073,5.372,5.66E+02,20.83,0.1919,1793,2442.24,33.2,5988,2.982,8.841,13.506
CANDIDATE,13.33094869,1.199,1.426,7.26E+02,25.95,0.1092,815,104.37,17.1,5991,4.394,1.039,14.847
FALSE POSITIVE,6.38315744,0.029,1.7075,1.11E+03,2.35,0.062,787,91,23.8,5262,4.623,0.714,15.554
CONFIRMED,27.52194772,0.35,4.047,2.31E+03,2.47,0.1445,314,2.28,106.5,3780,4.746,0.511,15.108
CONFIRMED,16.1289679,0.968,6.271,3.89E+02,2.94,0.1202,715,61.87,21.3,5392,4.314,1.087,15.022
CONFIRMED,13.5631157,0.704,5.438,3.36E+02,1.75,0.1109,733,68.41,15.4,5853,4.529,0.895,15.785
CONFIRMED,16.2959916,0.213,2.116,3.70E+02,1.83,0.123,678,49.81,15.7,5495,4.442,0.961,15.243
CONFIRMED,4.16056658,0.069,2.61,7.58E+01,0.7,0.0491,985,222.54,16.3,5481,4.574,0.815,13.889
FALSE POSITIVE,2.93101771,0.523,2.231,1.99E+02,1.15,0.0359,1134,390.28,15,5485,4.5,0.788,15.484
CONFIRMED,39.79220077,0.019,4.466,6.10E+02,1.9,0.2144,458,10.38,179.5,5437,4.571,0.781,9.705
FALSE POSITIVE,16.2276756,0.633,3.699,5.26E+02,2.11,0.1163,648,41.57,20.5,5328,4.447,0.883,15.388
FALSE POSITIVE,1.595630597,1.21,1.793,2.60E+02,17.94,0.0248,1346,778.05,18.3,5632,4.616,0.729,15.112
CONFIRMED,14.8200596,0.059,3.902,1.85E+02,0.96,0.1089,552,21.92,21.9,4825,4.603,0.732,14.146
CONFIRMED,20.49041,0.011,4.369,6.62E+02,2.34,0.1485,625,36.01,23.3,5681,4.524,0.923,15.93
FALSE POSITIVE,0.962827066,1.079,4.48,8.63E+01,29.27,0.0218,3399,31471.91,28.7,6534,3.647,3.028,13.398
CONFIRMED,8.679037,0.224,2.864,3.02E+02,1.79,0.083,949,191.84,19.9,6117,4.42,1.027,15.18
CONFIRMED,11.1296971,0.572,2.942,3.71E+02,1.93,0.0989,843,119.44,14.7,6122,4.487,0.964,15.859
CONFIRMED,2.7296036,0.509,2.721,1.46E+02,1.53,0.0394,1455,1056.15,18.4,5887,4.292,1.235,15.147
CONFIRMED,3.11604194,0.195,1.7763,3.45E+02,1.59,0.0415,1123,375.55,18.8,5591,4.559,0.86,15.79
CONFIRMED,46.82767725,0.393,1.9033,1.54E+03,2.13,0.2068,276,1.37,32.4,3879,4.708,0.537,15.473
CONFIRMED,12.7372371,0.364,3.358,1.01E+02,0.87,0.1021,697,55.82,12.9,5420,4.502,0.868,13.463
CONFIRMED,40.0306267,0.322,4.815,2.15E+02,2.01,0.2408,617,34.19,19.5,5855,4.227,1.373,13.628
CONFIRMED,0.679336747,0.209,1.2188,2.41E+02,1.4,0.0148,1883,2982.78,36.7,5440,4.491,0.913,14.159
FALSE POSITIVE,213.6103207,0.977,10.7643,1.11E+05,46.07,0.6837,291,1.69,534.5,5931,4.554,0.845,15.619
FALSE POSITIVE,170.8658492,0.684,16.9895,2.98E+04,24.4,0.6155,387,5.33,897,5989,4.221,1.324,14.412
CANDIDATE,21.47642727,0.006,5.5498,3.48E+05,59.5,0.1515,655,43.52,124.8,5780,4.438,1,17.29
FALSE POSITIVE,17.5509742,0.2023,4.064,3.86E+03,5.97,0.1325,700,56.9,9.7,5780,4.438,1,17.29
CONFIRMED,88.5122014,0.242,6.8214,2.52E+03,4.7,0.378,390,5.47,63.1,5593,4.45,0.945,11.921
FALSE POSITIVE,10.21507506,0.1,3.395,2.59E+02,1.5,0.0888,780,87.48,17.4,5406,4.433,0.95,14.338
FALSE POSITIVE,8.3806973,0.5317,3.028,6.51E+02,1.91,0.0746,701,57.04,4.6,5062,4.601,0.735,15.97
CONFIRMED,31.0572947,0.335,3.401,6.37E+02,1.85,0.1803,480,12.57,15.8,5395,4.615,0.734,15.956
CONFIRMED,15.1622287,0.959,7.332,4.80E+02,3.12,0.1259,829,111.74,28.5,6325,4.409,1.112,15.212
CONFIRMED,10.04378351,0.953,5.548,4.38E+02,2.94,0.0957,951,193.39,28.8,6325,4.409,1.112,15.212
CANDIDATE,7.10397925,0.192,1.5398,3.71E+02,1.51,0.0691,818,105.84,16.8,5488,4.584,0.789,15.164
CONFIRMED,4.5513988,0.248,2.457,1.89E+02,1.13,0.0499,907,159.65,19.4,5009,4.491,0.84,15.035
CONFIRMED,10.91274065,0.685,2.1801,1.39E+03,2.13,0.0785,443,9.12,57.4,3834,4.708,0.539,15.264
FALSE POSITIVE,12.2141545,1.175,10.262,5.36E+02,18.13,0.1016,683,51.37,24.7,5435,4.578,0.824,15.352
FALSE POSITIVE,3.732261,0.4,2.054,1.54E+02,1.09,0.0448,1119,369.47,15.7,5762,4.495,0.867,14.834
CONFIRMED,3.03267135,0.238,1.774,4.24E+01,0.6,0.0405,1187,468.31,15.6,5640,4.492,0.921,12.623
CONFIRMED,5.34182466,0.07,3.577,7.05E+01,0.95,0.058,1125,379.09,19.2,5767,4.287,1.135,13.455
CONFIRMED,2.131945045,0.209,1.8061,2.69E+02,1.66,0.0335,1418,955.16,22.9,5845,4.469,1.013,15.545
CONFIRMED,12.9462567,0.109,9.568,1.69E+02,1.13,0.1062,764,80.34,15.7,6058,4.54,0.867,15.079
CONFIRMED,5.77957133,0.946,2.5213,3.97E+02,1.5,0.0532,598,30.22,18.9,4102,4.687,0.581,15.484
CANDIDATE,6.77367892,0.228,3.579,1.51E+02,1.33,0.0727,1083,324.84,15.1,6392,4.425,1.072,15.024
CANDIDATE,5.22402436,0.12,2.608,4.81E+01,0.58,0.0556,941,185.16,15.1,5487,4.512,0.84,12.869
CONFIRMED,11.6601667,0.983,5.882,1.81E+02,2.08,0.1016,834,114.36,20.4,5791,4.381,1.083,14.406
FALSE POSITIVE,89.465468,0.931,9.88,6.79E+01,2.57,0.4285,549,21.43,5.7,5192,3.773,2.46,12.998
CONFIRMED,18.0161227,0.023,4.016,5.00E+02,2.39,0.1369,768,82.38,16.7,6245,4.406,1.065,15.394
FALSE POSITIVE,40.8777605,1.262,9.745,7.19E+02,29.55,0.2314,526,18.15,23.6,5930,4.489,0.937,15.59
FALSE POSITIVE,6.80243431,1,3.817,2.49E+02,2.6,0.0675,895,151.72,14.9,5836,4.561,0.816,15.188
CONFIRMED,84.5733346,0.024,5.762,8.92E+02,2.59,0.3778,366,4.26,20.4,5418,4.543,0.888,15.758
CONFIRMED,21.30181863,0.086,3.8763,8.73E+01,0.72,0.1413,564,23.89,32.4,5437,4.571,0.781,9.705
CONFIRMED,4.14789051,0.878,3.829,1.38E+02,1.93,0.0541,1389,878.32,16.4,6150,4.223,1.417,14.725
CANDIDATE,15.92108138,0.972,1.5443,7.17E+02,3.14,0.1201,645,40.88,16.1,5595,4.57,0.82,15.523
CONFIRMED,19.0054098,1.228,1.843,5.42E+02,28.47,0.1412,758,78.19,20.2,6347,4.423,1.036,14.839
FALSE POSITIVE,1.96433113,0.16,2.381,1.39E+02,1.33,0.0323,1638,1704.63,14.2,6306,4.405,1.121,15.083
CANDIDATE,2.81043228,0.351,3.874,4.74E+01,1.43,0.041,1701,1978.53,17.8,5415,3.868,2.079,13.388
CONFIRMED,0.968527683,0.941,1.3672,1.15E+02,1.21,0.0191,1677,1867,16.9,5580,4.538,0.886,14.511
CONFIRMED,0.664074145,0.525,1.0925,2.13E+02,1.19,0.0143,1703,1998.48,20.9,5178,4.585,0.797,15.645
FALSE POSITIVE,11.7489907,0.1228,4.043,3.67E+01,1.01,0.1077,1114,363.51,12.5,6440,4.081,1.655,11.638
CANDIDATE,175.603366,0.952,9.543,5.07E+02,2.87,0.6288,348,3.46,14.7,6225,4.461,1.009,15.054
CONFIRMED,3.849371737,0.915,2.632,1.30E+03,12.94,0.0548,2034,4055.29,132.7,6244,3.657,2.992,11.432
FALSE POSITIVE,0.366197145,0.319,1.2335,2.75E+02,51.34,0.0122,9983,2335438.28,16.7,4448,1.694,31.5,11.059
CONFIRMED,4.164384505,0.59,1.8464,2.34E+03,2.54,0.0411,590,28.75,132.1,3808,4.754,0.508,14.752
CONFIRMED,2.10433534,0.872,1.1168,2.42E+02,0.79,0.025,662,45.34,20.7,3605,4.837,0.433,14.488
CONFIRMED,28.8431751,0.913,3.171,7.57E+02,2.66,0.1679,491,13.77,15,5151,4.528,0.785,15.652
FALSE POSITIVE,1.378649746,0.099,1.2232,2.25E+04,6.51,0.0188,734,68.34,172.2,3440,4.82,0.439,15.373
FALSE POSITIVE,1.112207126,0.402,1.35,5.47E+01,0.73,0.0214,1797,2467.09,13,6046,4.486,0.972,13.823
CANDIDATE,64.034363,0.985,9.174,7.59E+02,3.47,0.2926,411,6.72,16.9,5691,4.561,0.783,15.341
FALSE POSITIVE,1.303576682,0.08,1.021,2.46E+02,1.51,0.0237,1694,1940.45,22.1,6045,4.494,0.955,14.834
FALSE POSITIVE,1.958577398,0.59,2.388,4.53E+02,1.8,0.0296,1252,579.19,24.5,5402,4.568,0.816,15.902
CONFIRMED,5.19103699,0.117,4.222,2.90E+02,1.92,0.0625,1183,462.91,25.2,6321,4.417,1.125,15.438
CONFIRMED,4.86638504,0.176,2.296,1.44E+02,1.32,0.0557,1121,372.7,17.1,5688,4.333,1.111,13.987
FALSE POSITIVE,4.79176993,0.372,4.52,1.17E+02,0.81,0.0498,883,143.74,23,5138,4.536,0.756,14.287
CONFIRMED,25.1933989,0.679,4.62,4.81E+02,1.95,0.156,513,16.34,18,5009,4.491,0.84,15.629
FALSE POSITIVE,0.759762021,1.183,4.912,2.27E+02,24.2,0.0171,2280,6419.35,65.3,6386,4.402,1.123,14.871
CANDIDATE,4.790912471,0.969,0.5134,3.61E+02,2.25,0.0486,717,62.51,17.6,4359,4.601,0.676,14.452
CONFIRMED,6.49441464,0.911,2.344,3.57E+02,1.75,0.0612,732,68.05,17.7,4769,4.557,0.742,15.602
CONFIRMED,2.576571021,0.187,1.5997,8.53E+02,1.57,0.03,717,62.42,63.6,3834,4.708,0.539,15.264
CONFIRMED,28.4750006,0.835,4.718,7.64E+02,2.64,0.1689,489,13.5,21.4,4996,4.497,0.831,15.86
CONFIRMED,14.7966306,0.182,5.613,5.61E+01,0.98,0.1268,874,138.25,22.4,6175,4.299,1.307,11.714
CONFIRMED,11.25401871,0.603,4.759,4.33E+02,2.42,0.0991,888,147.13,17,5995,4.351,1.118,15.166
CONFIRMED,9.18244299,0.257,4.318,8.76E+01,1.24,0.0886,1052,289.74,20.3,6194,4.242,1.314,13.223
CONFIRMED,14.6134781,0.086,5.266,7.28E+01,1.12,0.1208,901,155.87,15.2,6194,4.242,1.314,13.223
FALSE POSITIVE,119.682075,1.259,31.28,1.70E+03,30.39,0.48,351,3.59,38.1,5778,4.531,0.911,15.903
CONFIRMED,42.9923284,0.643,4.726,1.12E+03,3.32,0.2336,496,14.33,34.1,5593,4.45,0.945,11.921
CONFIRMED,6.88341278,0.083,2.0674,4.87E+02,2.63,0.075,1080,321.63,35.4,6139,4.359,1.193,10.868
FALSE POSITIVE,4.593595496,1.147,2.7468,4.50E+04,44.14,0.0538,1022,258.12,92,5717,4.538,0.884,16.444
CONFIRMED,197.5111484,0.814,11.106,2.58E+03,9.52,0.6711,391,5.54,175.2,5616,4.004,1.674,13.349
CONFIRMED,11.1726723,0.504,6.106,7.68E+01,1.5,0.0989,1019,255.06,17,5616,4.004,1.674,13.349
CONFIRMED,2.53573284,0.054,3.989,6.80E+01,1.36,0.0368,1671,1842.18,25.5,5616,4.004,1.674,13.349
CONFIRMED,6.79164656,0.121,3.343,1.03E+02,1.01,0.0658,994,230.81,18.5,5772,4.351,1.003,13.987
CONFIRMED,11.8376933,0.557,3.381,9.29E+01,1,0.0953,826,110.03,12.7,5772,4.351,1.003,13.987
CONFIRMED,18.5525162,0.78,4.385,7.72E+02,2.53,0.1336,612,33.14,17.2,5569,4.566,0.829,15.714
CANDIDATE,47.3659328,1.085,7.929,7.57E+02,11.97,0.2475,481,12.62,16,5708,4.482,0.902,15.817
CONFIRMED,13.3669309,0.4064,3.733,1.22E+01,0.27,0.1025,656,43.71,7.4,5417,4.567,0.772,9.705
FALSE POSITIVE,1.045492348,0.708,2.933,2.87E+01,0.83,0.0198,2291,6522.69,21.7,6057,4.088,1.457,12.804
CONFIRMED,4.86634094,0.895,1.885,3.67E+02,1.94,0.052,881,142.39,15.2,4996,4.497,0.831,15.86
CONFIRMED,5.60402307,0.8,1.0273,2.25E+02,1.25,0.0563,774,84.65,20.6,4847,4.581,0.737,13.713
CONFIRMED,13.0313583,0.813,4.521,5.73E+02,2.88,0.1057,774,84.94,18.9,5514,4.345,1.071,15.829
CONFIRMED,40.9905002,0.048,7.336,2.97E+02,2.41,0.2383,627,36.5,15.4,5842,4.17,1.41,15.272
CONFIRMED,57.2932309,0.021,4.878,7.74E+02,1.95,0.2597,355,3.76,15.7,4806,4.564,0.729,15.699
CONFIRMED,8.00504749,0.054,3.32,1.88E+02,1.52,0.0818,1035,271.68,15.6,6398,4.411,1.101,14.79
CONFIRMED,12.13070414,0.083,3.843,2.11E+02,1.61,0.108,901,155.85,15.3,6398,4.411,1.101,14.79
CONFIRMED,5.61357653,0.119,2.905,1.62E+02,1.41,0.0646,1165,435.61,15.2,6398,4.411,1.101,14.79
CANDIDATE,29.2254372,0.384,5.293,1.74E+02,1.35,0.1901,614,33.69,15.7,6049,4.461,1.008,14.162
FALSE POSITIVE,1.33255087,0.415,3.565,1.23E+02,1.19,0.0229,1728,2107.29,14,5774,4.347,1.054,15.053
FALSE POSITIVE,40.8792243,0.79,7.005,4.14E+02,1.62,0.2129,437,8.59,23.4,5383,4.609,0.72,14.923
CONFIRMED,18.8262877,0.198,2.344,7.96E+02,2.34,0.128,591,28.85,19.9,5215,4.481,0.845,15.279
CANDIDATE,13.9034057,0.871,3.408,2.61E+02,1.55,0.1058,646,41.08,15.3,5261,4.523,0.819,14.782
CONFIRMED,3.41045981,0.971,2.866,1.36E+02,1.06,0.0395,892,149.88,22.5,4983,4.66,0.651,14.139
CONFIRMED,4.76702759,0.077,2.013,1.63E+02,1.19,0.0528,1046,282.97,14.3,5629,4.43,0.937,14.431
CONFIRMED,13.62801048,0.927,3.5374,9.13E+02,3.28,0.1039,639,39.48,26.7,5052,4.48,0.855,15.462
CANDIDATE,53.3580444,0.905,6.812,7.36E+02,3.41,0.2695,474,11.94,19.7,5481,4.369,1.036,15.114
CONFIRMED,16.83203175,0.533,4.031,3.26E+02,1.86,0.1256,690,53.44,21.6,5518,4.4,1.008,14.834
FALSE POSITIVE,13.37499553,0.045,1.639,4.58E+02,2.01,0.1047,703,57.85,16.9,5263,4.404,0.961,14.738
FALSE POSITIVE,4.35370136,0.535,1.913,1.69E+02,1.33,0.0495,1179,456.83,12.2,5992,4.382,0.985,14.685
FALSE POSITIVE,134.96694,0.0156,18.43,6.84E+01,0.87,0.5244,385,5.18,6.9,6154,4.416,1.053,13.314
CONFIRMED,1.385787741,0.35,1.6449,8.54E+01,0.55,0.0206,1008,245.15,19.1,4239,4.667,0.6,14.131
CONFIRMED,12.02295362,0.965,1.2667,7.79E+02,3.28,0.1016,776,85.78,20.1,5982,4.535,0.879,15.646
CONFIRMED,16.79716262,0.899,3.83,1.02E+03,2.75,0.1158,503,15.19,21.2,4652,4.617,0.697,15.856
CONFIRMED,18.59611518,0.014,2.3052,8.14E+02,1.53,0.112,371,4.48,27.6,3834,4.708,0.539,15.264
CONFIRMED,5.77440326,0.425,1.768,2.45E+02,0.8,0.0511,529,18.6,11.8,3808,4.754,0.508,14.752
FALSE POSITIVE,2.622134451,0.664,4.735,1.28E+02,1.64,0.0382,1548,1359.14,42.9,5864,4.199,1.369,13.915
CONFIRMED,11.47685263,0.07,2.756,2.41E+02,1.58,0.0976,796,94.94,16.5,5550,4.384,1.032,15.051
CANDIDATE,73.711039,0.284,10.062,1.37E+02,1.77,0.3741,563,23.81,21.1,6374,4.193,1.502,12.643
CANDIDATE,14.43348326,1.185,2.663,5.27E+02,16.25,0.106,558,22.91,14.8,4915,4.627,0.702,15.323
FALSE POSITIVE,40.0088894,1.16,3.616,5.82E+02,20.75,0.2264,585,27.65,20.2,6237,4.403,1.023,15.04
CANDIDATE,6.35705314,0.023,1.324,2.72E+02,1.59,0.0682,990,227.07,17.3,5982,4.493,0.96,14.216
FALSE POSITIVE,6.58738839,0.523,4.758,2.59E+02,1.35,0.0665,871,136.02,15.7,5616,4.564,0.822,15.575
FALSE POSITIVE,0.759706632,0.52,1.0896,3.97E+01,1.38,0.0206,3834,51080.76,21.6,8621,4.101,2.094,12.438
CONFIRMED,4.37033233,0.093,2.845,1.78E+02,1.56,0.0519,1191,475.39,17.7,5657,4.282,1.182,15.133
CANDIDATE,1.530515205,0.882,0.5945,6.60E+02,0.84,0.0163,608,32.46,23.2,3462,5.004,0.259,15.63
FALSE POSITIVE,1.08070294,0.688,3.363,1.46E+02,1.04,0.0194,1565,1419.52,17.6,5482,4.539,0.813,15.986
FALSE POSITIVE,4.74254518,0.051,1.023,3.06E+02,1.77,0.0573,1118,369.34,13.2,6046,4.478,1.007,14.413
FALSE POSITIVE,18.13559979,1.194,2.019,4.53E+02,24.49,0.1396,744,72.36,16.4,6184,4.448,1.038,14.99
CONFIRMED,51.20690303,,8.99,,,,,,,,,,9.705
CONFIRMED,3.70429015,0.001,3.37,5.57E+01,1.45,0.0502,1839,2708.57,15.9,6732,3.958,1.927,12.402
CONFIRMED,37.3331165,0.851,7.643,1.88E+02,2.5,0.226,657,44.17,22.5,5623,4.079,1.588,13.611
CANDIDATE,17.6997392,0.105,2.76,7.53E+02,1.96,0.1218,523,17.73,19.8,4807,4.583,0.742,15.44
CONFIRMED,7.9709719,0.911,1.2893,4.88E+02,2.27,0.0762,760,79.1,17.3,5237,4.572,0.826,15.43
CONFIRMED,6.03355539,0.35,10.049,8.95E+01,3.34,0.0663,1598,1540.84,26.1,4924,3.356,3.588,13.274
CONFIRMED,3.02558494,0.839,3.0008,1.28E+02,1.62,0.0418,1484,1148.47,23.8,6123,4.263,1.263,13.925
FALSE POSITIVE,0.933746783,0.007,4.255,4.18E+02,1.3,0.0162,1309,696.63,62.8,4643,4.61,0.663,15.647
FALSE POSITIVE,6.09740316,1.2051,4.635,5.69E+02,45.49,0.0831,1826,2630.31,14,8828,4.227,1.828,13.424
CANDIDATE,0.754457729,0.677,0.5891,2.48E+02,2.07,0.0158,2131,4879.62,31.1,5561,4.25,1.193,14.482
CONFIRMED,2.7612237,0.238,3.681,6.68E+01,1.84,0.0435,2017,3906.36,14.2,6381,3.897,2.232,13.321
FALSE POSITIVE,5.59727625,0.403,1.659,2.01E+02,1.26,0.0603,975,213.15,15.3,5796,4.522,0.876,14.626
CANDIDATE,62.6825769,1.095,2.327,3.99E+02,39.8,0.3583,916,166.36,17.8,7058,3.648,3.101,13.072
FALSE POSITIVE,50.5715805,0.074,3.726,1.28E+03,2.74,0.2556,406,6.44,19.9,5262,4.59,0.783,15.812
CANDIDATE,16.2707207,1.187,5.707,4.68E+02,28.42,0.1323,827,110.79,13,6117,4.315,1.244,14.94
CONFIRMED,2.032319072,0.133,1.6762,3.16E+02,1.87,0.0326,1542,1333.35,24.5,6156,4.443,1.05,15.298
FALSE POSITIVE,4.100870416,0.938,8.15361,1.24E+05,82.46,0.0517,1413,939.61,2619.2,5923,4.118,1.51,11.26
CONFIRMED,4.35407371,0.734,2.427,2.77E+02,1.63,0.0484,1043,279.53,19,5455,4.421,0.909,15.404
CONFIRMED,11.32269749,0.951,3.517,3.11E+02,1.51,0.0848,554,22.24,16,4563,4.624,0.642,15.006
CONFIRMED,13.71218522,0.68,2.437,7.87E+02,2.47,0.1091,676,49.26,22.6,5550,4.562,0.831,15.935
CONFIRMED,12.14684625,0.687,6.197,7.07E+01,1.75,0.1096,1097,342.49,27.1,5877,3.927,1.963,11.821
CONFIRMED,7.46718958,0.486,3.633,7.57E+01,1.04,0.0806,1035,271.25,18.8,6161,4.399,1.169,12.77
CANDIDATE,5.42204257,0.94,2.952,7.91E+01,1.39,0.0617,1222,527.11,10.7,6123,4.263,1.263,13.925
CONFIRMED,48.8882668,0.988,6.468,4.63E+02,2.96,0.2395,386,5.23,13.5,4821,4.529,0.788,14.985
CONFIRMED,51.1319346,0.829,6.019,3.82E+02,2.43,0.2705,542,20.36,19.6,6071,4.353,1.107,14.423
FALSE POSITIVE,133.516435,0.6285,2.196,5.10E+02,2.01,0.5006,344,3.3,6.5,5989,4.553,0.848,15.309
CONFIRMED,39.8312536,0.24,2.442,3.89E+02,1.46,0.2119,420,7.33,15.8,5026,4.58,0.759,14.125
CONFIRMED,9.549277089,0.068,1.5832,1.83E+03,1.57,0.0646,374,4.62,112.2,3547,4.899,0.369,14.486
CANDIDATE,24.1073172,0.693,10.465,1.04E+02,2.74,0.1872,1065,304.22,23.6,6585,3.813,2.517,12.605
CONFIRMED,17.60461401,0.715,3.716,2.29E+03,2.64,0.1072,362,4.07,80.1,3744,4.737,0.516,15.613
FALSE POSITIVE,1.228721184,0.208,1.041,4.66E+02,1.62,0.0203,1324,728.99,26.4,4897,4.542,0.764,15.76
CANDIDATE,51.5738653,0.275,2.784,9.01E+02,2.41,0.2638,417,7.12,13.2,5380,4.581,0.813,15.96
CONFIRMED,4.69505576,0.204,3.058,2.40E+02,1.49,0.0557,1098,343.6,15.9,5999,4.494,0.959,15.711
FALSE POSITIVE,0.569115976,0.068,2.028,7.97E+02,1.8,0.0116,1589,1504.24,59.8,4788,4.61,0.656,12.093
FALSE POSITIVE,7.258450123,0.05,5.7297,3.71E+03,5.53,0.0736,880,141.3,288.6,5638,4.513,0.92,14.747
FALSE POSITIVE,6.0959841,0.657,10.39,1.13E+02,0.99,0.0599,988,225.07,29.2,5826,4.43,0.885,14.104
CONFIRMED,22.9221181,0.603,8.2,1.40E+02,1.33,0.1564,684,51.7,24,5897,4.357,1.081,13.578
CONFIRMED,16.10474503,0.224,5.712,1.24E+02,3.21,0.1418,1159,425.93,25.4,5822,3.683,2.886,12.249
CONFIRMED,7.42697378,0.337,3.206,2.05E+02,1.4,0.0734,899,154.52,15.4,5573,4.434,0.982,14.985
FALSE POSITIVE,0.874629873,0.665,1.782,6.81E+01,0.72,0.0165,1597,1538.25,19.2,5099,4.491,0.832,14.107
FALSE POSITIVE,5.46091846,0.4,1.781,1.72E+02,1.25,0.0591,1106,353.34,21.2,6319,4.465,0.93,14.332
CONFIRMED,3.17323012,0.085,1.9094,2.05E+02,0.88,0.0362,830,112.21,21.4,4500,4.632,0.633,14.993
CONFIRMED,13.2970695,0.03,3.283,2.20E+02,0.91,0.094,515,16.64,14.9,4500,4.632,0.633,14.993
CONFIRMED,5.398752862,0.015,3.4303,3.47E+02,2.21,0.0602,1140,398.33,289.6,5790,4.279,1.198,9.997
FALSE POSITIVE,5.26648126,0.403,1.964,9.78E+01,1.07,0.0598,1155,420.53,16,6204,4.394,1.065,13.648
FALSE POSITIVE,2.67596808,0.115,2.021,4.21E+02,1.57,0.0348,998,234.19,17.5,4732,4.53,0.795,15.596
CONFIRMED,7.41683033,0.873,7.274,7.26E+01,3.36,0.0777,1425,973.85,20.6,4938,3.45,3.324,13.007
CONFIRMED,0.727331746,0.153,0.8323,3.57E+02,0.67,0.0115,849,122.92,20.4,3460,4.92,0.356,15.527
CONFIRMED,1.302017467,0.286,1.3692,2.91E+02,1.37,0.0215,1344,772.73,21.4,4948,4.508,0.816,15.351
CONFIRMED,8.63050092,0.595,3.144,3.26E+02,1.43,0.0779,739,70.63,14.9,5352,4.599,0.764,15.868
FALSE POSITIVE,12.49117388,0.747,2.848,1.90E+02,1.36,0.1008,763,80.08,17,5753,4.461,0.911,14.521
CONFIRMED,3.27645723,0.001,2.219,3.23E+02,1.71,0.0443,1195,482.56,17.9,5812,4.504,0.963,15.934
CONFIRMED,16.0573291,0.883,3.546,5.75E+02,2.27,0.1199,645,41.04,17.5,5644,4.575,0.806,15.869
FALSE POSITIVE,8.44326557,0.42,3.353,3.60E+02,1.97,0.0844,934,179.79,19,6081,4.468,1.023,15.351
CONFIRMED,4.60300256,0.072,2.6848,3.03E+02,1.32,0.0496,848,122.02,22.2,4821,4.529,0.788,14.903
FALSE POSITIVE,16.9329284,0.319,1.218,4.88E+02,2.46,0.135,793,93.34,20.4,6310,4.417,1.095,14.779
CONFIRMED,12.00089667,0.595,3.266,4.21E+02,1.47,0.0906,632,37.81,20,5195,4.598,0.69,15.563
FALSE POSITIVE,1.169010526,1.13,1.1717,1.66E+02,91.91,0.0283,3766,47688.8,37.1,5944,3.25,5.847,13.579
CONFIRMED,1.916940872,0.405,1.4243,1.05E+02,0.89,0.0282,1246,571.25,17.7,5083,4.468,0.872,14.1
CONFIRMED,5.05661302,0.616,3.926,1.38E+02,1.15,0.0583,1049,286.32,17.6,5926,4.506,0.939,14.63
CONFIRMED,24.3344939,0.017,6.557,3.23E+02,1.74,0.167,647,41.3,18.1,6091,4.487,0.967,15.373
CONFIRMED,131.187921,0.069,6.905,9.16E+02,2.34,0.4644,284,1.54,23.9,4898,4.518,0.803,15.048
FALSE POSITIVE,2.17489806,0.76,4.599,7.48E+01,1.08,0.033,1496,1187.26,29.3,5749,4.323,1.15,13.655
CONFIRMED,25.8859397,0.922,4.548,2.17E+02,1.66,0.1606,542,20.35,16.1,5190,4.446,0.899,14.556
CONFIRMED,28.6253502,0.021,4.551,6.53E+02,2.38,0.1857,573,25.54,18.3,5774,4.508,0.941,15.826
CONFIRMED,6.98141327,0.699,6.527,3.80E+01,1.42,0.0806,1384,865.81,20.9,6054,3.923,2.163,11.752
FALSE POSITIVE,1.319677953,0.62,1.978,1.01E+02,1.13,0.0245,1843,2729.71,17.4,6306,4.426,1.076,14.332
CONFIRMED,8.94337724,0.163,2.469,2.15E+02,1.48,0.0807,946,188.93,18.4,6074,4.375,1.005,14.169
CANDIDATE,0.827151296,0.281,1.385,2.72E+02,19.1,0.0172,5171,168151.39,8.1,4452,2.28,11.895,14.992
CONFIRMED,12.28299829,0.047,2.7096,2.79E+03,2.83,0.0847,431,8.14,137.2,3879,4.708,0.537,15.473
FALSE POSITIVE,0.328686504,0.233,0.8592,1.72E+02,1.11,0.009,2324,6891.11,26.8,5430,4.535,0.847,15.316
CONFIRMED,6.383159135,0.197,1.7504,2.31E+03,2.73,0.0562,530,18.73,64.4,3757,4.681,0.576,15.254
CONFIRMED,5.57654782,0.45,3.673,5.36E+01,0.92,0.0659,1183,462.81,13.2,6187,4.341,1.238,13.383
CONFIRMED,115.6863392,0.226,4.65,9.46E+02,3.52,0.4684,401,6.09,20.7,5800,4.327,1.149,15.174
CONFIRMED,3.81371423,0.306,1.973,2.81E+02,1.37,0.0464,1029,264.63,11.4,5547,4.571,0.82,15.89
CONFIRMED,38.0970717,0.953,4.307,9.13E+02,1.58,0.1667,242,0.81,17,3554,4.867,0.398,15.931
CANDIDATE,11.6191707,0.059,1.819,7.00E+02,2.21,0.0977,756,77.43,18.5,5870,4.56,0.834,15.664
FALSE POSITIVE,2.637574744,0.909,5.4573,5.42E+03,9.16,0.039,1385,868.86,222.8,6108,4.466,1.03,15.106
CANDIDATE,38.2292037,0.571,3.893,6.06E+02,1.51,0.1865,359,3.92,21,4544,4.656,0.598,14.847
CONFIRMED,16.3012727,0.88,3.974,2.60E+02,1.54,0.1186,557,22.73,19.7,4873,4.558,0.796,14.61
CONFIRMED,13.32354078,0.225,3.873,1.17E+02,1.32,0.1165,872,136.61,16.3,6113,4.341,1.218,12.867
CONFIRMED,2.607545159,0.206,1.3916,3.52E+02,2.07,0.0393,1431,993.79,23,6147,4.435,1.096,15.618
CONFIRMED,3.24417541,0.761,1.992,3.72E+02,1.84,0.0401,1047,283.66,18,5094,4.469,0.87,15.77
CANDIDATE,176.845697,1.4653,3.812,4.32E+02,42.05,0.574,291,1.69,7.7,5592,4.541,0.797,14.182
FALSE POSITIVE,6.85567248,0.479,2.268,1.98E+02,1.27,0.0702,897,153.07,17.2,5734,4.538,0.883,14.738
FALSE POSITIVE,2.28607282,0.059,7.82,2.62E+02,1.01,0.0301,942,186.39,35.9,4583,4.65,0.654,15.546
CONFIRMED,9.60505976,0.54,3.0063,5.50E+01,0.91,0.0883,941,185.15,32.2,5790,4.279,1.198,9.997
FALSE POSITIVE,3.54789928,0.325,2.861,1.85E+02,0.99,0.0422,987,224.45,13.6,5399,4.619,0.725,15.413
CANDIDATE,18.0243482,0.57,3.575,4.41E+02,1.98,0.1346,683,51.44,17.3,5955,4.52,0.91,15.419
CANDIDATE,16.4793229,0.263,3.312,4.79E+02,1.53,0.1165,537,19.62,13.8,4908,4.618,0.716,15.846
CONFIRMED,3.65690909,0.217,2.064,1.07E+02,1.32,0.0488,1368,828.52,12.8,6078,4.294,1.271,14.46
CONFIRMED,88.0712769,0.347,6.758,8.85E+02,2.4,0.3575,330,2.79,18.1,4939,4.506,0.819,15.639
CONFIRMED,8.38395796,0.892,5.2,1.09E+02,3.24,0.0896,1285,645.64,14.1,5405,3.741,2.605,14.667
CONFIRMED,1.68189051,0.415,2.992,8.32E+01,1.27,0.0283,1790,2432.14,17.4,5827,4.191,1.374,14.812
FALSE POSITIVE,8.59000355,0.909,6.68,2.98E+02,1.82,0.0812,843,119.26,18.9,5817,4.538,0.876,15.408
CONFIRMED,44.9977604,0.928,9.686,1.70E+02,1.59,0.2555,508,15.74,21.4,5871,4.493,0.983,13.468
CONFIRMED,7.12815163,0.201,5.522,4.59E+01,1.36,0.082,1373,839.5,22,6311,3.998,1.994,11.392
CANDIDATE,2.10081629,0.979,2.8182,1.69E+02,1.65,0.0318,1378,852.78,15.3,5815,4.5,0.918,15.656
FALSE POSITIVE,0.872952088,1.1,1.4499,1.37E+02,25.5,0.0204,3165,23715.46,41.6,7102,3.972,2.082,12.335
CONFIRMED,7.01074295,0.427,2.1787,2.23E+02,3.76,0.0771,1453,1054.63,21.3,5814,3.745,2.476,14.689
CONFIRMED,17.2922631,0.865,7.042,2.03E+02,2.13,0.1361,809,101.22,23.7,5936,4.261,1.299,14.15
CONFIRMED,94.289223,0.613,4.102,5.05E+02,2.11,0.4092,369,4.39,22.5,5632,4.537,0.904,14.183
CONFIRMED,14.02634692,0.877,1.2808,4.04E+02,2.66,0.116,822,108.07,19.3,5970,4.355,1.131,14.729
FALSE POSITIVE,12.42586643,0.977,29.1428,2.58E+02,2.12,0.0982,741,71.19,62.2,5428,4.404,0.94,14.148
CONFIRMED,25.5433704,0.44,8.567,1.39E+02,2.11,0.171,772,84,28.4,5422,3.945,1.782,12.939
FALSE POSITIVE,33.8542586,0.1881,12.689,2.53E+02,15.96,0.2402,1326,730.99,10,4553,2.605,10.472,13.605
CONFIRMED,45.0909201,0.957,4.605,4.36E+02,2.44,0.2478,487,13.27,14.1,5790,4.528,0.9,14.976
CONFIRMED,15.0539886,0.886,4.422,2.22E+02,1.44,0.1078,665,46.3,16.3,5475,4.479,0.818,14.503
CANDIDATE,3.67936863,0.885,3.47,8.59E+01,0.92,0.043,1112,361.27,18.1,5676,4.474,0.848,13.884
CANDIDATE,7.4464635,0.531,4.084,7.80E+01,0.77,0.0688,879,141.12,12.7,5676,4.474,0.848,13.884
CONFIRMED,159.388788,0.109,8.432,1.03E+03,2.73,0.5368,289,1.65,17.3,5135,4.464,0.874,15.822
CONFIRMED,1.565412613,0.003,0.7572,2.75E+03,1.73,0.0182,648,41.85,48.6,3464,4.923,0.328,16.257
CONFIRMED,5.14892346,0.719,0.9613,2.36E+03,1.72,0.0403,436,8.54,25.4,3464,4.923,0.328,16.257
FALSE POSITIVE,0.730943372,0.792,3.004,1.35E+02,1.37,0.0163,2190,5461.14,27,6143,4.418,1.067,15.021
FALSE POSITIVE,0.515552803,1.128,1.7869,1.22E+03,13.96,0.0112,1807,2508.21,79.6,5068,4.556,0.73,15.786
CONFIRMED,2.522590567,1.261,1.406,2.10E+02,25.82,0.036,1205,499.07,18.5,5591,4.559,0.86,14.816
CONFIRMED,6.73968289,0.662,4.183,1.42E+02,1.48,0.068,1011,246.9,15.4,5511,4.261,1.176,14.455
CONFIRMED,41.74598855,0.049,4.6125,4.22E+02,2.4,0.2384,584,27.58,110.5,5978,4.316,1.171,11.854
FALSE POSITIVE,75.378004,0.989,6.744,4.48E+02,3.82,0.3495,455,10.13,20.5,5876,4.374,1.077,13.693
CONFIRMED,213.258526,0.037,7.768,1.99E+03,2.72,0.6085,202,0.39,36.1,4477,4.649,0.637,15.165
CONFIRMED,100.2830675,0.535,10.8636,3.51E+02,2.51,0.4312,475,12.07,81.9,6214,4.238,1.297,10.5
CONFIRMED,4.871223664,0.706,1.5916,6.46E+03,1.56,0.0301,341,3.18,50.5,3157,5.112,0.18,17.475
CONFIRMED,2.984157711,0.45,1.2637,2.60E+03,0.92,0.0217,401,6.12,24.3,3157,5.112,0.18,17.475
CONFIRMED,2.8867624,0.92,0.9879,6.32E+02,1.24,0.0296,557,22.75,37.1,3483,4.875,0.389,14.717
FALSE POSITIVE,0.498434645,0.288,0.955,2.39E+02,1.08,0.0112,1676,1873.28,26.8,4784,4.618,0.708,15.397
CANDIDATE,2.252976718,0.157,1.7131,4.68E+02,1.19,0.0281,795,94.26,21.7,4039,4.708,0.559,15.794
FALSE POSITIVE,2.75505467,0.738,3.426,8.55E+01,1.74,0.0419,1783,2387.41,27.8,6257,4.063,1.748,13.883
FALSE POSITIVE,1.572181216,1.149,7.219,2.20E+02,77.12,0.0322,3384,30903.98,48.2,6622,3.421,4.315,13.157
FALSE POSITIVE,1.28805834,0.214,3.419,9.26E+01,1.08,0.0232,1736,2142.23,28.1,5631,4.33,1.132,14.487
FALSE POSITIVE,2.72288246,0.08,2.408,1.53E+02,1.06,0.0374,1162,431.75,15.5,5458,4.53,0.872,15.003
CONFIRMED,1.574090323,0.071,1.5796,2.25E+02,0.93,0.0236,998,234.92,17.7,4313,4.662,0.65,15.571
FALSE POSITIVE,0.947738312,0.022,1.206,2.02E+02,0.88,0.0164,1229,537.85,13.9,4464,4.643,0.638,15.761
CONFIRMED,13.7872627,0.921,5.747,7.51E+01,1.55,0.1151,894,150.64,23.9,5691,4.139,1.458,12.458
CONFIRMED,14.4359459,0.613,3.414,1.07E+02,1.46,0.1242,884,144.45,22,6075,4.264,1.352,11.485
CONFIRMED,5.95958637,0.26,2.899,1.33E+02,1.02,0.0646,897,153.48,16.1,5452,4.535,0.9,14.52
CANDIDATE,16.6146221,0.017,2.706,3.61E+02,1.49,0.1196,604,31.48,10.6,5295,4.548,0.8,15.46
FALSE POSITIVE,0.497581917,0.328,1.46,1.41E+02,0.76,0.0105,1801,2487.04,17.1,5271,4.634,0.63,15.481
CANDIDATE,5.83892993,0.319,1.1066,2.37E+02,1.19,0.0598,835,114.94,15.3,5279,4.588,0.769,14.628
CONFIRMED,2.279523364,0.033,1.6202,1.27E+02,0.87,0.031,1123,374.78,16.7,5017,4.516,0.797,14.589
CONFIRMED,12.2854718,0.291,2.996,1.62E+03,2.21,0.0882,434,8.39,23.8,3891,4.718,0.564,16.279
CONFIRMED,5.53609368,0.791,2.2942,1.22E+03,2.2,0.0519,566,24.23,22.6,3891,4.718,0.564,16.279
CANDIDATE,3.09756897,0.408,4.588,8.33E+01,1.75,0.0463,1782,2380.18,14.6,6329,4.026,1.885,10.268
CONFIRMED,58.0337426,0.021,5.584,8.07E+02,3.21,0.2838,486,13.17,34.9,5467,4.271,1.152,14.467
CONFIRMED,14.4252635,0.013,3.754,2.21E+02,1.68,0.1122,773,84.28,15.2,5467,4.271,1.152,14.467
CONFIRMED,26.6757818,0.713,2.696,4.75E+02,2.69,0.169,630,37.15,20,5467,4.271,1.152,14.467
CONFIRMED,0.868386354,0.135,1.066,4.89E+02,1.52,0.0163,1389,880.33,27.3,4792,4.627,0.704,15.898
CONFIRMED,11.8288843,0.2658,3.337,1.91E+02,1.18,0.1,730,67.13,9.1,5653,4.551,0.857,15.228
CONFIRMED,14.7512034,0.8759,1.25,2.61E+02,1.63,0.1159,678,49.97,8.3,5653,4.551,0.857,15.228
FALSE POSITIVE,1.480323978,0.617,1.833,1.66E+02,1.46,0.0249,1743,2180.25,43.4,5996,4.342,1.081,13.66
CANDIDATE,205.385912,0.008,8.681,1.25E+03,2.11,0.5898,200,0.38,24.3,4400,4.659,0.624,15.558
CONFIRMED,6.88707073,0.696,4.4679,6.87E+01,1.3,0.072,1155,420.97,38.2,5788,4.122,1.474,11.197
FALSE POSITIVE,165.75597,98.6021,8.45,5.73E+01,15049.8,0.5822,398,5.96,12.8,5800,4.119,1.412,10.458
FALSE POSITIVE,1.11431205,0.141,2.112,1.60E+02,1.07,0.0206,1635,1691.99,15.5,5776,4.554,0.849,15.411
CONFIRMED,3.42064689,0.92,1.767,3.57E+02,2.27,0.0426,1129,382.68,13.9,5370,4.411,0.966,15.472
CANDIDATE,1.23935745,0.932,1.683,1.51E+02,1.5,0.0216,1583,1488.51,9.7,5370,4.411,0.966,15.472
CONFIRMED,0.675650404,0.03,1.8261,2.01E+02,1.36,0.0153,2085,4473.06,22.4,5966,4.493,0.961,15.892
CANDIDATE,1.407020118,0.167,1.3766,1.82E+02,1.12,0.0229,1350,782.45,18.9,5022,4.485,0.849,14.946
CANDIDATE,24.4359956,0.019,6.254,4.97E+02,2.31,0.1702,674,48.81,17.1,6197,4.449,1.035,15.849
FALSE POSITIVE,17.7337356,0.514,5.558,2.17E+02,1.24,0.1293,597,29.95,17,5335,4.56,0.831,14.625
FALSE POSITIVE,10.06478627,0.729,2.86,2.86E+02,1.49,0.0888,729,66.74,18.6,5438,4.574,0.82,14.89
FALSE POSITIVE,1.12976597,0.338,3.096,1.34E+02,0.83,0.0196,1429,987.44,14.3,5366,4.625,0.715,15.625
CONFIRMED,16.23191704,0.017,7.461,5.02E+02,3.54,0.1259,926,174.1,194.9,5919,4.042,1.585,11.866
FALSE POSITIVE,15.4126766,0.958,3.402,6.00E+02,2.82,0.1196,618,34.56,7.5,5240,4.555,0.856,14.373
FALSE POSITIVE,1.110599919,0.214,1.3493,1.58E+02,1.07,0.0195,1539,1320.65,38.7,5227,4.463,0.867,14.139
CONFIRMED,21.86965714,0.557,5.5177,1.26E+02,1.51,0.1562,790,92,43.5,6214,4.238,1.297,10.5
CONFIRMED,9.02436414,0.014,3.011,2.15E+02,1.62,0.085,939,183.39,23.5,5885,4.348,1.111,13.642
CONFIRMED,17.3408735,0.489,3.398,1.59E+02,1.43,0.1313,755,76.86,13.5,5885,4.348,1.111,13.642
FALSE POSITIVE,0.814280672,0.701,2.326,1.35E+02,1.91,0.0185,2563,10224.99,12.3,6366,4.167,1.543,11.751
FALSE POSITIVE,0.878855771,0.41,1.1014,2.70E+02,1.57,0.0172,1864,2857.19,25.3,5727,4.438,0.937,14.853
FALSE POSITIVE,2.49432176,0.069,2.3269,8.04E+03,8.91,0.0361,1342,766.49,43.2,5780,4.438,1,17.69
CANDIDATE,17.57704569,1.25,2.022,6.70E+02,27.21,0.1239,673,48.33,19.1,5653,4.442,0.901,14.94
FALSE POSITIVE,1.00652785,0.467,1.3175,1.26E+02,1.03,0.0195,1815,2556.97,17.9,6089,4.527,0.889,14.716
FALSE POSITIVE,1.99566293,0.564,4.514,1.97E+02,1.11,0.0294,1182,462.26,21.9,5235,4.595,0.771,15.734
FALSE POSITIVE,0.755111225,0.694,3.164,1.68E+02,1.38,0.0163,1999,3759.62,76.4,5780,4.438,1,13.573
CANDIDATE,1.400755743,0.413,1.0562,1.44E+02,1.3,0.0237,1628,1659.74,19.8,5487,4.333,1.072,14.456
CONFIRMED,25.8730914,0.196,5.085,6.94E+02,2.88,0.1741,667,46.82,20.1,6036,4.382,1.093,15.323
CONFIRMED,20.2642023,0.914,4.664,1.85E+02,2.12,0.1495,770,82.92,19.9,5937,4.251,1.291,13.701
CANDIDATE,1.28132831,0.926,0.9157,5.26E+02,4.52,0.0222,2215,5673.71,196.4,5918,3.978,1.596,12.107
CONFIRMED,7.44136102,0.862,4.554,7.97E+01,1.33,0.0767,1075,315.02,14.2,5937,4.251,1.291,13.701
CONFIRMED,99.2532336,0.947,7.208,5.38E+02,2.17,0.3869,300,1.93,20.5,5010,4.623,0.715,14.699
FALSE POSITIVE,3.84933401,0.591,2.299,5.04E+02,2.12,0.048,1147,408.84,13.6,5984,4.521,0.906,15.851
CANDIDATE,119.0833042,1.257,2.558,2.95E+03,22.19,0.4106,240,0.78,18.9,4412,4.662,0.623,15.823
CANDIDATE,27.8813154,0.168,6.346,2.09E+02,1.54,0.1832,681,50.86,15.5,6434,4.414,1.055,13.603
CONFIRMED,6.4802138,0.725,3.27,1.42E+02,1.26,0.0662,934,180.05,13.7,5496,4.417,0.983,14.421
CANDIDATE,7.50790041,0.795,5.646,1.45E+02,1.77,0.0825,1138,396.33,11.9,6408,4.309,1.337,11.125
FALSE POSITIVE,21.3910125,0.347,3.512,6.46E+02,1.72,0.1367,483,12.88,25.1,4889,4.637,0.686,14.985
CONFIRMED,14.3832267,0.7,8.378,1.79E+02,1.84,0.1188,889,147.78,39,6115,4.249,1.291,13.312
CONFIRMED,47.3186631,0.189,10.465,2.63E+02,2.1,0.2627,598,30.22,36.2,6115,4.249,1.291,13.312
CONFIRMED,11.12827427,0.594,2.6118,6.06E+03,4.04,0.0781,408,6.52,65.6,3640,4.744,0.503,16.835
CONFIRMED,2.21571296,0.796,1.8211,2.85E+02,1.7,0.0313,1283,638.56,22.1,5417,4.447,0.901,15.392
CONFIRMED,34.4585495,0.626,7.434,4.31E+02,1.88,0.2039,559,23.05,23.7,6161,4.545,0.862,14.936
CONFIRMED,3.35184041,0.091,1.9855,3.45E+02,1.88,0.0449,1294,661.69,20,6198,4.464,1.005,15.526
FALSE POSITIVE,1.615758517,0.234,1.734,4.17E+01,1.31,0.0266,2158,5140.67,18,5622,3.813,2.017,12.743
CANDIDATE,110.3783828,0.014,12.211,4.90E+02,3.02,0.4756,473,11.82,108.9,6342,4.242,1.359,10.56
CONFIRMED,3.4462125,0.704,2.101,8.35E+01,0.7,0.0393,1015,251.24,15.6,5374,4.555,0.721,13.851
CONFIRMED,2.005414293,0.874,1.934,5.95E+01,0.65,0.0274,1216,516.85,13.9,5374,4.555,0.721,13.851
CANDIDATE,4.28886792,0.534,2.599,5.93E+01,0.57,0.0455,944,187.43,11.1,5374,4.555,0.721,13.851
FALSE POSITIVE,1.868564038,0.456,1.192,1.77E+02,1.4,0.0299,1565,1417.56,17.2,6065,4.427,1.023,14.944
CANDIDATE,24.5752524,0.489,2.258,1.00E+03,1.64,0.1351,316,2.35,12.1,3678,4.755,0.512,15.907
CONFIRMED,15.1408916,0.136,4.359,4.77E+02,1.93,0.1189,714,61.42,20.1,5926,4.532,0.887,15.679
CONFIRMED,11.39169531,0.849,5,5.10E+01,1.02,0.0956,886,145.67,19,5557,4.198,1.249,11.926
CANDIDATE,10.1747037,0.726,5.179,5.24E+01,1.04,0.0924,985,222.53,11.8,5866,4.191,1.339,13.313
CONFIRMED,2.44358543,0.258,1.852,5.91E+01,0.67,0.0337,1249,574.37,11.9,5561,4.486,0.873,13.348
FALSE POSITIVE,1.7592691,0.564,2.381,1.40E+02,1.21,0.0278,1519,1254.94,13.5,5784,4.416,0.984,15.229
CONFIRMED,2.226496196,0.048,1.7073,1.84E+03,2.1,0.0267,697,55.76,36,3640,4.744,0.503,16.835
CONFIRMED,5.72084599,0.166,2.744,1.32E+03,1.78,0.0501,509,15.84,20.5,3640,4.744,0.503,16.835
CONFIRMED,0.962864171,0.736,1.6802,3.04E+02,1.52,0.0183,1666,1828.67,31.6,5704,4.575,0.804,15.81
CONFIRMED,16.23847733,0.766,3.9699,6.47E+02,2.76,0.1235,711,60.35,125.8,5683,4.422,0.993,10.297
CONFIRMED,6.46004728,0.828,1.979,3.94E+02,1.8,0.0652,883,144.06,17,5704,4.575,0.804,15.81
CONFIRMED,4.76831033,0.191,3.2363,2.52E+02,1.78,0.0568,1219,522.81,35.4,6237,4.374,1.116,14.083
CONFIRMED,44.616751,0.618,7.831,2.40E+02,2.31,0.2638,693,54.56,28.4,6763,4.22,1.424,13.791
FALSE POSITIVE,1.714410345,0.56,3.336,5.04E+01,1.84,0.03,2551,10025.53,22.9,6340,3.731,2.498,13.297
CONFIRMED,3.40165617,0.906,1.9617,1.56E+02,1.34,0.044,1236,552.42,19.9,6177,4.516,0.906,14.497
CONFIRMED,14.00948631,0.268,3.399,1.70E+02,0.98,0.104,617,34.32,22.6,5153,4.551,0.767,13.38
FALSE POSITIVE,1.703359172,0.152,1.914,5.76E+01,0.69,0.0274,1525,1284.58,13.9,6026,4.503,0.904,13.778
FALSE POSITIVE,3.77881664,0.628,5.819,4.71E+01,3.99,0.0606,2580,10473.57,22.2,6115,3.267,5.544,12.923
CONFIRMED,1.311558909,0.218,1.919,1.41E+02,1.15,0.024,1655,1776.99,17.2,5926,4.501,0.963,15.371
CONFIRMED,1.291233083,0.2,1.855,6.60E+01,0.89,0.0242,1887,2993.7,15.9,6384,4.419,1.086,14.135
CONFIRMED,10.57375145,0.785,1.7259,2.99E+02,2.07,0.0964,844,120.25,82,5720,4.4,1.08,11.457
CONFIRMED,3.7847507,0.021,2.924,3.35E+01,0.7,0.0494,1311,699.15,12.2,6017,4.326,1.206,12.581
CANDIDATE,2.17291055,0.362,2.139,7.64E+01,0.93,0.034,1507,1220.49,13.6,6164,4.446,1.045,14.229
CONFIRMED,18.2206024,0.125,5.109,2.02E+02,1.78,0.1406,786,90.43,19.7,5951,4.283,1.262,14.544
CANDIDATE,7.35101287,0.608,2.757,1.16E+02,1.42,0.0768,1064,303.08,12.8,5951,4.283,1.262,14.544
CONFIRMED,47.4497134,0.016,10.675,2.06E+02,1.61,0.2602,551,21.82,16.9,6007,4.353,1.126,14.089
CONFIRMED,0.929906166,0.102,1.743,1.09E+02,1.48,0.0191,2291,6514.57,79.7,6039,4.169,1.413,12.41
FALSE POSITIVE,0.784513087,0.029,1.9206,3.17E+02,131.4,0.0201,10634,3036857.56,47.7,3853,0.892,78.869,13.819
CONFIRMED,4.11585514,0.807,1.4858,4.26E+02,1.93,0.0466,895,151.55,20.8,4827,4.508,0.823,15.141
CANDIDATE,6.57159435,0.751,3.1044,6.57E+01,1.26,0.0694,1211,507.81,30.7,6042,4.139,1.432,10.338
CONFIRMED,33.878639,0.923,6.194,7.00E+02,3.52,0.2004,564,24,27.9,5533,4.348,1.072,15.16
CONFIRMED,27.5722144,0.562,5.256,2.96E+02,1.94,0.1834,636,38.62,20,5912,4.397,1.09,14.718
CONFIRMED,2.12821621,0.098,3.146,2.59E+01,0.7,0.0341,1668,1831.55,22.1,5952,4.227,1.377,11.126
FALSE POSITIVE,0.703399912,0.393,0.823,5.31E+02,2.15,0.0155,2013,3879.31,32,5955,4.52,0.91,15.728
FALSE POSITIVE,2.5355023,0.965,7.189,3.55E+02,2.7,0.0385,1477,1127.68,37.6,6268,4.429,1.1,15.273
CANDIDATE,0.868122253,0.006,1.5471,2.31E+02,1.65,0.0188,2047,4163.14,23.2,6116,4.44,1.084,15.8
FALSE POSITIVE,1.332560553,0.37,3.315,3.17E+01,0.4,0.0218,1249,574.99,26.1,4947,4.621,0.714,12.912
FALSE POSITIVE,18.936061,0.285,22.27,2.43E+01,0.34,0.1279,516,16.7,14,4947,4.621,0.714,12.912
CONFIRMED,10.65275054,0.051,2.684,7.41E+02,2.2,0.0918,737,69.81,17.5,5602,4.571,0.817,15.97
CONFIRMED,3.30040818,0.008,4.462,9.88E+01,1.43,0.0471,1543,1341.9,19.3,6333,4.229,1.438,13.749
FALSE POSITIVE,5.62950902,0.974,6.542,2.98E+02,2.11,0.0619,979,216.41,14.3,5822,4.529,0.898,15.957
CANDIDATE,13.84301228,0.052,4.077,5.68E+02,1.98,0.11,699,56.45,17.5,5745,4.559,0.837,15.48
CONFIRMED,24.2758992,0.441,4.59,7.02E+02,2.25,0.16,580,26.68,17,5745,4.559,0.837,15.48
CONFIRMED,54.4099612,0.157,9.314,1.93E+02,1.56,0.2768,513,16.35,20.8,5746,4.309,1.133,13.852
FALSE POSITIVE,9.12209336,1.236,4.347,9.07E+02,28.17,0.0872,863,131.35,22.2,5899,4.499,0.96,15.676
CONFIRMED,19.94752741,0.094,1.756,8.61E+02,2.52,0.1421,625,36.14,16,5749,4.547,0.864,15.999
CONFIRMED,13.84984567,0.012,7.2783,8.46E+01,1.45,0.1133,977,214.98,35.2,5919,4.042,1.585,11.866
CONFIRMED,6.12479773,0.79,3.466,1.29E+02,1.51,0.0659,1140,399.43,20.1,6052,4.285,1.202,13.268
CONFIRMED,11.24284815,0.52,4.241,1.36E+02,1.44,0.0988,931,177.7,17.4,6052,4.285,1.202,13.268
CONFIRMED,4.02877097,0.193,3.173,1.00E+02,1.21,0.0498,1311,699.45,18.6,6052,4.285,1.202,13.268
CONFIRMED,8.92114318,0.12,3.933,1.11E+02,1.27,0.0847,1006,241.79,15.3,6052,4.285,1.202,13.268
CONFIRMED,7.81285862,0.03,4.098,1.17E+02,1.68,0.0817,1196,483.06,32.3,6237,4.136,1.543,10.421
CONFIRMED,18.01164974,0.924,6.7367,1.08E+02,1.83,0.1469,900,155.37,60.8,6477,4.224,1.459,10.927
CONFIRMED,0.916142298,0.232,1.1555,9.85E+01,0.6,0.0156,1212,507.47,23,4374,4.639,0.614,14.107
FALSE POSITIVE,0.597933473,0.562,1.918,1.06E+02,1.24,0.0147,2564,10196.42,26,6543,4.382,1.159,13.364
FALSE POSITIVE,2.69636494,0.628,3.892,1.09E+02,1.24,0.0358,1406,925.14,22.2,5653,4.25,1.139,14.515
CONFIRMED,6.99205021,0.944,5.037,3.34E+01,1.06,0.0735,1194,479.87,24.4,6057,4.139,1.467,10.787
CONFIRMED,12.0999065,0.14,3.558,1.66E+02,1.39,0.1011,807,100.37,15.1,5553,4.33,1.098,14.754
CONFIRMED,5.36375016,0.008,2.94,1.14E+02,1.15,0.0588,1059,296.73,14.4,5553,4.33,1.098,14.754
FALSE POSITIVE,3.17319407,0.211,2.512,1.36E+02,0.91,0.0379,1077,318.23,16.2,5369,4.508,0.784,14.162
FALSE POSITIVE,5.24368302,0.006,10.873,2.25E+02,0.91,0.0504,654,43.13,36.9,4194,4.633,0.629,15.29
CANDIDATE,5.1952021,0.604,2.1552,3.21E+02,1.37,0.0523,836,115.35,17.7,5044,4.551,0.738,14.937
FALSE POSITIVE,0.591280187,0.395,1.1656,1.35E+02,1.3,0.0146,2385,7620.01,21.6,6246,4.433,1.092,15.046
CONFIRMED,3.93766786,0.226,4.655,2.43E+01,1.36,0.0555,1947,3388.82,16.8,6277,3.728,2.741,11.801
CANDIDATE,31.6084371,0.022,3.675,3.32E+02,1.89,0.2013,634,38.1,16.2,6341,4.446,1.033,14.756
CANDIDATE,16.1558656,0.973,3.798,7.31E+02,2.04,0.1012,455,10.1,17.5,4504,4.713,0.53,15.771
FALSE POSITIVE,1.465943491,0.211,1.513,5.23E+01,1.6,0.0271,2472,8804.6,15.8,6230,3.847,2.19,13.147
CONFIRMED,28.45489091,0.5,8.1593,1.42E+03,6.08,0.1993,769,82.7,244.7,6206,4.159,1.573,11.684
CONFIRMED,1.952711161,0.962,0.872,4.03E+02,2.58,0.0308,1403,917.15,30.7,5741,4.495,0.946,14.575
FALSE POSITIVE,0.620739667,1.158,2.477,1.08E+02,29.28,0.0154,2947,17924.29,30.8,6559,4.133,1.602,12.878
FALSE POSITIVE,0.587470828,1.161,2.4382,1.94E+02,51.02,0.0147,3434,33039.47,48.3,5787,3.678,2.667,13.744
FALSE POSITIVE,0.934924739,0.309,2.052,7.38E+01,2.29,0.0215,3156,23533,20.3,6477,3.781,2.628,12.31
FALSE POSITIVE,25.7054557,0.722,6.059,2.66E+02,1.75,0.1734,670,47.76,27.6,6326,4.459,1.001,13.859
CONFIRMED,3.84822189,0.368,2.013,2.04E+02,1.72,0.0495,1283,641.53,17.6,5927,4.323,1.193,14.919
CONFIRMED,2.37752442,0.256,2.307,3.21E+01,0.53,0.0351,1278,632.62,15.9,5615,4.505,0.936,12.258
FALSE POSITIVE,2.62838097,0.087,3.193,8.99E+01,1.01,0.0381,1375,846.09,15.3,5884,4.408,1.07,14.037
CONFIRMED,1.877878538,0.248,2.39,4.75E+01,0.78,0.03,1701,1977.35,20.6,6324,4.352,1.115,13.295
CANDIDATE,3.375716723,0.982,1.5436,1.76E+02,2.34,0.0458,1472,1111.66,20.2,6310,4.273,1.282,13.91
CONFIRMED,35.3331932,0.656,5.966,9.97E+01,1.55,0.2143,670,47.52,28.8,5788,4.122,1.474,11.197
CONFIRMED,15.0896415,0.02,4.3349,7.78E+01,1.42,0.1231,968,207.64,29.5,6063,4.061,1.613,11.39
CONFIRMED,5.30873978,0.173,3.018,1.28E+02,1.08,0.0598,1042,279.21,16.7,5914,4.483,0.955,14.699
CONFIRMED,3.89524296,0.224,1.689,1.89E+02,1.13,0.0449,956,197.66,16.2,5018,4.492,0.838,14.756
CONFIRMED,0.740926358,0.202,1.0163,1.96E+02,1.22,0.0153,1873,2909.21,20,5618,4.494,0.874,15.918
CANDIDATE,75.8580035,0.935,5.382,1.15E+03,2.72,0.3029,281,1.47,16.1,4474,4.67,0.614,15.398
FALSE POSITIVE,1.352564873,0.669,3.469,5.67E+01,1.45,0.0247,2447,8505.97,34.9,6463,3.959,1.823,12.709
FALSE POSITIVE,7.72768833,0.203,2.06,4.05E+02,1.89,0.0752,899,154.46,14.6,5765,4.468,0.94,15.648
CONFIRMED,37.3033197,0.908,7.793,5.52E+02,2.31,0.2082,493,14,19.5,5646,4.55,0.817,15.527
CANDIDATE,10.16435076,0.915,6.017,3.77E+01,1.99,0.1028,1389,879.94,18.4,6133,3.718,2.71,11.912
FALSE POSITIVE,31.9729501,0.773,9.41,1.56E+02,2.41,0.2157,757,77.49,38.3,6007,4.064,1.759,12.567
CONFIRMED,14.8877665,0.795,4.981,2.53E+02,1.96,0.1186,831,112.85,28.4,6143,4.344,1.116,13.914
CONFIRMED,4.52158614,0.203,3.4702,1.06E+02,1.31,0.0529,1214,513.68,26.2,5576,4.201,1.289,13.836
FALSE POSITIVE,2.007750531,0.42,2.0715,3.52E+02,1.64,0.0308,1319,716.79,21.8,5645,4.549,0.865,15.664
CONFIRMED,7.03146295,0.014,5.922,8.54E+01,1.38,0.0779,1194,480.26,33.8,6170,4.192,1.499,12.805
CONFIRMED,54.2811949,0.85,5.517,1.48E+02,2.07,0.3044,604,31.45,20,6170,4.192,1.499,12.805
FALSE POSITIVE,0.596087893,0.283,0.7159,1.05E+02,1.92,0.0148,2967,18259.79,30.3,6049,3.997,1.827,13.484
CONFIRMED,12.58229808,0.044,6.375,1.19E+02,1.53,0.1027,917,167.41,62.1,5587,4.091,1.423,11.411
FALSE POSITIVE,7.12684695,0.71,3.179,2.06E+02,1.38,0.0721,941,185.17,20.7,6050,4.525,0.896,14.8
FALSE POSITIVE,0.661749944,1.169,4.112,2.16E+02,23.92,0.0161,2420,8123.02,34.5,6363,4.386,1.198,15.396
FALSE POSITIVE,354.95118,0.0405,13.02,4.22E+02,2.53,1.0664,303,1.99,7,6392,4.366,1.23,15.396
FALSE POSITIVE,1.35477049,0.24,1.618,1.45E+02,0.8,0.0215,1102,348.9,14.8,4414,4.621,0.689,15.169
FALSE POSITIVE,0.493393859,0.961,1.1319,2.65E+02,1.4,0.0106,1505,1203.14,20.3,4474,4.67,0.614,15.398
CONFIRMED,11.95401876,0.744,2.656,8.56E+02,2.1,0.0885,525,17.92,19.3,4359,4.611,0.659,15.911
FALSE POSITIVE,2.48883033,0.696,4.268,5.14E+01,0.64,0.0338,1230,540.34,15.1,5615,4.514,0.833,14.103
FALSE POSITIVE,20.2340219,0.249,3.674,1.94E+02,0.99,0.1338,562,23.53,11.5,5528,4.627,0.71,13.776
CONFIRMED,0.88184263,0.454,1.3117,2.50E+02,1.24,0.0171,1564,1419.46,21.2,5268,4.594,0.776,15.919
CONFIRMED,5.448321078,0.614,2.2213,5.29E+02,2.17,0.0603,978,215.95,55.1,5721,4.517,0.905,12.43
CONFIRMED,1.116127169,0.648,1.3235,1.09E+02,1,0.0209,1659,1797.63,19.2,5721,4.517,0.905,12.43
FALSE POSITIVE,195.613824,0.891,23.777,1.65E+03,10.65,0.7088,467,11.24,102.7,5970,3.835,2.229,13.56
CANDIDATE,237.787237,0.947,10.509,1.63E+03,9.91,0.7713,354,3.73,92.3,5185,3.936,1.853,13.46
CONFIRMED,3.833087643,0.932,1.51,4.61E+02,2.25,0.046,1012,247.8,40.2,5397,4.543,0.831,11.799
CONFIRMED,9.37663713,0.828,2.1033,1.18E+02,1.89,0.0922,1125,379.3,21,6237,4.136,1.543,10.421
CONFIRMED,5.62006198,0.969,2.751,1.90E+02,1.45,0.0577,772,84.01,17.4,4868,4.6,0.746,14.009
CONFIRMED,3.8259005,0.951,1.8057,8.57E+02,3.45,0.0465,1005,241.25,20.3,5223,4.505,0.885,15.768
CONFIRMED,0.558841234,0.307,0.7918,2.81E+02,1.33,0.0128,1787,2412.15,26.3,5151,4.592,0.792,15.6
CONFIRMED,9.33648141,0.901,2.5449,8.85E+02,2.39,0.0747,577,26.22,23.1,4442,4.619,0.648,15.911
CONFIRMED,76.6139446,0.851,10.22,4.99E+02,2.61,0.3521,466,11.12,28.6,6173,4.408,1.03,14.357
CANDIDATE,0.698461304,0.459,0.7887,1.34E+02,14.81,0.02,5173,168689.02,16.1,4676,2.577,12.558,13.586
FALSE POSITIVE,1.545388842,0.341,3.037,5.28E+01,0.56,0.0247,1421,964.53,20.6,5782,4.594,0.767,13.529
CONFIRMED,1.289590179,0.401,1.3541,2.86E+02,1.38,0.0224,1448,1040.23,18.9,5467,4.578,0.808,15.471
CONFIRMED,0.634003002,0.367,0.9207,3.17E+02,1.35,0.0136,1714,2030.16,21,5226,4.606,0.75,15.76
FALSE POSITIVE,1.56859048,1.198,11.591,2.81E+02,23.41,0.0266,1693,1935.28,43.3,6248,4.442,1.002,15.105
CONFIRMED,22.8030252,0.291,4.768,6.29E+01,1.29,0.1622,843,119.6,20.4,6063,4.061,1.613,11.39
FALSE POSITIVE,0.623441939,1.027,1.4053,1.28E+02,13.89,0.0156,3219,25489.88,40.6,5385,3.639,2.871,12.65
FALSE POSITIVE,5.24364571,1.201,16.984,2.70E+02,25.01,0.0598,1149,411.58,45.6,6197,4.406,1.056,15.163
CONFIRMED,8.98826122,0.92,4.96,1.61E+02,1.39,0.0845,864,131.92,14.5,5984,4.521,0.906,15.257
CANDIDATE,110.7556272,0.917,6.819,8.07E+03,29.64,0.5211,651,42.53,48.5,6525,3.772,2.668,13.455
FALSE POSITIVE,4.15743922,1.242,9.572,1.47E+03,96.99,0.0595,2089,4503.26,52.5,6529,3.657,3.131,9.887
CANDIDATE,14.4079035,1.226,2.524,3.06E+03,23.4,0.1077,624,35.81,7.7,5440,4.617,0.728,14.599
CONFIRMED,135.4978256,0.804,6.769,5.04E+03,6.01,0.4756,295,1.8,73.2,5307,4.572,0.757,15.996
CONFIRMED,22.2508509,0.771,1.745,6.19E+02,2.07,0.1426,539,20.01,11.4,5307,4.572,0.757,15.996
FALSE POSITIVE,8.53161917,1.118,2.9596,6.57E+04,54.6,0.0819,891,148.92,86.1,5780,4.438,1,18.498
FALSE POSITIVE,0.526615152,0.028,1.0582,6.40E+01,1.46,0.0133,2959,18152.32,40.9,5718,3.966,1.832,12.428
FALSE POSITIVE,0.690405794,0.281,1.7407,1.78E+02,1.04,0.0138,1731,2129.33,43,5204,4.515,0.786,14.606
CONFIRMED,10.10773789,0.151,3.828,2.95E+02,1.98,0.0889,879,140.75,25.3,5480,4.26,1.174,15.017
CANDIDATE,7.0956395,0.06,3.465,1.08E+02,1.2,0.0702,989,225.73,10.5,5480,4.26,1.174,15.017
FALSE POSITIVE,1.844857057,0.594,1.6557,8.56E+01,0.97,0.0288,1601,1548.86,21.5,6143,4.403,1.004,13.617
FALSE POSITIVE,18.0116764,0.683,6.006,4.17E+02,2.02,0.1354,695,55.07,23.3,6003,4.507,0.932,15.154
CONFIRMED,33.67280658,0.309,8.2267,1.71E+02,1.86,0.1979,661,45.09,61.2,5587,4.091,1.423,11.411
CONFIRMED,3.00912491,0.009,2.228,1.91E+02,1.22,0.041,1177,452.27,16.5,5713,4.541,0.893,15.273
CANDIDATE,79.2450351,0.001,5.382,1.35E+03,3.33,0.3479,404,6.33,14.4,5648,4.464,0.917,15.302
CONFIRMED,4.44589508,0.704,2.3816,4.41E+02,1.94,0.0521,1063,302.6,20.9,5918,4.544,0.865,15.391
FALSE POSITIVE,2.023126394,0.391,1.2771,7.22E+01,0.92,0.0321,1607,1582.75,19.2,6349,4.422,1.059,13.126
FALSE POSITIVE,10.63609504,0.029,3.48,2.91E+02,1.36,0.0914,728,66.5,20.9,5546,4.575,0.81,15.091
CONFIRMED,10.3108232,0.129,5.617,2.04E+02,1.27,0.0917,786,90.1,14,5708,4.521,0.893,15.619
FALSE POSITIVE,1.069842837,0.001,5.275,5.40E+02,1.77,0.0186,1433,998.07,65.2,4999,4.523,0.786,14.298
FALSE POSITIVE,1.077467951,1.181,2.1125,7.57E+01,31.06,0.0215,2339,7064.38,47.4,6329,4.137,1.508,11.899
CANDIDATE,126.4451275,0.046,16.7151,3.25E+03,4.49,0.4725,321,2.51,110.9,5613,4.581,0.795,15.5
FALSE POSITIVE,2.8736467,0.985,1.682,2.16E+02,6.47,0.0501,2866,15977.28,21.2,8173,3.744,3.169,10.035
FALSE POSITIVE,2.846517614,0.931,4.228,2.15E+03,1.88,0.0269,528,18.32,58,3468,4.931,0.32,16.3
CONFIRMED,211.032819,0.808,7.119,1.95E+03,3.43,0.6266,215,0.5,69.3,4658,4.632,0.686,13.855
CONFIRMED,1.716828304,0.7,2.068,5.95E+01,0.74,0.028,1455,1056.84,14.2,5808,4.522,0.902,10.158
FALSE POSITIVE,0.755103143,0.662,2.885,4.38E+01,1.49,0.0174,2927,17302.11,27.3,5996,3.87,2.128,13.009
FALSE POSITIVE,20.71927223,0.744,4.0388,2.25E+02,2.51,0.1475,818,105.78,36,5729,4.058,1.545,10.821
CONFIRMED,11.87457664,0.432,1.9797,2.21E+02,1.32,0.0986,728,66.33,21.4,5523,4.506,0.88,13.756
CONFIRMED,109.6469948,0.797,6.568,9.00E+02,4.85,0.4382,428,7.95,26.7,5332,4.083,1.453,15.162
CONFIRMED,15.64588656,0.033,3.959,5.72E+02,2.18,0.1229,710,60.08,26.9,5896,4.518,0.916,15.241
FALSE POSITIVE,0.93375241,0.989,6.352,5.18E+02,3.18,0.0182,1594,1528.26,55.5,5402,4.581,0.815,15.807
FALSE POSITIVE,1.70336496,0.508,1.7045,3.17E+02,1.67,0.0279,1484,1151.45,19.8,5881,4.516,0.915,15.274
FALSE POSITIVE,0.764174368,0.626,2.346,1.00E+02,1.18,0.0174,2241,5972.52,34.5,6321,4.417,1.125,14.361
FALSE POSITIVE,1.85373924,0.551,1.816,3.49E+02,0.23,0.0134,345,3.36,18,2661,5.283,0.116,12.946
CONFIRMED,7.06321927,0.56,2.411,2.07E+02,1.21,0.0656,827,110.22,12.6,5305,4.489,0.818,14.572
FALSE POSITIVE,0.584310213,1.209,2.1801,8.09E+02,23.09,0.0136,2053,4190.91,91.9,5783,4.539,0.88,15.361
CONFIRMED,25.384175,0.245,3.576,5.94E+02,2.44,0.1728,649,42.01,15.8,6137,4.471,0.994,15.535
CONFIRMED,15.79196594,0.032,7.2772,2.03E+02,2.4,0.1328,910,161.97,77.3,5758,4.072,1.704,11.696
CANDIDATE,5.77207177,0.018,2.605,3.29E+02,1.54,0.0625,915,165.58,13.2,5591,4.559,0.86,15.703
CANDIDATE,46.151253,0.688,5.346,6.49E+02,2.08,0.2261,423,7.59,17.1,5204,4.525,0.769,15.266
CONFIRMED,8.16733851,0.801,3.337,1.05E+02,1.03,0.0791,865,132.43,14.8,5808,4.522,0.902,10.158
CONFIRMED,12.81590421,0.58,6.3856,2.21E+02,2.26,0.109,939,183.68,106.7,5788,4.122,1.474,11.197
FALSE POSITIVE,79.99623328,0.594,6.3339,2.44E+04,40.73,0.4352,717,62.49,721.9,6796,3.88,2.49,9.954
CONFIRMED,5.424749327,0.016,1.139,7.68E+03,5.15,0.0504,625,36.05,78,4137,4.658,0.591,16.406
CANDIDATE,165.3447044,0.917,3.09,4.90E+03,6.98,0.5468,301,1.93,48,5594,4.52,0.812,15.548
CONFIRMED,3.606940379,0.857,1.0418,4.32E+02,2.04,0.0453,1046,283.23,20.8,5508,4.569,0.84,13.461
FALSE POSITIVE,69.2002312,1.276,5.679,2.27E+03,45.24,0.3576,585,27.66,30,7044,4.337,1.267,15.329
CONFIRMED,6.26404774,0.232,2.39,3.79E+02,1.55,0.0615,809,101.27,20.1,5032,4.511,0.817,15.329
CONFIRMED,23.1985852,0.305,9.821,2.25E+02,2.61,0.1595,793,93.34,28.2,5416,3.951,1.756,14.056
CONFIRMED,5.77721259,0.692,2.462,1.34E+02,2.17,0.0631,1260,596.37,17.7,5416,3.951,1.756,14.056
FALSE POSITIVE,0.905037231,0.323,1.4351,3.75E+01,1.1,0.0193,2627,11199.46,29,6223,4.01,1.763,11.075
CONFIRMED,59.4969009,0.406,5.404,1.26E+03,2.92,0.2769,369,4.36,23.2,4817,4.499,0.833,15.768
CONFIRMED,10.61345333,0.535,0.9829,1.50E+02,1.77,0.0953,987,224.63,20,5865,4.163,1.388,12.824
CONFIRMED,48.6303805,0.034,7.0805,3.40E+02,2.48,0.2791,590,28.6,53.9,6075,4.264,1.352,11.485
CONFIRMED,40.5289885,0.325,10.604,3.61E+02,5.92,0.2866,933,178.81,35.3,6443,3.74,3.086,13.913
FALSE POSITIVE,0.571940563,0.792,0.9031,5.43E+01,1.88,0.0137,3320,28727.59,22.8,5827,3.74,2.286,12.557
FALSE POSITIVE,0.633514386,0.231,1.2792,1.79E+02,0.81,0.0122,1357,807.27,22.3,4330,4.64,0.618,14.971
FALSE POSITIVE,17.4166143,0.489,2.445,3.14E+02,1.84,0.1337,723,64.73,13.1,5946,4.444,1.017,14.715
CONFIRMED,16.3583482,0.887,9.858,1.16E+02,2.23,0.1404,959,200.1,30,6133,4.084,1.765,12.683
FALSE POSITIVE,36.0054414,0.745,3.262,1.18E+02,3.33,0.2617,1024,259.71,14.6,7048,3.797,2.838,12.477
CONFIRMED,13.9093544,0.132,6.765,8.68E+01,1.33,0.1179,928,175.14,15.6,6052,4.183,1.424,13.716
CANDIDATE,97.4463194,0.063,6.765,2.14E+03,3.05,0.3729,283,1.52,62.8,4735,4.627,0.686,14.981
FALSE POSITIVE,1.257689465,0.197,0.8399,9.46E+02,2.45,0.0215,1513,1244.66,45.6,5676,4.571,0.787,15.522
CONFIRMED,4.081411554,0.876,2.3239,1.72E+02,1,0.0438,755,77,36.9,4498,4.661,0.635,13.256
CONFIRMED,11.41941928,0.918,3.3075,1.51E+02,0.99,0.0871,536,19.47,22.9,4498,4.661,0.635,13.256
CONFIRMED,6.83440674,0.871,2.2726,1.77E+02,1.01,0.0618,636,38.68,29.1,4498,4.661,0.635,13.256
CANDIDATE,174.636181,0.04,15.679,2.50E+03,11.12,0.67,481,12.65,37.1,5974,3.859,2.232,15.905
CONFIRMED,24.4004378,0.909,2.987,8.61E+02,2.47,0.1441,437,8.64,20.2,4583,4.606,0.674,15.858
FALSE POSITIVE,4.029810359,0.45,3.3316,1.11E+02,1.77,0.0516,1479,1132.21,62.8,5929,4.055,1.651,11.551
FALSE POSITIVE,1.287622419,0.819,0.821,3.65E+01,0.87,0.0247,1957,3450.59,16.9,6170,4.308,1.274,11.514
CONFIRMED,0.935115863,0.243,1.6172,6.48E+01,1.05,0.0193,2124,4811.82,21.6,5874,4.252,1.297,13.615
CONFIRMED,3.57551429,0.462,2.364,9.28E+01,0.89,0.0431,1061,299.19,16.6,5213,4.434,0.917,13.93
CANDIDATE,1.791877025,0.403,1.166,4.61E+01,1.48,0.0303,2223,5787.99,12.5,6002,3.841,2.139,12.599
CONFIRMED,136.205112,0.49,5.568,1.21E+03,2.35,0.4626,248,0.89,20,4648,4.631,0.675,15.839
CONFIRMED,6.30922043,0.118,1.3251,6.91E+02,1.37,0.054,606,31.73,22.5,4380,4.71,0.53,15.906
CONFIRMED,2.94194296,0.03,2.056,2.78E+02,1.22,0.0363,988,225.15,18.2,4901,4.544,0.758,15.29
CANDIDATE,145.881936,0.325,11.342,1.57E+02,1.8,0.5648,424,7.63,11.2,6052,4.183,1.424,13.716
FALSE POSITIVE,1.146934644,0.405,1.7247,2.56E+02,1.39,0.0204,1554,1382.04,19.7,5423,4.502,0.862,15.754
FALSE POSITIVE,1.245353252,0.528,2.152,2.24E+02,1.48,0.023,1704,1996.55,20.3,5982,4.493,0.96,15.895
CONFIRMED,82.2001239,0.001,10.627,2.34E+02,2.57,0.3988,525,17.96,47.9,5758,4.072,1.704,11.696
CONFIRMED,15.3626052,0.25,3.736,4.68E+02,1.8,0.1126,608,32.23,19.7,5011,4.484,0.851,15.384
CONFIRMED,0.843379985,0.696,1.4474,3.43E+02,1.7,0.0163,1541,1329.99,53.6,4818,4.481,0.856,14.975
CONFIRMED,6.56606941,0.687,1.8455,4.02E+02,1.83,0.064,777,86.27,25.8,4818,4.481,0.856,14.975
CONFIRMED,10.49566303,0.16,4.7356,1.06E+02,1.34,0.0958,1009,244.59,48.7,6214,4.238,1.297,10.5
CANDIDATE,2.50343279,1.178,1.534,1.16E+03,20.23,0.0333,1147,408.12,13.2,5174,4.483,0.84,15.601
CANDIDATE,96.4562198,0.775,11.195,9.51E+02,9.1,0.4921,727,65.96,54.6,7029,3.806,2.704,12.998
CANDIDATE,44.5643831,0.851,7.874,3.61E+02,5.8,0.2941,940,184.67,27,7029,3.806,2.704,12.998
CONFIRMED,1.34155642,0.259,1.6462,5.82E+01,0.74,0.0234,1642,1715.26,23.7,5779,4.44,0.97,12.299
CONFIRMED,8.48299282,0.564,2.505,6.91E+01,0.8,0.0798,879,141.04,21.3,5827,4.471,0.933,12.147
CONFIRMED,0.665025941,0.448,1.7542,1.05E+02,1.11,0.0153,2174,5246.66,26.5,5884,4.408,1.07,14.758
CONFIRMED,234.635652,0.025,6.965,8.69E+02,2.56,0.7097,267,1.2,26.7,5422,4.481,0.885,14.607
CANDIDATE,253.374581,0.028,22.889,1.10E+03,19.25,1.0077,555,22.41,99.9,5177,3.216,5.949,11.893
CONFIRMED,13.32191461,0.784,6.213,1.34E+02,2.88,0.1284,1299,672.06,24.3,6995,3.925,2.274,13.228
CONFIRMED,7.69994466,0.018,4.432,7.09E+01,0.92,0.075,969,208.61,17.4,5727,4.328,1.104,13.421
CONFIRMED,4.77466043,0.03,3.804,5.43E+01,0.81,0.0545,1137,395.06,15.5,5727,4.328,1.104,13.421
CONFIRMED,29.39337161,0.512,7.0445,3.27E+02,2.5,0.1995,698,55.98,69.7,6075,4.264,1.352,11.485
CONFIRMED,2.164570593,0.338,1.2862,5.25E+02,1.27,0.0273,783,88.91,19.8,3941,4.713,0.554,15.877
FALSE POSITIVE,12.4258343,0.967,28.1171,4.49E+02,2.75,0.1072,830,111.92,72,6185,4.472,0.991,14.865
FALSE POSITIVE,0.873227249,0.14,0.7948,2.22E+02,1.68,0.0188,2152,5053.02,21.9,6341,4.409,1.111,15.153
CONFIRMED,2.88878583,0.242,2.977,4.09E+01,0.84,0.0415,1423,969.05,17.2,5696,4.247,1.331,12.858
CANDIDATE,21.1181653,0.675,9.734,1.13E+02,2.89,0.1691,1110,359.11,26.3,6461,3.779,2.566,12.199
CANDIDATE,5.06092282,0.944,2.586,7.16E+01,0.98,0.0565,998,234.93,15.7,5637,4.492,0.911,13.346
FALSE POSITIVE,7.37453336,1.139,3.745,3.04E+02,87.08,0.0897,1654,1770.84,33.1,5028,3.289,4.991,12.904
CONFIRMED,87.9724227,0.015,14.638,8.67E+02,3.39,0.3859,446,9.37,64.6,5837,4.305,1.159,14
CONFIRMED,0.568874717,0.05,1.2177,3.78E+02,1.49,0.0128,1796,2473.19,50.4,5223,4.593,0.78,15.23
CANDIDATE,0.910020582,0.79,1.7956,3.58E+02,1.12,0.0151,1127,380.16,29.9,4297,4.725,0.533,15.381
FALSE POSITIVE,22.023514,0.934,1.932,1.67E+03,4.79,0.1531,639,39.45,10.2,5860,4.489,0.936,14.818
CANDIDATE,1.07808492,0.287,0.8551,1.56E+02,1.01,0.019,1417,951.61,22.9,4906,4.511,0.814,14.288
CONFIRMED,56.5732318,0.942,4.188,6.89E+02,2.69,0.2633,356,3.79,21.6,4701,4.54,0.775,14.889
FALSE POSITIVE,1.846861455,0.48,1.6605,6.49E+02,2.23,0.0293,1337,753.4,35.9,5591,4.559,0.86,15.881
CONFIRMED,3.568099612,0.531,3.2131,9.84E+01,1.36,0.0473,1407,926.89,52.5,6007,4.232,1.334,11.994
CONFIRMED,132.9955503,0.703,7.436,1.28E+03,2.51,0.4498,241,0.8,29.3,4523,4.636,0.659,15.028
CONFIRMED,6.002548291,0.914,4.1628,2.02E+02,2.33,0.0697,1209,504.79,71.6,6204,4.269,1.36,12.73
CONFIRMED,11.44865823,0.824,4.953,7.52E+01,1.32,0.1072,975,213.39,21.9,6204,4.269,1.36,12.73
CONFIRMED,24.85466504,0.746,9.182,7.76E+02,7.61,0.1992,1095,339.33,88,6967,3.864,2.527,12.059
CONFIRMED,60.92818866,0.009,6.3336,7.56E+02,2.78,0.2897,467,11.28,120.1,5638,4.359,1.023,12.193
CONFIRMED,8.512037736,0.005,2.1861,5.98E+02,2.14,0.081,839,117.11,102.2,5767,4.538,0.881,12.549
FALSE POSITIVE,5.93720557,0.976,4.882,3.71E+02,1.84,0.0595,894,150.81,59.9,5857,4.633,0.712,13.799
FALSE POSITIVE,5.93719982,0.748,3.95,1.76E+02,1.47,0.0663,1059,297.14,37,6102,4.457,1.026,13.021
FALSE POSITIVE,1.63345402,1.19,3.817,3.59E+02,24.87,0.0274,1750,2211.18,7.4,6283,4.372,1.091,12.179
CONFIRMED,3.247548814,0.31,2.5146,2.10E+02,1.41,0.0442,1181,460.67,51.6,5703,4.498,0.975,13.1
FALSE POSITIVE,14.02245146,0.189,8.08619,2.01E+04,14.93,0.1143,810,101.92,2707.7,6061,4.401,1.05,13.424
FALSE POSITIVE,2.442945167,1.217,4.0145,6.78E+02,38.29,0.0353,1587,1499.89,102.8,5657,4.121,1.428,13.771
FALSE POSITIVE,1.312459403,0.732,1.459,3.69E+01,1.65,0.0262,2824,15018.33,13.9,6543,3.782,2.507,12.524
CANDIDATE,11.1916199,0.895,2.1,1.66E+02,1.47,0.097,782,88.34,11.9,5646,4.464,0.956,14.528
CONFIRMED,2.99792926,0.403,4.398,4.54E+01,1.12,0.0425,1616,1611.51,16,5888,4.061,1.645,12.003
CONFIRMED,60.8660974,0.004,4.397,7.14E+02,1.39,0.2465,244,0.84,15.4,3808,4.734,0.522,15.757
FALSE POSITIVE,2.11547854,0.755,3.665,2.23E+02,1.66,0.0332,1521,1264.56,21.6,6208,4.454,1.024,15.542
CANDIDATE,174.731515,0.021,8.257,1.18E+03,3,0.5732,287,1.6,16.5,5201,4.447,0.897,15.707
FALSE POSITIVE,5.54867998,0.095,4.665,6.89E+01,0.68,0.0577,882,143.26,15.4,5258,4.514,0.835,12.837
FALSE POSITIVE,1.22174063,0.004,7.443,3.22E+01,0.46,0.021,1461,1081.5,19.4,5258,4.514,0.835,12.837
CONFIRMED,3.48412874,0.106,1.422,1.62E+02,1.16,0.0453,1132,389.41,13.3,5696,4.519,0.921,14.953
CONFIRMED,13.74883059,0.658,6.0968,4.26E+02,3.63,0.1174,975,213.84,167.6,5862,4.05,1.67,11.565
CANDIDATE,0.858546796,0.241,1.1,1.06E+02,0.88,0.0167,1671,1846.35,12.2,5269,4.491,0.864,15.247
CANDIDATE,5.518195,0.243,1.81,2.71E+01,0.46,0.0607,969,208.54,5.2,5767,4.538,0.881,12.549
CONFIRMED,4.603575293,0.246,2.3499,4.40E+02,1.51,0.0503,810,101.65,79.7,4783,4.602,0.741,12.97
CONFIRMED,24.30784323,0.425,2.6054,6.77E+02,2.14,0.1594,532,18.87,35.6,5313,4.571,0.82,12.63
CONFIRMED,19.67409703,0.914,3.7535,2.05E+02,1.78,0.144,711,60.37,39,6023,4.423,1.031,12.797
CONFIRMED,3.487688776,0.026,3.83661,1.30E+03,5.64,0.0461,1445,1033.07,350.6,5576,4.065,1.593,13.77
CONFIRMED,81.737872,0.02,6.6923,6.29E+02,2.16,0.3539,385,5.2,135.4,5559,4.502,0.873,11.195
CANDIDATE,75.1122132,0.838,4.9458,3.75E+03,23.23,0.4156,777,86.18,384,6201,3.616,3.354,11.714
CONFIRMED,31.57865122,0.04,2.12791,2.13E+03,4.52,0.1949,570,24.94,324.3,5733,4.442,0.99,11.105
FALSE POSITIVE,110.3216727,0.715,13.3624,7.30E+03,18.6,0.582,761,79.11,2217.1,9244,4.159,2.025,11.375
CONFIRMED,5.88527364,0.622,1.9531,1.13E+02,1.59,0.0653,1253,583.47,27.4,6070,4.157,1.431,11.992
FALSE POSITIVE,1.086486129,0.524,0.8383,6.60E+01,1.69,0.0211,2539,9816.28,20.2,5911,3.861,2,12.988
CANDIDATE,3.76562031,1.193,1.288,2.33E+02,19.39,0.0466,1084,326.2,14.6,5743,4.553,0.853,14.698
CONFIRMED,86.1160885,0.016,6.058,8.75E+02,3.11,0.4001,441,8.93,17.8,6161,4.454,1.053,15.831
CONFIRMED,3.61460332,0.026,3.227,4.39E+01,0.9,0.0461,1397,900.38,15.4,5799,4.161,1.375,13.219
CONFIRMED,8.45744892,0.494,3.2893,7.74E+01,1.02,0.0799,982,220.05,31,5903,4.304,1.137,11.529
CANDIDATE,2.46288834,0.256,1.724,4.74E+01,0.67,0.0338,1391,883.43,11.9,5893,4.395,0.967,13.308
CONFIRMED,3.82223397,0.725,1.924,3.63E+02,1.05,0.0385,601,30.84,15.9,3729,4.733,0.514,15.665
CONFIRMED,17.067644,0.106,6.026,2.62E+02,1.62,0.1321,769,82.56,13.5,6347,4.464,0.996,15.372
FALSE POSITIVE,5.78542702,0.163,2.271,2.56E+02,1.91,0.067,1212,510.79,15.4,6555,4.374,1.178,15.451
CONFIRMED,29.6099055,0.984,7.433,1.20E+02,1.74,0.1861,629,37.12,14.3,5812,4.329,1.122,13.619
CONFIRMED,3.42390809,0.213,1.773,1.53E+02,1.25,0.0451,1212,508.75,13.1,5788,4.442,1.015,15.067
CONFIRMED,5.21104597,0.833,3.3447,1.03E+02,1.18,0.0594,1107,354.82,36.9,6023,4.423,1.031,12.797
CONFIRMED,35.5969684,0.895,6.691,6.85E+02,3.72,0.2178,646,41.06,52.5,6212,4.309,1.209,12.351
FALSE POSITIVE,1.633107509,0.35,1.491,6.08E+01,0.53,0.0238,1083,324.97,21.7,4579,4.596,0.684,12.843
FALSE POSITIVE,66.1544958,0.8526,6.945,1.97E+03,3.33,0.2759,315,2.33,42.7,4679,4.627,0.643,12.655
CONFIRMED,11.57890926,0.359,2.7207,2.43E+02,2.06,0.1062,951,193.48,54.8,6156,4.284,1.303,12.459
CONFIRMED,10.10463142,0.571,2.369,1.15E+02,1.59,0.0937,1046,283.38,24.1,6070,4.157,1.431,11.992
CONFIRMED,42.88247951,0.391,9.7471,4.09E+02,3.61,0.2578,709,59.6,112.2,6143,4.039,1.763,11.931
CONFIRMED,9.43414171,0.538,2.8112,3.98E+03,5.73,0.0858,791,92.39,40.2,5578,4.518,0.886,11.582
CONFIRMED,22.95062278,0.748,4.4814,1.30E+02,2.17,0.1699,873,137.23,32.9,6143,4.039,1.763,11.931
FALSE POSITIVE,498.391282,0.959,6.135,1.59E+03,17.14,1.3893,339,3.11,49.7,5134,3.611,3.107,12.193
CONFIRMED,125.6291479,0.471,9.108,7.84E+03,10.02,0.4865,388,5.35,150.4,5819,4.334,1.111,12.391
FALSE POSITIVE,45.1178526,0.97,3.737,3.89E+02,2.78,0.2358,517,16.87,17.3,5585,4.339,1.038,14.72
CONFIRMED,4.17939037,0.317,2.647,1.73E+02,1.52,0.0504,1194,478.98,16.1,5633,4.296,1.162,14.927
CANDIDATE,10.9192653,0.434,4.572,9.11E+01,1.9,0.1033,1107,355.29,15,5745,3.939,1.972,13.534
FALSE POSITIVE,0.803835923,0.447,1.397,5.26E+01,0.78,0.0175,2129,4863.18,12.4,6242,4.442,1.047,13.7
CONFIRMED,2.76263737,0.46,1.821,1.85E+02,1.25,0.0385,1231,544.05,14.1,5772,4.528,0.901,15.4
CONFIRMED,11.9216035,0.929,5.009,4.32E+01,0.87,0.1049,851,123.89,15.1,6006,4.403,1.082,11.973
CONFIRMED,6.80257947,0.889,4.608,3.27E+01,0.73,0.0721,1026,262.26,14.7,6006,4.403,1.082,11.973
CONFIRMED,8.70312154,0.886,4.807,3.20E+01,0.72,0.085,945,188.7,13,6006,4.403,1.082,11.973
FALSE POSITIVE,1.332557603,1.174,6.043,2.25E+02,19.88,0.0241,1703,1983.27,28.1,6091,4.487,0.967,15.787
FALSE POSITIVE,11.32029599,0.914,4.5866,4.30E+03,8.02,0.0989,811,102.12,85,5780,4.438,1,13.29
CONFIRMED,26.723169,0.035,8.501,1.95E+02,2.31,0.1829,781,88.1,67.5,5862,4.05,1.67,11.565
CONFIRMED,16.39926461,0.115,3.4108,2.21E+02,1.94,0.134,847,121.53,46.4,6156,4.284,1.303,12.459
CONFIRMED,18.73577127,0.785,3.0356,5.67E+02,2.1,0.1289,568,24.66,81.8,5188,4.547,0.795,12.99
CONFIRMED,8.43639829,0.51,3.2451,3.46E+02,1.5,0.0757,742,71.51,76.8,5188,4.547,0.795,12.99
CONFIRMED,13.78109471,0.545,2.3188,7.56E+02,1.42,0.0896,402,6.17,112.8,3846,4.738,0.503,12.925
CONFIRMED,23.08902241,0.32,1.7012,5.98E+02,1.24,0.1264,338,3.1,57.4,3846,4.738,0.503,12.925
CONFIRMED,6.02977241,0.379,3.961,5.46E+01,1.18,0.0665,1204,496.46,11.5,5576,4.065,1.593,13.77
CONFIRMED,135.1879934,0.023,8.8191,6.63E+02,2.32,0.4878,345,3.33,85.8,5731,4.451,0.906,12.765
CONFIRMED,172.7046083,0.004,11.347,6.59E+02,2.85,0.5886,355,3.77,92.9,5851,4.302,1.116,12.209
CONFIRMED,988.8811177,0.1667,5.9504,5.06E+03,10.81,2.0091,223,0.58,136.4,5755,4.101,1.549,13.293
FALSE POSITIVE,44.14599042,1.902,3.4015,4.47E+03,121.48,0.2577,624,35.87,99.6,6692,4.383,1.152,13.754
FALSE POSITIVE,1.411627439,0.853,1.0814,5.15E+02,2.99,0.026,1966,3523.63,53.1,6692,4.383,1.152,13.754
CONFIRMED,19.27082584,0.169,4.1281,6.66E+03,7.74,0.1423,661,45.05,577.1,5779,4.491,0.956,13.803
CONFIRMED,5.05368985,0.53,2.514,1.72E+02,1.21,0.0576,1007,243.06,11.5,5772,4.528,0.901,15.4
FALSE POSITIVE,4.39049637,0.389,3.0112,1.14E+02,2.07,0.0572,1637,1701.16,31.1,6429,3.989,1.908,13.33
CONFIRMED,13.1829329,0.016,3.594,5.18E+02,1.84,0.1066,661,45.19,13.8,5382,4.571,0.827,16.239
CONFIRMED,3.51575492,0.061,1.381,2.37E+02,1.35,0.0426,1033,269.57,15.2,5094,4.45,0.901,14.897
CONFIRMED,87.5177787,0.983,2.55,1.37E+02,1.85,0.3794,451,9.76,12.2,5903,4.304,1.137,11.529
FALSE POSITIVE,14.0498182,0.569,2.907,4.72E+02,1.45,0.0984,480,12.56,14.5,4228,4.618,0.652,15.648
CONFIRMED,14.2563272,0.894,4.796,2.06E+02,1.73,0.1187,797,95.22,14.3,6140,4.455,1.027,15.192
CANDIDATE,4.21223579,0.97,7.898,1.16E+02,1.04,0.0453,887,146.4,12.8,5116,4.591,0.7,15.277
CONFIRMED,0.968980781,0.065,1.517,1.19E+02,1.08,0.0197,1844,2730.51,12.8,5866,4.473,1,15.415
FALSE POSITIVE,8.589562,1.138,9.885,2.45E+02,15.95,0.0771,891,148.61,14,5766,4.404,0.945,15.214
CONFIRMED,10.31282204,0.061,2.0138,1.38E+02,0.59,0.0739,443,9.07,22,3846,4.738,0.503,12.925
CONFIRMED,35.58349688,0.001,3.9885,9.38E+02,2.03,0.1916,408,6.54,90.8,4894,4.637,0.684,12.968
CONFIRMED,15.77111067,0.009,5.0574,5.47E+02,2.62,0.1242,752,75.61,123.2,5620,4.333,1.143,12.701
CONFIRMED,157.0659976,0.004,8.1289,5.51E+02,2.63,0.5749,350,3.53,50.9,5620,4.333,1.143,12.701
CONFIRMED,7.305706326,0.826,1.4228,2.65E+02,2.11,0.0744,972,210.72,43.6,5620,4.333,1.143,12.701
CONFIRMED,38.90787517,0.6883,4.5271,6.16E+03,7.98,0.2273,523,17.66,366.1,5779,4.491,0.956,13.803
CANDIDATE,1.951082219,0.925,1.6975,1.15E+03,10.35,0.033,2005,3822.26,30.1,5302,3.768,2.426,13.143
CONFIRMED,1.59295975,0.0779,1.9313,2.48E+02,1.48,0.027,1517,1251.43,48.9,5779,4.491,0.956,13.803
FALSE POSITIVE,4.94402197,1.157,4.062,3.63E+02,32.92,0.0594,1419,958.29,33,6013,4.035,1.7,13.15
FALSE POSITIVE,6.71725648,0.163,2.5207,2.73E+02,2.78,0.0757,1264,603.71,49.1,6078,4.094,1.683,13.319
CANDIDATE,23.1375919,0.429,3.35,1.14E+02,1.83,0.1728,837,115.86,12.9,6078,4.094,1.683,13.319
CONFIRMED,6.07032548,0.454,1.341,3.12E+02,1.36,0.0615,789,91.45,11.9,5076,4.598,0.763,15.489
FALSE POSITIVE,1.33256952,0.463,2.915,1.64E+02,1.06,0.023,1461,1076.99,16.5,5547,4.571,0.82,15.983
CANDIDATE,18.9763286,0.922,2.379,3.30E+02,2.24,0.1325,638,39.11,11,5300,4.385,0.986,14.948
CANDIDATE,6.34724702,0.739,3.097,1.60E+02,1.35,0.0639,919,168.14,11.1,5300,4.385,0.986,14.948
FALSE POSITIVE,7.19552624,0.593,4.095,2.15E+02,1.67,0.0771,1037,273.05,15.6,6242,4.432,1.093,15.614
CONFIRMED,7.36272124,0.253,1.3287,4.29E+02,1.86,0.0738,901,155.72,17.8,5868,4.53,0.894,14.941
CONFIRMED,10.6761592,0.403,4.594,1.51E+02,1.79,0.1059,1049,285.79,14.1,6460,4.267,1.434,13.688
CONFIRMED,4.48494315,0.3,2.752,1.35E+02,1.23,0.055,1199,488.22,12.4,6217,4.437,1.051,14.879
CANDIDATE,10.76800074,0.583,3.494,6.51E+01,0.92,0.094,885,144.85,14.2,5874,4.338,1.096,12.863
CANDIDATE,4.32848303,0.367,2.955,3.55E+01,0.66,0.0512,1199,488.23,11.4,5874,4.338,1.096,12.863
CONFIRMED,49.3567907,0.277,10.954,1.30E+02,1.91,0.2754,637,38.86,35,5862,4.05,1.67,11.565
CONFIRMED,22.20809549,0.017,7.3327,4.63E+02,3.02,0.1699,803,98.36,92.7,6336,4.266,1.403,12.885
CONFIRMED,38.5833679,0.905,12.391,1.39E+03,8.56,0.2551,761,79.08,46.1,6273,4.04,1.927,12.211
CANDIDATE,46.15119482,0.904,6.3427,1.82E+03,10.02,0.2668,703,57.8,286,5877,3.927,1.963,12.711
FALSE POSITIVE,4.79179893,1.209,2.9283,1.24E+02,26.26,0.0581,1249,575.43,46.3,6499,4.408,1.103,12.174
CONFIRMED,2.426304127,0.694,2.6624,1.85E+02,1.41,0.0359,1302,679.12,97,5678,4.484,0.97,12.52
CANDIDATE,4.780327581,0.952,2.0253,9.61E+02,7.14,0.059,1441,1020.05,380.8,5937,4.012,1.787,11.665
FALSE POSITIVE,3.741231778,0.25,2.469,4.19E+02,1.55,0.0447,951,193.55,66.6,5206,4.598,0.767,13.936
FALSE POSITIVE,1.168310132,0.107,1.31,2.83E+02,1.43,0.0203,1577,1469.16,64.7,5509,4.487,0.857,13.831
FALSE POSITIVE,25.9525478,1.228,21.328,4.78E+02,74.69,0.1921,865,132.4,57,5211,3.715,2.721,13.778
CONFIRMED,33.4160553,0.947,8.605,2.76E+02,2.98,0.2102,689,53.18,29.3,6007,4.178,1.42,13.954
CONFIRMED,12.6119685,0.709,6.372,7.65E+01,1.33,0.1098,953,194.9,12.2,6007,4.178,1.42,13.954
CANDIDATE,7.64809462,0.265,2.216,1.96E+02,1.19,0.0746,840,117.65,12.2,5641,4.554,0.85,15.267
CONFIRMED,0.636424848,0.319,0.947,2.18E+02,1.31,0.0144,1846,2754.93,18.1,5343,4.538,0.885,15.744
FALSE POSITIVE,8.55935323,0.744,4.303,1.49E+02,1.21,0.0789,921,169.77,20.4,6115,4.462,0.919,14.538
CANDIDATE,31.0209175,0.881,2.012,8.60E+02,1.66,0.1522,291,1.7,15.1,3720,4.764,0.48,15.572
FALSE POSITIVE,21.3419702,,10.73,,,,,105.86,,,,,13.87
CANDIDATE,2.118893997,0.019,0.822,3.11E+02,1.41,0.031,1230,541.53,11.3,5504,4.583,0.796,15.855
CONFIRMED,2.46050095,0.052,1.861,2.77E+02,1.03,0.0304,969,208.54,16.7,4811,4.626,0.634,15.245
CANDIDATE,7.49133777,0.013,6.315,3.45E+01,1.01,0.0762,1291,656.15,14.4,6177,3.993,1.71,12.277
CONFIRMED,5.8660127,0.539,3.985,1.83E+02,1.45,0.0648,1064,302.77,16.8,6020,4.427,1.04,15.273
CONFIRMED,23.9107056,0.398,4.996,2.94E+02,1.91,0.1696,709,59.76,12.9,6338,4.418,1.091,15.376
FALSE POSITIVE,23.83680888,1.008,6.02854,2.97E+04,59.31,0.1662,919,168.28,2793.4,6095,3.894,1.94,13.722
CONFIRMED,4.62334491,0.388,3.0189,6.20E+01,0.77,0.0552,1050,287.25,25.2,5678,4.484,0.97,12.52
FALSE POSITIVE,5.888835386,6.217,3.7988,1.95E+04,584.67,0.064,1008,243.87,208.2,5780,4.438,1,12.97
CONFIRMED,5.83599485,0.129,2.062,5.53E+02,1.92,0.0606,884,144.5,11.2,5423,4.542,0.828,12.465
FALSE POSITIVE,1.089077863,0.778,2.4676,1.34E+02,1.96,0.0214,2359,7312.11,104.8,6280,4.098,1.551,12.217
FALSE POSITIVE,7.86335883,0.995,3.4303,4.67E+02,7.84,0.0856,1195,482.18,74.3,5731,4.005,1.913,12.94
FALSE POSITIVE,8.0970583,0.959,5.699,6.81E+02,4.83,0.0845,1203,495.31,76.4,6573,4.2,1.455,13.11
FALSE POSITIVE,6.337614357,0.972,1.742,1.81E+03,9.57,0.0709,1351,787.89,132.7,6581,4.138,1.536,13.406
FALSE POSITIVE,3.900140077,1.205,3.77,5.43E+02,23.78,0.0486,1253,582.32,53.6,6407,4.48,0.955,13.561
CONFIRMED,5.0800579,0.636,5.207,2.23E+02,3.95,0.0641,1673,1851.94,56.7,6049,3.769,2.52,13.281
CONFIRMED,13.14496741,0.591,3.6399,3.01E+02,1.59,0.1038,698,56.15,44.1,5411,4.477,0.888,13.435
CONFIRMED,16.09196369,0.546,2.8943,4.16E+02,2.13,0.1238,718,62.74,84.9,5680,4.414,1.016,11.525
FALSE POSITIVE,161.239891,0.946,24.472,1.08E+03,3.48,0.5647,294,1.77,23,5514,4.569,0.826,15.648
CANDIDATE,5.4654174,0.301,3.209,2.20E+02,1.23,0.0592,927,174.08,14.2,5612,4.566,0.829,15.861
CONFIRMED,1.4951513,0.974,3.43,5.20E+01,1.44,0.0257,1870,2880.38,14.2,5635,4.117,1.452,14.22
CONFIRMED,20.3504704,0.192,7.225,1.02E+02,1.01,0.1431,695,55.07,16.6,5952,4.41,1.002,13.914
CANDIDATE,6.06664931,0.902,1.962,6.53E+01,0.87,0.0643,915,165.66,10.9,5569,4.521,0.892,13.163
CANDIDATE,2.184437698,0.035,1.0422,1.55E+03,0.94,0.0204,529,18.41,19.7,3421,5.014,0.25,16.946
CONFIRMED,4.13592927,0.168,2.377,1.56E+02,1.43,0.0516,1226,535.42,15.2,5886,4.345,1.152,14.826
CONFIRMED,8.05337912,0.035,5.382,3.83E+01,1.28,0.0894,1320,717.7,14.9,6231,3.976,2.062,12.086
CANDIDATE,15.2311195,0.192,3.91,2.69E+02,1.94,0.1228,800,96.84,13.1,5836,4.316,1.186,15.029
FALSE POSITIVE,23.6272223,0.711,7.9,1.55E+02,3.84,0.2096,1358,804.44,65.8,8308,3.861,2.879,11.641
FALSE POSITIVE,8.97349999,0.56,3.1408,9.35E+02,36,0.0991,2262,6178.9,44.1,4751,2.52,11.536,12.96
FALSE POSITIVE,108.546946,0.055,7.567,7.11E+02,29.67,0.522,985,222.7,15.3,4751,2.52,11.536,12.96
CONFIRMED,3.254277742,0.303,2.9903,1.60E+02,1.38,0.0443,1301,675.56,58.6,5945,4.402,1.089,12.996
CONFIRMED,91.3514816,0.008,8.707,2.10E+02,1.57,0.409,428,7.93,25.5,5945,4.402,1.089,12.996
FALSE POSITIVE,2.250826647,1.221,1.536,5.34E+02,30.03,0.0328,1489,1161.8,104.3,5779,4.308,1.119,12.82
CONFIRMED,31.1588249,0.029,5.1803,9.59E+02,3.56,0.1948,639,39.46,73.6,5951,4.319,1.155,13.838
FALSE POSITIVE,0.436282594,1.269,1.3988,5.36E+02,83.25,0.0137,5187,170399.16,218.3,8491,3.853,2.622,11.002
CONFIRMED,76.7324556,0.462,6.243,6.86E+02,3.08,0.3553,473,11.86,34.3,5951,4.319,1.155,13.838
CONFIRMED,13.89963233,0.777,3.5791,1.12E+03,2.46,0.098,521,17.37,98.2,4538,4.607,0.663,13.577
CONFIRMED,6.14955931,0.368,5.5694,3.34E+02,3.26,0.0674,1287,649.26,87.3,5687,3.973,1.775,13.644
CANDIDATE,4.8099878,0.2,1.97,2.88E+02,1.59,0.0562,1077,317.8,13.6,5988,4.507,0.934,15.667
CANDIDATE,5.08288076,0.389,2.515,1.08E+02,1.15,0.0582,1183,462.96,12.5,6217,4.375,1.083,14.207
CANDIDATE,31.0259489,0.153,5.692,3.85E+02,1.91,0.1964,595,29.67,12.7,6075,4.486,0.969,15.959
CANDIDATE,3.08942807,0.65,3.214,8.53E+01,1.07,0.0437,1361,808.76,13.2,6137,4.418,1.103,14.829
CONFIRMED,44.8702042,0.436,4.199,6.36E+02,2.56,0.2529,536,19.5,16.4,6122,4.471,0.996,15.755
FALSE POSITIVE,4.8807805,0.581,9.4,7.90E+01,0.48,0.0456,706,58.98,15.9,4763,4.738,0.516,14.203
CONFIRMED,4.45342418,0.569,3.654,4.66E+01,0.9,0.0546,1331,740.51,16.3,6256,4.269,1.269,12.938
FALSE POSITIVE,2.21396685,0.017,4.374,8.16E+01,0.84,0.0323,1418,952.61,19.1,5986,4.461,0.93,14.461
CONFIRMED,9.705693,0.941,7.702,1.41E+02,2.07,0.0907,1001,237.46,14.2,5808,4.178,1.385,14.93
CANDIDATE,21.2360024,0.205,4.019,1.04E+02,2.62,0.1651,1048,285.21,15.7,6035,3.745,2.559,13.371
CONFIRMED,8.31377304,0.002,2.964,8.37E+02,2.74,0.0821,886,145.51,19.6,5900,4.509,0.951,13.704
FALSE POSITIVE,8.58969597,1.197,8.471,2.45E+02,20.8,0.0817,882,143.02,45.9,6024,4.523,0.9,13.478
CONFIRMED,7.97420583,0.128,5.3503,2.93E+02,1.85,0.0791,974,212.75,55.1,5973,4.386,1.081,13.928
CONFIRMED,1.88899036,0.011,3.486,5.90E+01,0.83,0.0303,1574,1449.92,18.2,5973,4.386,1.081,13.928
CONFIRMED,18.68405716,0.858,6.9329,3.82E+02,3.64,0.1396,832,113.34,54.2,5548,4.038,1.614,13.497
CONFIRMED,21.41624083,0.081,7.081,3.15E+02,2.09,0.1553,748,74.2,42.7,6156,4.331,1.18,13.542
FALSE POSITIVE,12.28351275,1.224,3.634,5.98E+02,74.76,0.1136,1342,765.56,23.4,6171,3.668,2.759,13.167
CONFIRMED,4.72674037,0.657,2.9267,2.73E+02,1.56,0.0525,1028,264.08,287.8,5648,4.472,0.894,9.931
FALSE POSITIVE,6.77449545,1.178,2.5416,4.82E+02,29.41,0.0747,1219,521.03,41.9,6517,4.265,1.342,13.889
CANDIDATE,14.59150445,1.21,1.1295,1.49E+03,36.85,0.1167,879,140.82,68,5940,4.199,1.312,13.311
FALSE POSITIVE,27.6776801,0.933,2.1704,1.15E+04,14.41,0.182,618,34.55,431.6,6075,4.486,0.969,13.767
FALSE POSITIVE,0.605223042,0.109,0.8986,2.32E+02,1.14,0.0128,1728,2099.47,20.7,5089,4.559,0.757,15.248
CONFIRMED,25.5172744,0.322,4.735,6.68E+01,0.83,0.1684,615,33.91,13.5,5680,4.414,1.016,11.525
CONFIRMED,4.73292061,0.121,1.746,1.52E+02,0.97,0.0529,957,198.57,15.5,5595,4.581,0.796,14.651
CONFIRMED,22.4765952,0.176,3.437,4.81E+02,1.21,0.131,419,7.27,13.3,4563,4.704,0.567,15.037
CANDIDATE,1.242639742,0.152,1.763,1.59E+02,1.02,0.0219,1487,1159.26,16.1,5520,4.572,0.818,15.33
FALSE POSITIVE,25.503628,0.953,3.913,2.04E+02,1.61,0.1681,586,27.85,13.3,5815,4.54,0.877,14.746
CONFIRMED,14.8638496,1.006,2.705,2.21E+02,2.9,0.1076,620,35.04,12.3,5159,4.508,0.8,13.752
CONFIRMED,5.65245733,0.889,2.062,1.21E+02,1.05,0.0565,856,127.1,11.7,5159,4.508,0.8,13.752
CONFIRMED,10.9294815,0.197,5.893,1.97E+02,1.21,0.0951,770,83.14,14.3,5792,4.547,0.864,15.591
CANDIDATE,0.536650319,0.61,2.383,4.19E+01,1.35,0.0138,3195,24688.55,31,6020,3.922,2,12.649
CONFIRMED,5.45849914,0.65,4.0448,2.56E+02,1.91,0.064,1099,344.32,72,5914,4.396,1.135,13.046
CONFIRMED,13.28536452,0.774,6.283,3.78E+02,4.03,0.1179,1157,423.65,26.8,6534,3.973,1.9,13.39
FALSE POSITIVE,8.4879444,0.752,3.224,1.19E+02,1.23,0.0809,969,208.99,19.5,6134,4.396,1.039,13.301
FALSE POSITIVE,46.56675437,0.87,7.831,8.01E+02,5.25,0.2763,708,59.34,111.3,6629,4.132,1.619,13.893
FALSE POSITIVE,19.5148412,0.742,3.096,1.03E+02,2.8,0.1695,1200,489.75,13.1,7004,3.854,2.556,13.124
CONFIRMED,15.4130812,0.372,6.6358,2.64E+02,2.59,0.1324,944,187.39,55.2,6206,4.159,1.573,11.684
CONFIRMED,4.82051088,0.922,3.588,4.09E+01,1.08,0.0563,1328,735.25,14.8,6046,4.158,1.396,12.861
CANDIDATE,6.09595681,0.685,5.502,6.57E+01,1.26,0.0718,1259,593.42,18.1,6313,4.228,1.467,12.742
CANDIDATE,13.2511214,0.231,4.996,2.67E+02,1.98,0.1122,850,123.32,15.2,5850,4.297,1.217,15.085
FALSE POSITIVE,5.76556718,0.678,3.138,2.13E+02,1.66,0.0643,1120,371.86,17.6,6218,4.404,1.072,15.39
CANDIDATE,11.682369,0.6987,2.71,2.35E+02,1.45,0.0998,802,97.62,11.2,6089,4.527,0.889,15.276
CANDIDATE,10.12956201,0.544,3.044,8.13E+01,0.78,0.0876,736,69.43,12.2,5383,4.528,0.842,13.573
CONFIRMED,15.6112238,0.468,3.873,1.14E+02,0.91,0.1169,637,38.99,15.7,5383,4.528,0.842,13.573
CONFIRMED,42.5217006,0.495,5.723,6.86E+02,2.45,0.2391,510,15.97,14.7,5911,4.519,0.914,15.761
FALSE POSITIVE,0.566805887,0.762,5.2317,1.70E+00,0.08,0.0111,1554,1368.32,0.8,5000,4.708,0.549,14.648
CONFIRMED,6.69958851,0,2.831,2.54E+02,1.24,0.0671,806,99.83,13.6,5296,4.586,0.799,15.883
FALSE POSITIVE,14.17097278,0.579,3.7316,1.35E+04,20.88,0.1402,1288,650.07,308.1,8347,4.231,1.715,11.054
FALSE POSITIVE,1.332562831,1.241,6.24,2.98E+02,24.29,0.0234,1532,1301.29,37.3,5718,4.549,0.863,15.846
CONFIRMED,2.39161966,0.299,1.906,1.89E+02,0.93,0.0306,1031,266.01,13.6,4935,4.589,0.685,15.738
CONFIRMED,5.68879083,0.39,2.55,2.42E+02,0.99,0.0536,645,40.88,13.8,4234,4.63,0.639,15.561
CONFIRMED,2.31941571,0.429,1.591,9.64E+01,1.24,0.0346,1490,1164.84,11.7,5624,4.256,1.248,14.869
CONFIRMED,19.7830259,0.015,5.4898,3.73E+02,2.1,0.1409,708,59.39,41.8,5747,4.335,1.099,13.936
FALSE POSITIVE,10.43114677,1.225,3.8853,2.94E+04,50.44,0.0936,833,114.02,400.2,5780,4.438,1,13.761
CONFIRMED,7.0106324,0.683,3.0688,3.27E+02,1.5,0.0672,738,70.32,48.7,4908,4.567,0.782,13.448
CONFIRMED,3.10762684,0.7,2.361,7.72E+01,0.73,0.0391,968,207.72,15.6,4908,4.567,0.782,13.448
CONFIRMED,1.980356674,0.713,2.4743,2.72E+02,2.1,0.0309,1662,1808.41,71.9,6078,4.29,1.189,13.763
CONFIRMED,12.8344771,0.956,3.846,2.81E+02,2.55,0.1075,891,149.42,35,6078,4.29,1.189,13.763
FALSE POSITIVE,175.329014,1.231,6.269,1.06E+03,27.03,0.6125,327,2.69,16.7,6008,4.499,0.93,15.31
CANDIDATE,21.61313362,0.714,1.52,8.18E+02,1.94,0.1348,503,15.14,13.8,5267,4.681,0.632,15.862
CONFIRMED,2.7881793,0.058,3.397,5.58E+01,1.02,0.0392,1510,1228.07,17.7,5758,4.168,1.385,13.71
CONFIRMED,4.13827684,0.499,3.449,6.38E+01,1.13,0.051,1324,725.53,16.8,5758,4.168,1.385,13.71
FALSE POSITIVE,2.61846258,0.013,3.505,2.75E+02,1.03,0.032,843,119.68,18.7,4266,4.626,0.643,15.593
CONFIRMED,29.72722,0.744,3.45,1.01E+03,3.02,0.1862,557,22.7,19.4,5815,4.54,0.877,15.855
CONFIRMED,18.01019956,0.966,3.516,1.78E+02,1.93,0.1312,758,77.99,43.4,5931,4.322,1.101,11.818
CONFIRMED,10.61368712,0.024,3.498,5.60E+02,2.06,0.0937,785,89.65,18.9,5815,4.54,0.877,15.855
FALSE POSITIVE,7.53887442,0.727,3.147,3.42E+02,1.33,0.0651,751,75.14,13.6,5318,4.601,0.667,15.504
FALSE POSITIVE,0.53633519,0.489,1.0547,4.44E+02,1.81,0.0127,1974,3603.58,29.9,5508,4.569,0.84,15.546
CANDIDATE,27.9430245,0.052,6.125,3.09E+02,2.21,0.1975,718,62.74,12.3,6468,4.363,1.25,15.243
CONFIRMED,8.07394097,0.928,2.455,1.06E+03,1.59,0.0594,420,7.33,16,3675,4.869,0.398,16.109
CONFIRMED,4.53702121,0.706,1.813,5.04E+02,1.66,0.0486,798,95.61,15.7,4805,4.633,0.688,15.689
CANDIDATE,0.977311489,0.01,1.403,2.51E+02,1.06,0.0175,1331,737.36,14.8,4805,4.633,0.688,15.689
CONFIRMED,39.859505,0.398,7.987,1.56E+02,1.62,0.2274,597,29.97,13.9,5675,4.209,1.292,14.131
FALSE POSITIVE,23.6731242,0.21,14.3948,2.31E+04,17.74,0.1667,676,49.42,842.3,5769,4.338,1.177,13.057
CONFIRMED,7.170710381,0.188,2.9225,8.63E+02,2.73,0.0699,890,148.09,89.3,5497,4.437,0.941,13.338
CONFIRMED,4.699652821,0.135,2.553,3.51E+02,1.74,0.0527,1024,260.54,41.6,5497,4.437,0.941,13.338
CONFIRMED,4.761705895,0.384,3.3061,4.97E+02,2.75,0.0555,1201,491.37,138.5,5794,4.263,1.225,13.203
CONFIRMED,2.024143568,0.513,2.5273,2.39E+02,1.94,0.0314,1597,1535.09,88.4,5794,4.263,1.225,13.203
FALSE POSITIVE,1.371288853,0.953,1.4528,6.62E+01,1.15,0.0247,1837,2695.6,16.9,6220,4.378,1.108,13.328
CONFIRMED,11.87290814,0.904,2.5342,3.33E+02,2.25,0.1025,863,131.55,84.7,6147,4.412,1.04,11.072
CONFIRMED,1.638652525,0.365,1.952,1.67E+02,1.29,0.0276,1610,1585.07,16.4,6119,4.472,0.981,15.49
CONFIRMED,9.06687613,0.928,3.381,3.67E+02,1.9,0.0771,725,65.52,14.6,5142,4.515,0.789,15.737
CONFIRMED,4.0223109,0.741,0.853,2.28E+02,1.37,0.0473,1017,253.28,11,5516,4.544,0.827,14.264
CONFIRMED,6.9131732,0.264,4.73,3.91E+01,0.91,0.0762,1209,505,12.5,6296,4.21,1.444,12.788
CONFIRMED,7.32851947,0.983,1.211,2.78E+02,2.33,0.0689,807,100.13,14,5135,4.464,0.874,14.316
CONFIRMED,18.6052046,0.093,6.829,2.43E+02,1.94,0.1499,833,113.88,13.1,6572,4.365,1.238,15.665
FALSE POSITIVE,1.332562787,1.24,6.28,1.11E+03,29.1,0.0241,1703,1983.27,125.2,6091,4.487,0.967,15.952
CANDIDATE,0.896382269,0.332,1.113,1.36E+02,1,0.0171,1810,2524.81,11.7,5837,4.502,0.843,14.603
CONFIRMED,39.4420781,0.42,7.029,1.72E+02,2.51,0.2346,682,51.14,15.2,5430,3.923,1.902,14.268
CONFIRMED,10.27532513,0.315,6.3093,2.10E+02,3.04,0.1047,1211,508.21,99.5,6150,3.96,2.086,11.02
FALSE POSITIVE,11.50528603,0.461,2.098,2.60E+02,1.83,0.1046,912,163.79,11.4,6355,4.41,1.108,15.191
CONFIRMED,26.62941953,0.015,7.8709,4.93E+02,3.13,0.1722,742,71.75,106.9,5866,4.117,1.417,12.747
CONFIRMED,296.6375817,0.429,16.425,2.76E+03,7.56,0.8589,332,2.88,250,5866,4.117,1.417,12.747
CONFIRMED,41.8085031,0.011,7.797,1.90E+02,1.67,0.2361,582,27.15,27.3,5794,4.263,1.225,13.203
FALSE POSITIVE,2.98786272,0.621,2.5814,4.28E+04,17.82,0.0386,1064,303.15,98,5231,4.544,0.821,13.109
CONFIRMED,39.30944096,0.028,5.77,1.13E+03,2.87,0.2212,488,13.46,122.9,5607,4.536,0.863,13.4
CONFIRMED,29.88487723,0.658,4.5612,1.28E+03,2.81,0.1694,453,9.95,128.3,4883,4.549,0.749,13.34
CONFIRMED,12.92489803,0.768,2.6811,9.59E+02,2.62,0.1012,620,34.95,49.5,5103,4.584,0.768,13.524
CANDIDATE,11.45541896,0.116,4.95,6.86E+01,1.12,0.1077,975,213.86,15.8,6231,4.276,1.356,13.066
FALSE POSITIVE,0.575884418,1.258,2.0734,2.72E+02,31.17,0.014,2397,7790.32,43.2,6290,4.442,1.044,15.024
FALSE POSITIVE,0.562555067,0.527,1.7402,1.98E+02,1.21,0.013,2046,4128.4,21.7,5793,4.561,0.832,15.945
CANDIDATE,44.433726,0.624,6.118,2.40E+02,1.85,0.2415,538,19.73,8,5596,4.298,1.145,15.364
FALSE POSITIVE,0.993703494,0.436,0.7645,6.74E+01,2.32,0.0234,3257,26588.4,14.5,6854,3.808,2.715,12.928
CONFIRMED,6.33125228,0.094,2.688,3.07E+02,1.31,0.0633,822,108.04,16.2,5383,4.603,0.759,15.411
CONFIRMED,24.2204192,0.032,3.271,8.06E+02,2.1,0.1546,505,15.43,14,5165,4.599,0.761,15.911
FALSE POSITIVE,30.9597053,1.191,5.42,4.11E+02,16.63,0.1775,438,8.67,13.7,4947,4.621,0.714,15.082
CONFIRMED,6.41491277,0.869,3.3629,1.21E+02,1.4,0.0659,1069,309.12,51.1,5931,4.322,1.101,11.818
FALSE POSITIVE,93.881556,0.008,20.644,1.89E+02,2.02,0.4066,479,12.42,23.7,5676,4.1,1.487,13.29
CANDIDATE,3.91679553,0.007,2.072,1.61E+02,0.85,0.0441,851,123.73,13.2,4889,4.637,0.686,14.976
CANDIDATE,43.1024434,0.011,7.124,3.00E+02,1.88,0.2421,539,19.96,14.3,5741,4.365,1.097,14.914
FALSE POSITIVE,2.683395376,0.763,1.8592,2.35E+02,2.55,0.0416,1860,2833.83,52.9,6958,4.195,1.529,12.269
CONFIRMED,31.51779463,0.561,7.634,3.58E+02,2.72,0.1951,663,45.68,63.2,5611,4.144,1.4,12.848
CONFIRMED,8.12999858,0.896,2.1492,1.48E+02,2.04,0.0791,1041,277.89,26.1,5611,4.144,1.4,12.848
CANDIDATE,31.4452709,0.97,1.758,5.31E+02,4.55,0.2099,721,63.78,12.7,6172,4.198,1.471,14.806
FALSE POSITIVE,66.46746217,0.116,19.6638,1.26E+04,11.97,0.3278,466,11.18,1049.3,5843,4.403,1.073,13.483
CONFIRMED,2.586639524,0.349,2.253,2.18E+02,1.44,0.0356,1328,735.48,77.3,5780,4.421,0.966,12.872
FALSE POSITIVE,2.671942657,0.982,1.9119,1.59E+04,22.36,0.0361,1458,1069.47,97.5,6116,4.335,1.055,13.318
CONFIRMED,28.51117639,0.77,4.5941,1.84E+03,3.27,0.165,423,7.55,145.5,4687,4.627,0.69,13.933
CONFIRMED,14.38682567,0.021,2.1417,5.70E+02,2.54,0.1137,776,85.46,61.7,5725,4.353,1.072,13.586
CANDIDATE,8.85686712,0.923,0.606,3.19E+02,1.88,0.0765,714,61.54,11.9,5017,4.516,0.797,14.589
CANDIDATE,12.99065074,0.068,2.3748,3.92E+02,2.02,0.1072,790,92.12,42.5,5787,4.402,1.027,13.387
CONFIRMED,331.5972732,0.02,14.404,8.32E+03,10.89,0.9654,294,1.76,355,5970,4.317,1.2,13.804
CONFIRMED,11.20058855,0.956,4.562,2.20E+02,1.7,0.0975,808,100.91,19.2,6038,4.524,0.898,14.982
FALSE POSITIVE,1.50179931,0.256,3.275,1.00E+02,0.72,0.0239,1229,540.71,19.1,5024,4.613,0.736,14.762
CONFIRMED,17.83367834,0.013,4.5112,3.27E+02,2.43,0.1424,866,132.94,154.5,6407,4.268,1.337,9.364
CONFIRMED,19.55662003,0.606,8.087,2.99E+02,2.45,0.134,797,95.35,111,5671,4.094,1.36,11.947
CANDIDATE,82.6595174,0.579,3.48,1.27E+03,2.03,0.3099,233,0.7,17.1,3952,4.716,0.553,15.995
CONFIRMED,2.03387483,0.238,3.097,7.36E+01,1.6,0.0322,1789,2422.92,15.7,5282,3.913,1.899,14.621
FALSE POSITIVE,5.07538255,0.919,1.7,1.63E+02,1.74,0.0575,1154,419.23,16,5933,4.334,1.118,14.196
CONFIRMED,23.9553986,0.669,3.204,2.29E+02,2.84,0.1586,741,71.16,13.9,5011,3.903,1.781,14.553
CANDIDATE,24.3367026,0.577,2.539,5.51E+02,1.95,0.1499,526,18.07,13.4,5141,4.505,0.806,15.581
CANDIDATE,7.40985182,0.234,1.131,2.01E+02,1.18,0.0725,818,105.91,13.5,5462,4.56,0.836,14.449
FALSE POSITIVE,1.02425556,1.312,2.6439,1.63E+03,29.83,0.0187,1503,1211.99,40.6,5337,4.594,0.764,16.695
FALSE POSITIVE,4.63958598,0.014,2.768,8.34E+01,1.52,0.0553,1587,1496.31,28.1,6591,4.024,1.646,12.057
CANDIDATE,15.5943758,0.5,7.367,9.54E+01,1.08,0.1274,801,97.35,11.9,6249,4.428,1.076,14.456
CONFIRMED,34.4359387,0.017,5.82,4.25E+02,2.78,0.2194,652,42.68,52.6,5929,4.243,1.363,12.674
CONFIRMED,5.317440164,0.72,2.9331,2.93E+02,1.94,0.059,1105,351.52,80.9,5923,4.377,1.054,12.324
CONFIRMED,10.10575764,0.828,2.0138,1.17E+02,1.28,0.0905,892,149.4,19.9,5923,4.377,1.054,12.324
CONFIRMED,28.86236571,0.778,5.4033,4.49E+02,2.53,0.1789,623,35.56,64.4,5725,4.326,1.088,12.935
CONFIRMED,210.6013843,0.002,11.9922,4.16E+03,7.7,0.7133,342,3.22,232.4,5970,4.317,1.2,13.804
CANDIDATE,75.731195,0.9,4.859,2.50E+03,3.47,0.2966,237,0.74,16.3,3891,4.718,0.564,16.279
CONFIRMED,59.7371443,0.005,8.0006,5.66E+02,2.84,0.308,520,17.26,43.5,5970,4.317,1.2,13.804
FALSE POSITIVE,3.388887193,0.387,2.4475,1.13E+04,10.72,0.0442,1212,511.3,162.9,5780,4.438,1,13.513
CONFIRMED,27.08239734,0.915,5.0119,4.23E+02,3.25,0.1762,703,57.77,40.9,5857,4.204,1.305,13.77
CANDIDATE,152.1060435,0.878,7.4517,3.69E+03,11.58,0.5859,458,10.36,116.3,6200,4.072,1.64,13.374
CONFIRMED,30.6528935,0.682,4.99,2.70E+02,2.86,0.2014,780,87.69,17.4,6200,4.072,1.64,13.374
FALSE POSITIVE,0.512869432,1.263,4.015,2.31E+03,31.12,0.0125,2185,5384.53,133.9,5853,4.529,0.895,16.095
CONFIRMED,5.19492747,0.093,3.167,2.73E+02,2.03,0.064,1238,554.37,16.5,6415,4.374,1.224,15.598
CONFIRMED,15.9314412,0.604,2.435,5.57E+02,1.77,0.1143,596,29.83,14.8,5380,4.616,0.721,15.688
FALSE POSITIVE,1.33251589,0.53,4.216,1.41E+02,1.3,0.0221,1747,2207.85,22.2,5701,4.291,1.068,15.255
CONFIRMED,28.227413,0.025,5.782,1.11E+03,2.82,0.1778,565,24.03,25.3,5858,4.553,0.849,15.873
FALSE POSITIVE,0.545544979,0.604,1.954,9.26E+01,0.93,0.0131,2240,5913.74,24.8,6050,4.509,0.92,14.914
FALSE POSITIVE,419.9750784,0.68,12.1687,2.75E+02,1.53,1.0328,215,0.51,5.9,5316,4.477,0.872,14.427
CONFIRMED,4.76559056,0.14,2.2,6.75E+01,0.92,0.0522,1167,439.42,15.2,5702,4.258,1.125,12.994
CONFIRMED,2.98618134,0.249,2.969,1.23E+02,1.16,0.042,1356,798.35,12,6173,4.447,1.041,15.33
FALSE POSITIVE,25.9200092,0.054,5.609,3.31E+02,1.28,0.1574,515,16.59,10.9,5517,4.631,0.704,15.406
CONFIRMED,6.17817366,0.775,3.2601,1.02E+02,1.22,0.0643,1082,324.69,43.5,5931,4.322,1.101,11.818
FALSE POSITIVE,2.04516705,0.74,3.625,1.55E+02,2.9,0.041,2945,17791.98,16.5,9206,4.112,2.157,14.978
CANDIDATE,7.25101997,0.314,2.799,1.23E+02,0.91,0.0716,807,100.18,12.2,5382,4.571,0.827,14.477
CONFIRMED,5.65178922,0.906,3.0933,1.34E+02,2.03,0.0676,1248,574.71,39.5,6085,4.218,1.463,12.182
CONFIRMED,19.96367208,0.846,2.6403,2.71E+02,1.5,0.1333,564,23.88,36.3,5250,4.541,0.79,12.713
CANDIDATE,57.3840375,0.954,4.336,2.42E+02,1.62,0.2694,397,5.85,22.9,5250,4.541,0.79,12.713
CONFIRMED,1.541676547,0.362,1.9118,2.97E+02,1.88,0.0256,1592,1517.84,94.1,5533,4.337,1.089,12.899
FALSE POSITIVE,6.397185875,0.755,5.8638,1.89E+04,15.02,0.0676,981,218.59,394.7,5780,4.438,1,13.133
FALSE POSITIVE,2.976020742,0.721,3.73,1.15E+02,2.07,0.0408,1740,2169.16,60.6,5947,3.939,1.796,12.302
CONFIRMED,15.95995611,0.526,4.3149,5.23E+02,2.27,0.1272,721,63.95,70.9,5936,4.501,0.965,13.235
CONFIRMED,7.37867551,0.513,3.349,1.25E+02,1.11,0.0761,933,178.68,22.3,5936,4.501,0.965,13.235
CONFIRMED,4.903321801,0.016,2.8887,3.35E+02,2.37,0.0594,1247,570.65,84.5,6045,4.276,1.298,13.174
CONFIRMED,1.82708193,0.033,1.96401,1.16E+03,5.95,0.0276,1877,2925.17,273.7,5311,3.864,1.769,13.807
FALSE POSITIVE,22.84524104,0.617,5.3007,4.57E+04,30.35,0.1589,762,79.78,3845.4,5926,4.187,1.351,13.883
CANDIDATE,2.5738437,0.044,1.92,4.66E+01,0.57,0.0341,1129,384.24,10.9,5115,4.477,0.854,13.632
FALSE POSITIVE,18.3980827,0.587,4.438,1.45E+02,1.26,0.1319,686,52.31,17.2,5605,4.381,1.015,14.168
CONFIRMED,11.62904159,0.925,2.97,8.80E+01,1.31,0.0987,854,125.89,13.7,5721,4.307,1.131,13.256
FALSE POSITIVE,13.6550963,0.235,4.117,1.96E+02,1.35,0.1132,780,87.46,14.6,6065,4.487,0.962,14.818
CONFIRMED,27.50871575,0.577,5.9291,6.39E+02,2.98,0.1754,663,45.66,190.3,5903,4.304,1.137,11.529
CONFIRMED,20.0708757,0.643,6.354,4.06E+02,3.2,0.1502,826,110.19,12.8,5902,4.128,1.513,14.935
CONFIRMED,98.353149,0.906,24.708,4.23E+02,4.13,0.439,552,21.96,30.5,6366,4.045,1.697,13.659
CANDIDATE,10.18318233,0.449,3.137,5.15E+01,0.79,0.0958,867,133.56,11.2,5843,4.421,1.084,12.857
CANDIDATE,6.2321233,0.32,2.85,3.17E+01,0.61,0.0691,1021,256.72,8.5,5843,4.421,1.084,12.857
CANDIDATE,8.2942929,0.006,3.976,3.68E+01,0.65,0.0836,928,175.39,10.1,5843,4.421,1.084,12.857
FALSE POSITIVE,1.540411479,0.781,1.703,1.07E+02,0.92,0.0252,1446,1029.25,12.1,5769,4.57,0.812,14.991
FALSE POSITIVE,3.74785358,0.468,3.713,9.82E+01,0.89,0.047,1093,337.14,18.8,5706,4.537,0.886,14.323
CONFIRMED,25.75274977,0.516,2.7678,7.39E+02,2.27,0.1578,501,14.88,36.7,4963,4.501,0.826,14.55
CONFIRMED,10.16102353,0.716,3.1627,1.65E+03,4.62,0.0918,904,157.97,111.1,6032,4.387,1.06,14.633
CANDIDATE,12.82993461,0.594,2.942,1.42E+03,3.31,0.1049,734,68.41,79.6,5862,4.555,0.844,14.406
CONFIRMED,49.41121127,0.885,5.278,3.18E+03,6.77,0.2655,497,14.48,125.4,5768,4.434,1.015,15
CONFIRMED,36.8567758,0.05,7.495,7.14E+02,2.68,0.2184,549,21.4,43.8,5768,4.434,1.015,15
FALSE POSITIVE,35.080928,0.712,6.92,1.01E+02,1.21,0.2128,610,32.63,7.6,6007,4.353,1.126,14.089
CONFIRMED,10.39986173,0.757,3.377,2.75E+02,1.5,0.0862,678,49.86,22.8,4963,4.501,0.826,14.859
FALSE POSITIVE,0.828206212,0.615,1.737,1.32E+02,3.88,0.0198,3274,27125.5,68.1,5812,3.598,3.227,11.743
CONFIRMED,24.31574009,0.653,4.1344,6.43E+02,2.8,0.17,683,51.53,42.5,6242,4.442,1.047,14.686
FALSE POSITIVE,199.443024,0.932,7.409,4.04E+03,9.3,0.6501,332,2.86,55.1,5646,4.278,1.153,14.546
CONFIRMED,39.6766071,0.639,5.04,6.11E+02,2.29,0.2122,473,11.85,24.9,5244,4.449,0.888,14.405
FALSE POSITIVE,358.66044,0.062,16.732,1.34E+02,1.62,0.9354,304,2.02,15.6,5619,4.07,1.406,11.443
CONFIRMED,4.454194254,0.479,2.3061,1.60E+04,11.76,0.0495,1017,252.22,1022.2,5359,4.425,0.915,14.995
CANDIDATE,809.0141881,0.717,8.3017,1.63E+04,14.38,1.6988,216,0.51,212.9,6230,4.397,1.047,14.74
CONFIRMED,21.0871953,0.065,5.92691,8.89E+03,14.43,0.1527,873,137.06,556.2,6266,4.101,1.522,14.327
FALSE POSITIVE,1.575631524,1.065,2.59202,2.56E+04,28.66,0.0258,1577,1464.43,465.4,6202,4.537,0.858,14.731
CONFIRMED,6.09855603,0.21,2.9815,8.44E+01,0.84,0.0626,927,174.3,24.8,5465,4.449,0.925,12.498
FALSE POSITIVE,203.250506,0.336,9.81,2.39E+02,1.35,0.626,292,1.71,7,5600,4.455,0.872,15.204
CONFIRMED,16.54295261,0.329,3.8516,7.26E+02,2.31,0.1229,611,32.94,36.1,5215,4.518,0.867,14.687
CONFIRMED,11.0234748,0.724,1.4814,1.80E+03,2.46,0.0794,429,8.04,77.2,3744,4.718,0.537,14.273
CONFIRMED,34.18884323,0.065,5.3278,1.06E+03,2.97,0.1981,526,18.05,83.9,5515,4.453,0.925,14.106
CONFIRMED,4.30165843,0.547,2.1055,7.39E+02,2.42,0.0497,1009,244.48,88.3,5480,4.509,0.865,14.332
CONFIRMED,7.650243513,0.014,2.752,9.81E+02,2.3,0.0713,772,83.86,98.8,5409,4.609,0.746,14.701
CANDIDATE,2.47240869,0.319,1.87,4.75E+01,0.36,0.0291,887,145.69,9,4729,4.726,0.525,13.831
CONFIRMED,4.592393816,0.02,2.2748,1.03E+03,2.51,0.0519,924,172.6,105.9,5351,4.582,0.796,14.868
CANDIDATE,11.53029332,0.027,1.8385,1.21E+03,3.98,0.098,873,137.08,57.6,5770,4.289,1.152,14.539
CONFIRMED,5.859935955,0.049,4.0185,3.23E+02,2.56,0.0682,1246,569.5,186.7,6181,4.22,1.424,11.018
CONFIRMED,2.104721971,0.001,1.7547,9.06E+02,2.89,0.0331,1365,821.44,153.3,5703,4.498,0.975,14.427
FALSE POSITIVE,10.63624422,0.978,5.055,2.32E+02,1.58,0.0898,756,77.02,24.7,5834,4.591,0.774,14.433
CANDIDATE,7.9069765,0.038,4.634,1.26E+02,1.13,0.0791,994,230.28,8.3,6347,4.464,0.996,15.372
CONFIRMED,6.412512953,0.553,5.2677,1.16E+03,3.89,0.0685,1069,308.76,183.1,6026,4.366,1.108,14.684
CONFIRMED,2.019997006,0.502,1.8073,3.33E+02,1.46,0.0293,1166,437.85,52.1,5103,4.562,0.787,14.137
CONFIRMED,3.763041531,0.76,1.6011,3.55E+02,1.63,0.0444,948,190.67,37.9,5103,4.562,0.787,14.137
CONFIRMED,6.521209629,0.514,2.7975,7.60E+02,2.54,0.0682,932,178.27,69.8,5822,4.529,0.898,14.856
CONFIRMED,6.996926239,0.022,2.7374,1.32E+03,3.21,0.0719,888,147.07,101.6,5713,4.541,0.893,14.807
CANDIDATE,13.9509565,0.467,5.231,3.57E+01,0.75,0.1148,849,122.88,11.2,5888,4.275,1.227,12.4
FALSE POSITIVE,5.428344915,0.911,1.8931,1.38E+04,14.88,0.062,1033,269.19,140.2,5936,4.501,0.965,14.694
CANDIDATE,16.30141333,0.786,3.5764,9.42E+02,3.84,0.1261,805,99.08,62.4,6072,4.328,1.138,14.733
CONFIRMED,24.61480613,0.435,2.6602,1.80E+03,4.2,0.1575,586,27.93,68.4,5312,4.384,0.986,14.621
CONFIRMED,42.949522,0.013,5.4154,9.59E+02,2.98,0.2283,487,13.29,40.7,5312,4.384,0.986,14.621
CONFIRMED,117.033521,0.188,6.822,7.70E+02,2.68,0.4453,349,3.49,21.9,5312,4.384,0.986,14.621
FALSE POSITIVE,386.39833,0.287,8.519,7.48E+02,2.2,0.9651,214,0.49,4.9,5284,4.523,0.812,15.399
CONFIRMED,1.55400389,0.016,1.7664,4.66E+02,1.59,0.0246,1313,704.5,82.1,5409,4.609,0.746,14.701
CONFIRMED,34.25951418,0.008,4.7743,1.07E+03,2.41,0.1937,468,11.36,66.1,5409,4.609,0.746,14.701
FALSE POSITIVE,23.8761144,0.014,9.3113,1.61E+03,10.45,0.2237,1481,1135.6,225.5,9974,4.048,2.533,11.409
FALSE POSITIVE,4.99270186,1.232,3.1008,5.57E+02,26.6,0.0549,1051,288.29,42.3,5724,4.429,0.951,14.917
CONFIRMED,4.79860021,0.594,3.0384,8.17E+02,2.51,0.0546,978,216.54,88.1,5631,4.557,0.847,14.675
FALSE POSITIVE,7.7333361,0.084,2.807,1.27E+02,0.57,0.062,479,12.41,9.3,3780,4.746,0.511,15.108
CONFIRMED,9.57665962,0.043,3.3603,7.47E+02,2.88,0.0848,846,121.26,82.6,5386,4.322,1.076,14.598
CONFIRMED,96.6781852,0.336,5.6957,9.51E+02,3.29,0.3962,392,5.55,44.7,5386,4.322,1.076,14.598
CONFIRMED,20.55280311,0.568,2.2013,7.27E+02,2.99,0.1411,656,43.8,42.4,5386,4.322,1.076,14.598
FALSE POSITIVE,2.023123903,0.026,1.1829,1.29E+03,2.87,0.0301,1266,608.26,76,5559,4.578,0.803,14.977
CONFIRMED,10.94026745,0.595,2.3494,5.39E+02,2.08,0.0952,764,80.52,30.6,5749,4.547,0.864,14.909
CONFIRMED,19.5352551,0.702,1.013,1.73E+03,0.53,0.0649,161,0.16,5.9,2703,5.274,0.118,17.131
CANDIDATE,3.687469832,0.919,1.0668,5.06E+03,5.78,0.0397,690,53.6,363.9,4004,4.659,0.606,14.418
CONFIRMED,151.863949,0.016,8.577,7.47E+02,2.41,0.5594,318,2.43,22.5,5713,4.541,0.893,14.807
CONFIRMED,5.945043548,0.763,2.7004,8.00E+02,2.69,0.0599,857,127.64,67.6,5105,4.469,0.868,14.808
CONFIRMED,65.7045275,0.663,3.3104,6.36E+02,2.78,0.3192,472,11.72,70.4,5918,4.403,1.043,11.667
CONFIRMED,17.73842886,0.845,3.0049,6.06E+02,2.47,0.1241,596,29.74,29.8,5105,4.469,0.868,14.808
CANDIDATE,84.799829,0.795,15.21,5.61E+01,1.16,0.3576,491,13.79,14.4,5619,4.07,1.406,11.443
CONFIRMED,9.93962361,0.934,3.432,3.00E+02,1.93,0.0844,722,64.29,21.5,5105,4.469,0.868,14.808
CONFIRMED,6.8731664,0.055,6.8569,3.75E+03,13.44,0.0813,1482,1140.56,535.5,6490,3.942,2.179,14.588
CONFIRMED,8.600099313,0.048,4.0077,2.79E+03,4.17,0.0747,760,78.72,209.2,5246,4.501,0.805,14.486
CONFIRMED,12.37646897,0.468,2.7075,1.71E+03,2.53,0.0893,483,12.87,81.2,4200,4.664,0.607,14.897
CANDIDATE,9.340538,0.074,2.57,2.01E+02,0.84,0.0741,530,18.69,11.1,4200,4.664,0.607,14.897
CONFIRMED,330.071558,0.681,4.295,6.17E+02,2.94,0.9342,286,1.58,10.6,5933,4.342,1.115,13.956
CONFIRMED,18.87022157,0.013,3.1404,1.10E+03,2.82,0.1274,621,35.13,72.7,5402,4.452,0.865,14.262
CONFIRMED,19.5776073,0.049,3.382,9.81E+01,0.9,0.1362,628,36.82,17.2,5465,4.449,0.925,12.498
CONFIRMED,17.20522898,0.012,3.6688,1.08E+03,2.22,0.1192,553,22.05,75.7,5211,4.643,0.689,14.472
FALSE POSITIVE,17.90766147,0.978,5.396,1.09E+03,4.89,0.1368,731,67.59,78.4,6153,4.471,0.993,14.162
CONFIRMED,22.18332255,0.024,5.1364,7.48E+02,2.78,0.1486,646,41.24,70.3,5565,4.361,1.03,14.118
FALSE POSITIVE,354.78194,1.17,6.46,1.93E+02,30.53,0.947,325,2.62,7.7,5798,4.025,1.525,13.037
CONFIRMED,7.65880048,0.017,3.0427,6.68E+02,2.19,0.0723,858,128.18,57.6,5657,4.508,0.855,14.528
CONFIRMED,9.3789167,0.671,3.3427,5.64E+02,2.03,0.0788,803,98.22,42.6,5684,4.493,0.808,14.72
CONFIRMED,4.221626193,0.847,3.0619,6.58E+02,2.87,0.052,1176,453.2,83.7,6123,4.472,0.987,14.708
CONFIRMED,16.54967098,0.88,4.3808,7.45E+02,2.95,0.1196,656,43.72,46.8,5372,4.434,0.916,14.68
CONFIRMED,2.154911236,0.113,3.1341,9.97E+01,1.42,0.035,1740,2162.35,83,6181,4.22,1.424,11.018
CANDIDATE,11.505879,0.029,5.583,4.98E+01,0.99,0.1096,1000,236.35,12.5,6336,4.266,1.403,12.885
CONFIRMED,3.52467888,0.976,2.484,1.30E+02,1.46,0.0426,1098,344.61,12.3,5372,4.434,0.916,14.68
CONFIRMED,6.400157105,0.898,2.0004,7.43E+02,2.52,0.0638,810,101.72,49.1,5299,4.597,0.766,14.613
CONFIRMED,2.437029217,0.014,3.2005,2.44E+02,2.04,0.0351,1513,1237.66,49,5573,4.177,1.329,14.573
CONFIRMED,9.9267215,0.625,3.8428,7.26E+02,2.76,0.0888,803,98.34,97.3,5475,4.43,0.982,14.129
CONFIRMED,21.22349325,0.794,4.9416,5.83E+02,2.63,0.1474,623,35.69,60.2,5475,4.43,0.982,14.129
CONFIRMED,6.47027706,0.732,3.343,1.17E+02,1.15,0.0668,926,173.79,18.3,5475,4.43,0.982,14.129
CONFIRMED,3.722158895,0.644,1.9941,7.57E+02,2.33,0.0452,1046,283.28,70.3,5617,4.574,0.806,14.911
CONFIRMED,46.9026431,0.645,3.9264,8.21E+02,2.6,0.2337,458,10.44,40.6,5402,4.452,0.865,14.262
CONFIRMED,5.263415218,0.853,2.1446,1.03E+03,3.77,0.0612,1103,349.4,117,6099,4.456,1.028,14.279
CONFIRMED,4.030466786,0.033,2.7734,2.91E+03,4.48,0.0484,970,209.11,227.4,5234,4.542,0.854,14.924
FALSE POSITIVE,9.27989,0.579,3.33,1.64E+02,1.29,0.0857,897,152.86,8.6,6052,4.456,0.967,15.28
CONFIRMED,328.240201,0.75,12.2726,1.39E+04,10.99,0.9084,224,0.59,287.6,5234,4.542,0.854,14.924
FALSE POSITIVE,22.26480657,0.75,8.7941,1.94E+04,12.34,0.1489,585,27.79,873.4,5681,4.566,0.813,14.626
FALSE POSITIVE,2.217038096,0.754,1.8575,5.44E+02,3.23,0.0367,1697,1956.29,49.5,6521,4.352,1.276,14.613
FALSE POSITIVE,8.874603,0.1897,2.88,9.33E+01,1.24,0.0923,1070,309.5,5.4,6517,4.349,1.278,14.613
CONFIRMED,4.393157678,0.102,2.4455,4.47E+02,1.41,0.0477,807,99.9,63,4799,4.631,0.692,14.023
FALSE POSITIVE,251.7512,0.943,4.314,1.14E+02,1.25,0.7703,272,1.29,7.5,5640,4.492,0.921,12.623
CONFIRMED,16.14567193,0.75,3.7236,9.41E+02,2.48,0.1162,546,20.98,242.7,4900,4.602,0.741,11.492
CONFIRMED,1071.232624,0.216,16.1784,1.90E+04,9.27,1.86,129,0.07,544.2,4799,4.631,0.692,14.023
CONFIRMED,2.735900074,0.189,1.9359,4.29E+02,1.56,0.0362,1075,315.95,44.5,5299,4.597,0.766,14.613
CONFIRMED,5.852968845,0.316,4.5973,1.15E+03,3.46,0.0647,1056,293.93,152.4,6050,4.45,1.013,14.434
CONFIRMED,81.1701587,0.875,8.358,1.18E+03,4.71,0.3554,436,8.55,51,5460,4.263,1.165,14.499
FALSE POSITIVE,371.17573,0.781,8.2,1.34E+02,4.07,1.374,610,32.64,12.1,9030,3.822,3.218,11.471
CONFIRMED,2.820190603,0.614,2.554,4.68E+02,2.53,0.0397,1367,824.92,64.2,5831,4.359,1.121,14.665
CONFIRMED,21.21712312,0.89,5.89,6.36E+02,2.97,0.1508,706,58.63,56.2,6191,4.438,1.007,14.56
FALSE POSITIVE,200,,7.27,,,,,,,,,,14.133
CONFIRMED,15.77980122,0.025,4.0369,5.41E+02,2.11,0.1232,713,60.96,39.4,5941,4.519,0.911,14.608
CONFIRMED,14.03490255,0.66,3.638,8.52E+02,2.41,0.1027,641,39.97,60.9,5258,4.513,0.785,14.574
CONFIRMED,10.35586478,0.178,2.8431,6.61E+02,1.92,0.085,620,34.93,49.5,4646,4.539,0.778,14.337
CONFIRMED,22.34296483,0.031,6.66405,5.61E+03,9.99,0.1607,785,89.61,1118.9,6181,4.234,1.331,12.205
CONFIRMED,11.38840217,0.243,3.6949,4.38E+02,3.04,0.1022,979,216.55,34.7,5876,4.151,1.456,14.615
CONFIRMED,20.5498184,0.649,5.5484,1.56E+03,4.04,0.1415,657,44.11,123.1,5688,4.415,0.971,14.534
CANDIDATE,934.0941846,0.4948,17.489,8.71E+03,7.89,1.8164,177,0.23,135.5,5937,4.559,0.832,14.534
CANDIDATE,199.8392053,0.811,4.378,4.45E+04,21.48,0.6632,276,1.36,590.6,5457,4.548,0.869,14.74
FALSE POSITIVE,17.4217322,0.415,4.718,2.08E+02,1.42,0.1305,727,65.92,9.3,6052,4.456,0.967,15.28
CANDIDATE,15.84132627,0.891,1.8215,3.11E+04,16.84,0.1084,575,25.77,135.8,5119,4.575,0.702,14.497
CONFIRMED,5.931196562,0.886,2.4999,1.01E+03,2.01,0.0528,562,23.5,90.5,3984,4.72,0.539,14.258
CONFIRMED,0.837491225,0.022,1.796,1.90E+02,1.43,0.0167,1980,3630.32,189.5,5676,4.347,1.044,10.961
CONFIRMED,7.40611676,0.077,2.8826,4.18E+02,1.37,0.0675,678,49.89,49.6,4799,4.631,0.692,14.023
CONFIRMED,21.803708,0.568,3.369,2.46E+02,1.11,0.1387,473,11.82,18.5,4799,4.631,0.692,14.023
FALSE POSITIVE,4.66229074,1.197,3.73,3.45E+02,24.12,0.0562,1166,437.35,29.8,6191,4.454,1.025,14.367
CONFIRMED,29.9111886,0.041,6.6436,9.42E+02,2.9,0.179,541,20.31,50.8,5275,4.397,0.969,14.424
FALSE POSITIVE,2.908453928,1.195,2.5363,4.28E+02,19.44,0.0385,1181,459.47,40.4,5786,4.558,0.824,14.722
CONFIRMED,25.69581456,0.68,4.0251,1.13E+03,1.7,0.1348,314,2.3,45.1,3787,4.775,0.477,14.885
FALSE POSITIVE,25.70280003,1.27,3.1644,5.62E+03,33.1,0.1571,562,23.68,67.9,5532,4.488,0.835,14.917
CONFIRMED,13.64617478,0.115,3.4098,6.33E+02,2.06,0.1089,678,49.89,43.4,5569,4.566,0.829,14.748
CONFIRMED,3.213668926,0.021,3.98235,7.28E+02,4.13,0.044,1515,1244.44,346.9,5795,4.101,1.545,12.211
CONFIRMED,8.13121389,0.622,4.2386,1.12E+02,1.58,0.0848,1117,368.36,55.3,6181,4.22,1.424,11.018
CONFIRMED,41.8854433,0.917,6.763,6.87E+02,3.28,0.2259,540,20.05,47,5735,4.356,1.028,14.35
CONFIRMED,13.81733587,0.967,4.261,2.23E+02,2.04,0.1078,781,88.04,20.4,5735,4.356,1.028,14.35
CONFIRMED,52.8148051,0.002,7.309,5.54E+02,3.33,0.2746,562,23.57,27.4,5565,4.117,1.439,14.915
CONFIRMED,8.30783912,0.019,3.1516,7.78E+02,2.15,0.0768,751,75.09,66.4,5320,4.589,0.786,14.813
CONFIRMED,34.0963441,0.386,3.896,4.73E+02,1.71,0.1969,469,11.42,21.5,5320,4.589,0.786,14.813
CONFIRMED,6.45442931,0.749,2.6772,5.86E+02,2.48,0.0683,999,234.98,45.3,6092,4.496,0.943,14.854
CONFIRMED,3.595769013,0.496,3.1569,3.84E+02,2.39,0.046,1296,666.88,45.9,5762,4.283,1.196,14.827
CONFIRMED,52.6615266,0.682,3.1592,1.08E+03,1.87,0.2262,271,1.28,38.4,3984,4.72,0.539,14.258
CONFIRMED,1.902208647,0.116,2.19877,2.34E+03,4.45,0.0293,1346,778.26,363.2,5400,4.463,0.937,14.313
CANDIDATE,20.605501,0.705,3.793,3.71E+01,0.85,0.1459,806,99.53,11.1,6099,4.193,1.308,11.049
CONFIRMED,15.90688891,0.014,3.9879,9.25E+02,2.35,0.1164,588,28.32,75,5097,4.554,0.797,14.172
CONFIRMED,4.973455252,0.817,1.6519,7.42E+02,2.46,0.0536,867,133.55,65.4,5097,4.554,0.797,14.172
FALSE POSITIVE,30.5528972,1.216,5.269,8.65E+02,30.74,0.1948,670,47.63,35.6,6284,4.349,1.138,14.532
FALSE POSITIVE,4.804469031,0.979,3.4587,7.44E+02,3.35,0.0519,953,194.68,67.3,5470,4.528,0.809,14.873
CONFIRMED,1.616883373,0.856,1.6325,4.37E+02,4.47,0.0266,1774,2342.49,43.9,4868,3.902,1.816,14.411
CANDIDATE,9.5539134,0.142,5.261,2.68E+01,0.68,0.0947,1012,247.86,13.1,6175,4.299,1.307,11.714
CONFIRMED,13.19322809,0.005,5.0036,5.86E+02,2.94,0.1133,862,130.35,50.9,5946,4.309,1.223,14.606
CONFIRMED,10.31174786,0.747,3.1818,2.76E+02,1.34,0.0862,634,38.13,81.7,4900,4.602,0.741,11.492
CONFIRMED,4.42535097,0.177,3.504,1.79E+02,1.63,0.0547,1240,559.22,22.1,5946,4.309,1.223,14.606
CONFIRMED,4.302139338,0.652,2.0289,7.47E+02,2.46,0.0482,937,182.7,65.5,5041,4.479,0.857,14.707
CONFIRMED,3.137845914,0.454,1.91,3.06E+02,1.5,0.0391,1041,277.64,30.8,5041,4.479,0.857,14.707
CANDIDATE,6.77067637,0.127,5.982,6.58E+01,1.9,0.0812,1499,1193.45,19.6,6337,3.893,2.335,11.915
FALSE POSITIVE,3.74782314,1.202,5.133,4.23E+02,25.59,0.0495,1253,583.52,53.8,6161,4.454,1.053,14.763
FALSE POSITIVE,1.09173174,0.334,1.9719,1.87E+02,1.07,0.0199,1488,1153.1,32.2,5354,4.587,0.788,14.689
CONFIRMED,20.68420772,0.488,6.4415,8.59E+02,3.28,0.1559,729,66.83,59.6,6246,4.433,1.092,14.896
CONFIRMED,50.6985408,0.137,5.972,6.11E+02,3.58,0.2765,595,29.58,30.1,5876,4.151,1.456,14.615
FALSE POSITIVE,2.9926465,0.319,1.81,1.06E+02,0.89,0.0401,1170,443.12,16.1,5718,4.549,0.863,14.396
CANDIDATE,0.589376952,0.491,1.71,8.07E+01,0.93,0.0138,2162,5161.1,11.4,5714,4.428,1.015,15.367
CONFIRMED,39.7529915,0.046,4.9641,5.49E+02,2.37,0.2249,568,24.54,40.9,6072,4.411,1.01,14.292
CONFIRMED,9.99760285,0.851,3.4423,6.39E+02,2.82,0.0927,860,129.18,39,6004,4.484,0.977,14.957
CONFIRMED,90.4117992,0.849,7.106,1.27E+03,3.96,0.4024,413,6.86,35.4,6004,4.484,0.977,14.957
CONFIRMED,13.54057461,0.18,4.4673,4.61E+02,2.17,0.1081,779,87.1,53.3,5767,4.389,1.014,14.002
CONFIRMED,1.732346403,0.184,2.2139,1.82E+02,1.37,0.0275,1546,1345.92,41.2,5767,4.389,1.014,14.002
CANDIDATE,1.74610057,0.032,1.299,5.42E+01,1.24,0.0281,1689,1924.75,9.2,4854,3.939,1.749,13.884
CONFIRMED,7.0257409,0.812,2.245,1.91E+02,1.56,0.0698,969,208.92,21.2,5767,4.389,1.014,14.002
CONFIRMED,16.21774917,0.336,4.9274,7.58E+02,2.22,0.1201,664,45.87,80.3,5837,4.577,0.798,14.2
CONFIRMED,11.72291212,0.012,4.2064,4.92E+02,2.08,0.0973,766,81.46,58.8,5550,4.431,0.953,14.112
FALSE POSITIVE,8.661374,0.6469,2.972,1.60E+02,1.32,0.084,945,188.16,4.7,6250,4.472,0.986,14.66
CONFIRMED,9.66857386,0.8,2.4656,4.12E+02,1.9,0.0854,730,67.06,36.9,5288,4.541,0.836,14.272
CONFIRMED,7.053527145,0.172,2.3982,1.48E+03,2.16,0.0602,547,21.17,92.3,4041,4.697,0.567,14.804
CONFIRMED,9.521644639,0.023,2.3569,1.49E+03,2.16,0.0735,495,14.2,79.2,4041,4.697,0.567,14.804
CONFIRMED,3.072146607,0.032,1.8732,5.39E+02,1.3,0.0346,722,64.09,44.9,4041,4.697,0.567,14.804
CONFIRMED,4.645382149,0.154,2.0271,5.66E+02,1.33,0.0456,629,36.9,40.4,4041,4.697,0.567,14.804
CONFIRMED,9.82578495,0.888,5.2498,4.33E+02,2.66,0.0949,935,180.36,38.1,6246,4.433,1.092,14.896
CONFIRMED,25.30291816,0.04,4.4903,2.11E+03,3.95,0.1582,535,19.39,117.7,5121,4.457,0.888,14.773
CONFIRMED,21.30020491,0.075,4.0852,6.60E+02,2.99,0.156,725,65.37,58.1,6008,4.35,1.168,14.02
CONFIRMED,289.864067,0.856,7.565,5.29E+02,2.34,0.7961,257,1.03,57.4,5516,4.446,0.886,11.664
FALSE POSITIVE,10.29767658,1.194,6.649,6.56E+02,39.14,0.0963,1022,258.09,57,5671,4.075,1.608,14.565
CONFIRMED,51.0674355,0.482,4.374,5.98E+02,2.44,0.2749,499,14.69,18.7,6004,4.484,0.977,14.957
FALSE POSITIVE,199.9976349,,3.43,,,,,,,,,,14.949
CONFIRMED,1.682695938,0.025,1.3867,7.04E+02,1.23,0.0219,750,74.7,75.4,3669,4.787,0.47,14.818
CONFIRMED,17.30795548,0,5.1126,6.33E+02,3.56,0.1305,815,104.37,46.4,5565,4.117,1.439,14.915
CONFIRMED,10.42367744,0.005,5.2257,7.77E+02,3.72,0.0967,1012,247.48,204.4,6181,4.234,1.331,12.205
CONFIRMED,2.09227115,0.271,2.4062,2.08E+02,2.06,0.0319,1648,1746.66,30,5565,4.117,1.439,14.915
CONFIRMED,45.29422297,0.025,6.83,4.77E+02,2.26,0.2388,524,17.75,134.8,5676,4.347,1.044,10.961
FALSE POSITIVE,260.2071733,,6.59,,,,,,,,,,14.707
CONFIRMED,16.70920628,0.855,2.7052,8.40E+02,2.27,0.1112,500,14.73,40.4,4621,4.605,0.668,14.427
CONFIRMED,28.55158187,0.623,4.1502,8.08E+02,1.97,0.1589,418,7.21,36,4621,4.605,0.668,14.427
FALSE POSITIVE,4.045057186,1.292,2.9954,7.53E+02,30.33,0.0465,1126,381.17,62.2,5906,4.473,0.87,14.865
CONFIRMED,10.13958818,0.078,2.6446,1.16E+03,1.68,0.0739,447,9.41,40.3,3893,4.758,0.5,14.902
CONFIRMED,43.5859419,0.011,4.6814,1.71E+03,2.05,0.1953,275,1.35,38.9,3893,4.758,0.5,14.902
CONFIRMED,0.986785834,0.026,1.1879,4.50E+02,1.19,0.0162,1054,292.35,51.5,4041,4.697,0.567,14.804
CANDIDATE,24.7962801,0.01,8.33,5.74E+02,2.7,0.1677,664,45.92,43.6,5770,4.333,1.141,14.612
FALSE POSITIVE,5.91037674,0.123,3.421,2.57E+02,1.38,0.0584,937,182.47,34.5,5515,4.443,0.867,14.276
CONFIRMED,27.4536146,0.765,3.747,1.36E+02,0.95,0.1655,457,10.34,27.5,4900,4.602,0.741,11.492
CONFIRMED,8.22241355,0.246,2.71,1.47E+03,2.28,0.0683,558,22.86,67,4213,4.658,0.615,15
FALSE POSITIVE,0.635587392,1.151,4.7,1.48E+02,28.58,0.015,2587,10637.41,40.9,5671,4.075,1.608,14.565
CONFIRMED,13.02363236,0.032,3.9734,6.07E+02,2.3,0.1056,743,71.85,50.5,5627,4.453,0.945,14.07
CONFIRMED,11.6370303,0.066,3.3372,6.04E+02,2.9,0.0987,857,127.46,36.4,5576,4.257,1.198,14.943
CANDIDATE,6.93650854,0.331,3.674,8.87E+01,1.51,0.0786,1305,687.21,11.3,6615,4.173,1.574,12.209
CONFIRMED,5.68798675,0.663,2.2682,4.76E+02,2.76,0.0613,1088,330.44,33,5576,4.257,1.198,14.943
FALSE POSITIVE,3.055171082,1.204,1.6798,8.67E+03,35.24,0.0405,1358,804.33,143.2,6237,4.426,0.987,14.741
CONFIRMED,5.40426917,0.229,2.5315,8.61E+02,2.85,0.0611,1073,312.93,40.5,6122,4.487,0.964,14.697
CONFIRMED,11.67894236,0.94,1.2641,1.19E+03,4.17,0.1021,830,112.07,23.1,6122,4.487,0.964,14.697
CONFIRMED,1.208462378,0.831,1.544,2.27E+02,1.64,0.0225,1767,2307.65,17.4,6122,4.487,0.964,14.697
CONFIRMED,2.85188338,0.578,2.666,1.15E+02,1.23,0.0413,1398,903.77,10.1,6123,4.413,1.107,15.649
CONFIRMED,12.91385906,0.845,5.3685,4.88E+02,2.49,0.1053,849,122.66,40.5,6253,4.41,0.997,14.647
CONFIRMED,54.31996151,0.497,8.5858,1.98E+03,6.07,0.2906,584,27.4,291.3,6181,4.234,1.331,12.205
FALSE POSITIVE,252.0792347,1.283,3.9808,5.58E+03,41.07,0.7863,318,2.42,104.1,6348,4.434,1.014,14.183
FALSE POSITIVE,27.04627886,0.962,2.666,9.01E+02,3.54,0.1766,636,38.62,48.8,6332,4.516,0.915,14.173
FALSE POSITIVE,3.723560726,0.954,3.435,5.40E+02,3.46,0.05,1401,910.65,58.9,6535,4.373,1.181,14.93
CANDIDATE,18.3848331,0.711,3.545,1.52E+02,1.15,0.1274,587,27.99,10.3,5083,4.468,0.872,14.685
CONFIRMED,3.705991661,0.623,5.1658,5.01E+02,2.43,0.0469,1281,637.42,100.3,6187,4.409,1.034,14.641
FALSE POSITIVE,5.188671659,0.884,5.0534,5.49E+02,5.2,0.0764,2118,4750.81,331.6,9523,4.205,1.941,10.96
FALSE POSITIVE,2.236100588,1.427,1.8643,2.72E+04,55.59,0.032,1255,586.38,43,5708,4.578,0.795,14.549
CONFIRMED,40.606895,0.494,5.756,6.58E+02,2.67,0.2259,521,17.4,36.3,5538,4.384,1.027,14.56
CONFIRMED,13.76710058,0.806,2.9105,6.85E+02,2.24,0.1046,595,29.55,41.6,5001,4.582,0.76,14.194
CANDIDATE,2.2165905,0.703,1,2.87E+01,0.48,0.0319,1215,515.27,2.8,5397,4.543,0.831,11.799
CONFIRMED,6.1954595,0.647,2.952,2.96E+02,1.37,0.0614,776,85.77,27.1,5001,4.582,0.76,14.194
CONFIRMED,3.25058201,0.684,2.2537,2.18E+02,1.19,0.04,962,202.09,24,5001,4.582,0.76,14.194
CONFIRMED,8.34819209,0.799,2.835,2.89E+02,1.45,0.075,702,57.48,22.1,5001,4.582,0.76,14.194
FALSE POSITIVE,2.399069173,0.649,3.2576,2.87E+02,1.78,0.034,1354,792.76,37.8,5654,4.395,1.001,14.888
CANDIDATE,3.65849707,0.906,2.573,4.40E+03,14.61,0.0485,1583,1486.35,47,5857,3.972,1.822,14.545
FALSE POSITIVE,91.172033,0.005,6.676,3.69E+02,1.58,0.3872,360,3.96,7.3,5552,4.562,0.836,15.927
CONFIRMED,3.701765401,0.713,2.6061,2.88E+02,1.63,0.0438,1050,286.23,35.9,5252,4.442,0.898,14.759
CONFIRMED,86.4943704,0.741,7.471,9.95E+02,3.07,0.3576,367,4.29,42.6,5252,4.442,0.898,14.759
FALSE POSITIVE,5.17968868,1.203,3.7256,1.22E+02,18.91,0.0557,972,211.06,48.4,5761,4.548,0.815,11.871
CONFIRMED,51.84688984,0.681,4.7769,9.64E+03,8.73,0.2607,413,6.9,257.2,5227,4.535,0.838,15.342
CONFIRMED,4.180048081,0.047,2.4479,1.77E+03,3.44,0.0487,957,197.81,124.3,5227,4.535,0.838,15.342
FALSE POSITIVE,68.832195,0.633,3.31,6.78E+02,2.35,0.3212,411,6.71,8.2,5687,4.538,0.86,15.762
CONFIRMED,1.729367077,0.278,1.7442,4.84E+02,1.82,0.027,1284,643.54,44.7,5227,4.535,0.838,15.342
FALSE POSITIVE,5.26640614,0.869,3.6163,5.93E+04,38.05,0.0592,1163,431.87,339.9,5916,4.296,1.175,12.947
FALSE POSITIVE,44.18938922,1.03,6.8151,4.29E+03,14,0.2395,537,19.73,102,6061,4.438,0.968,14.882
CONFIRMED,29.00789166,0.761,5.0274,9.06E+02,2.64,0.1759,498,14.59,44.1,5295,4.566,0.801,14.805
FALSE POSITIVE,47.878243,1.076,4.066,9.10E+02,8.15,0.2192,317,2.38,30.9,4254,4.634,0.624,14.261
CANDIDATE,2.433703498,0.952,0.975,2.58E+02,1.66,0.0337,1112,362.64,10.2,5251,4.592,0.778,15.409
CONFIRMED,13.69942266,0.03,4.3409,1.29E+03,3.85,0.1094,771,83.6,120,5541,4.332,1.089,14.619
CONFIRMED,4.309381978,0.034,2.8977,3.11E+02,1.89,0.0506,1134,390.76,42.3,5541,4.332,1.089,14.619
CONFIRMED,4.9213639,0.026,1.8806,7.61E+02,2.14,0.0532,868,134.02,77.7,5076,4.55,0.799,14.196
CONFIRMED,87.0912594,0.845,7,1.13E+03,2.95,0.3579,321,2.52,41.8,5001,4.582,0.76,14.194
FALSE POSITIVE,1.583160478,0.897,1.1935,7.33E+02,3.27,0.0276,1619,1625.93,97.7,6063,4.476,1.012,14.731
CANDIDATE,7.9788198,0.05,2.874,8.38E+01,0.99,0.0766,927,174.85,8.3,5553,4.33,1.098,14.754
CONFIRMED,18.49234792,0.034,3.4744,1.66E+03,3.34,0.1254,603,31.27,61.4,5289,4.477,0.838,14.915
CONFIRMED,7.930583519,0.559,3.6083,8.26E+02,3.05,0.08,899,154.36,89.9,5674,4.446,1.032,14.387
CONFIRMED,7.07136119,0.658,2.757,6.57E+01,0.63,0.067,719,63.11,22.4,4900,4.602,0.741,11.492
FALSE POSITIVE,9.50150926,1.237,6.852,5.10E+02,25.77,0.0876,843,119.55,34.8,5938,4.518,0.908,14.799
CONFIRMED,15.65563866,0.304,3.9305,9.56E+02,2.55,0.1128,623,35.62,53.2,5185,4.484,0.837,14.97
CANDIDATE,10.52286678,1.12,1.911,1.30E+02,23.26,0.0952,1008,243.72,10.1,5548,4.038,1.614,13.497
CONFIRMED,9.17858526,0.582,2.1945,7.97E+02,2.3,0.0819,753,76.14,50.6,5506,4.584,0.788,14.874
FALSE POSITIVE,4.33144839,0.291,2.58,2.16E+02,1.07,0.0459,939,183.62,17.3,5344,4.55,0.728,14.791
CONFIRMED,23.67513153,0.822,4.647,9.80E+02,2.76,0.1536,528,18.38,32.6,5309,4.588,0.781,14.721
CONFIRMED,29.19899219,0.043,5.1227,2.05E+03,4.15,0.1815,540,20.05,171,5376,4.462,0.94,14.001
CONFIRMED,160.0191598,0.852,5.472,1.55E+03,4.28,0.5642,306,2.08,49.6,5376,4.462,0.94,14.001
FALSE POSITIVE,7.05185637,,3.69,,,,,,,,,,11.665
CONFIRMED,10.85409593,0.422,3.7768,1.03E+03,2.99,0.0919,765,80.88,252.8,5465,4.449,0.925,12.498
CONFIRMED,55.3291399,0.209,6.918,3.26E+02,1.67,0.2779,436,8.55,21.8,5376,4.462,0.94,14.001
FALSE POSITIVE,17.17732821,0.267,7.6702,2.44E+04,15.29,0.1327,720,63.7,1357.5,6032,4.485,0.973,14.923
CONFIRMED,7.064252021,0.752,1.3867,7.29E+02,2.37,0.0677,769,82.76,52.5,5076,4.55,0.799,14.196
CANDIDATE,53.71798494,0.93,4.104,3.15E+03,155.12,0.4274,1550,1363.11,103,4959,2.332,21.449,14.708
FALSE POSITIVE,43.501748,0.909,10.755,1.67E+02,10.1,0.2587,996,232.53,9.5,4604,2.936,6.221,12.495
CONFIRMED,19.44639139,0.813,3.6227,9.26E+02,3.24,0.1355,681,50.73,82.4,5815,4.421,0.954,14.248
CONFIRMED,6.91986988,0.819,3.4253,1.70E+02,1.39,0.068,961,201.41,25.6,5815,4.421,0.954,14.248
CANDIDATE,105.8817667,0.539,18.044,1.56E+03,10.16,0.4785,595,29.64,301.8,5903,3.757,2.499,10.775
CONFIRMED,16.6658994,0.429,4.1934,7.54E+02,2.85,0.1313,702,57.31,60.8,5674,4.446,1.032,14.387
CONFIRMED,4.16696628,0.022,2.7535,8.78E+02,2.74,0.0492,1053,291.34,80.1,5456,4.45,0.943,14.883
FALSE POSITIVE,0.535224793,0.017,3.3402,2.29E+02,1.09,0.0115,1783,2385.75,48.8,5044,4.551,0.738,14.937
CONFIRMED,11.46347165,0.103,2.599,1.05E+03,3,0.0966,752,75.57,56.5,5456,4.45,0.943,14.883
CONFIRMED,39.6034,0.166,6.487,5.73E+02,2.22,0.2208,497,14.47,25.8,5456,4.45,0.943,14.883
CONFIRMED,2.940304817,0.825,2.7226,4.72E+02,2.59,0.0397,1256,588.66,51.8,5527,4.376,1.054,14.532
CONFIRMED,5.378868001,0.758,2.7222,4.83E+02,1.86,0.056,833,113.59,60.6,5077,4.567,0.774,14.005
CONFIRMED,15.28467725,0.774,6.0768,3.21E+02,2.7,0.1224,852,124.4,38.1,5763,4.181,1.374,14.519
FALSE POSITIVE,73.506021,0.473,5.734,4.86E+02,2.37,0.356,471,11.66,11.3,6215,4.44,1.052,15.42
CONFIRMED,21.05349939,0.008,7.1605,4.97E+02,2.75,0.1502,731,67.48,39.1,5751,4.254,1.247,14.854
CONFIRMED,127.905412,0.47,14.475,4.02E+03,8.03,0.5001,401,6.09,171,5751,4.254,1.247,14.854
CONFIRMED,6.21716039,0.333,4.4289,2.11E+02,1.81,0.0666,1098,343.21,25,5751,4.254,1.247,14.854
FALSE POSITIVE,21.05647572,0.938,1.238,1.29E+03,5.05,0.154,732,67.74,52.1,6156,4.381,1.118,14.169
FALSE POSITIVE,31.80514278,1.289,7.6213,4.68E+03,34.82,0.1934,553,22.05,161.3,5931,4.545,0.863,14.517
CANDIDATE,4.57797412,0.343,2.862,1.25E+02,0.96,0.0529,1024,259.36,9.6,5795,4.554,0.848,15.302
FALSE POSITIVE,37.60936976,0.671,6.8615,2.76E+04,15.8,0.2115,508,15.8,971.1,5600,4.483,0.896,14.026
FALSE POSITIVE,49.26678528,8.364,5.5692,8.49E+03,929.36,0.2756,538,19.79,309,5988,4.382,1.143,14.385
FALSE POSITIVE,3.613757526,0.812,5.9128,4.87E+03,7.05,0.0452,1182,461.67,591.2,5986,4.498,0.906,14.915
CONFIRMED,7.381980206,0.096,3.1152,1.43E+03,3.42,0.0717,876,138.88,101.6,5559,4.47,0.914,14.985
CONFIRMED,17.58751692,0.106,4.3773,1.38E+03,4.03,0.1277,706,58.6,109.4,5433,4.302,1.107,14.743
CANDIDATE,3.01609637,0.7,1.57,1.96E+02,0.96,0.0354,795,94.1,8.1,4245,4.641,0.637,15.673
FALSE POSITIVE,11.34436822,1.183,5.558,5.86E+02,17.21,0.0927,703,57.67,52.2,5594,4.602,0.752,14.41
FALSE POSITIVE,1.576341127,0.01,3.1232,3.35E+02,2.96,0.026,1797,2460.7,88.7,5087,3.967,1.666,14.111
CONFIRMED,18.47762694,0.712,1.94,2.60E+03,1.55,0.0887,267,1.21,75.7,3395,4.97,0.283,14.708
CONFIRMED,58.36205791,0.402,6.3363,5.37E+03,7.02,0.2918,446,9.33,286.6,5592,4.467,0.953,14.361
CONFIRMED,5.350156114,0.008,2.2647,7.65E+02,2.6,0.0593,989,226.02,87.1,5592,4.467,0.953,14.361
CANDIDATE,21.9424316,0.413,7.447,7.27E+01,1.23,0.1597,797,95.46,10.7,6052,4.183,1.424,13.716
CONFIRMED,6.38899658,0.876,3.5032,5.43E+02,2.89,0.0666,970,209.17,45.8,5527,4.376,1.054,14.532
CONFIRMED,14.62709685,0.945,4.097,3.96E+02,2.7,0.1157,736,69.31,22.7,5527,4.376,1.054,14.532
CONFIRMED,35.1184432,0.958,4.59,5.42E+02,3.26,0.2074,550,21.57,20.4,5527,4.376,1.054,14.532
CONFIRMED,8.00579096,0.092,3.0549,6.30E+02,2.36,0.0725,956,197.06,69.2,6032,4.395,0.935,14.209
CONFIRMED,4.26374378,0.368,2.2725,1.82E+02,1.28,0.0476,1179,457.15,23.8,6032,4.395,0.935,14.209
CANDIDATE,330.025002,0.68,6.659,2.59E+02,5.92,1.1069,478,12.36,12.2,6126,3.578,3.466,12.668
CONFIRMED,84.6877524,0.017,10.0248,3.48E+02,3.37,0.4172,611,32.96,95.1,6688,4.062,1.79,11.642
FALSE POSITIVE,2.340523247,0.725,3.156,1.75E+02,1.4,0.033,1456,1063.8,37.2,6056,4.397,0.981,14.3
CONFIRMED,25.85499978,0.265,3.8737,6.11E+02,2.4,0.1735,637,38.81,31.7,6122,4.487,0.964,14.718
CONFIRMED,10.68758211,0.818,3.3812,7.78E+02,2.64,0.0909,780,87.41,78.9,5788,4.524,0.848,14.338
CONFIRMED,20.30303506,0.793,4.5038,5.33E+02,2.16,0.1395,630,37.12,44.7,5788,4.524,0.848,14.338
FALSE POSITIVE,39.0930875,0.862,5.687,4.76E+02,2.99,0.2359,602,31.11,10.1,6072,4.343,1.193,15.514
CONFIRMED,12.56096618,0.022,3.7647,9.23E+02,2.74,0.1021,734,68.49,55.1,5559,4.47,0.914,14.985
CONFIRMED,30.8261043,0.943,5.914,7.42E+02,3.18,0.1858,544,20.68,32.3,5559,4.47,0.914,14.985
CONFIRMED,3.696121272,0.016,2.463,3.83E+02,1.78,0.0448,1095,340.33,130,5465,4.449,0.925,12.498
CONFIRMED,3.42806306,0.082,2.417,1.78E+02,1.21,0.043,1131,386.14,16.6,5559,4.47,0.914,14.985
CONFIRMED,13.24931848,0.62,4.4859,6.48E+02,2.86,0.1087,806,99.54,87.8,5799,4.361,1.078,14.15
FALSE POSITIVE,22.4098677,0.869,2.271,6.98E+01,0.73,0.1446,489,13.55,11.9,4900,4.602,0.741,11.492
FALSE POSITIVE,363.706662,0.9315,8.553,1.62E+03,5.26,1.0077,283,1.51,43.7,6240,4.397,1.064,14.188
CANDIDATE,9.391039263,0.964,2.8386,2.90E+03,11.73,0.0902,1068,308.13,141,5944,4.132,1.498,14.663
CONFIRMED,18.00932214,0.55,4.9611,3.00E+03,4.96,0.1333,658,44.29,245.2,5815,4.54,0.877,14.794
CONFIRMED,22.18431824,0.032,3.0397,1.59E+03,3.18,0.1418,546,21.06,87.6,5157,4.5,0.818,14.767
CANDIDATE,77.4794704,0.019,10.1151,1.24E+03,10.33,0.4212,778,86.59,72.6,6711,3.73,2.909,10.143
FALSE POSITIVE,0.80489537,,0.92,,,,,,,,,,11.427
FALSE POSITIVE,276.3236015,0.706,9.8964,8.13E+01,1.21,0.8434,352,3.63,4.6,6528,4.257,1.26,12.431
CONFIRMED,5.28691996,0.705,2.579,4.15E+01,0.51,0.0552,792,92.97,15.8,4900,4.602,0.741,11.492
CONFIRMED,6.51003001,0.023,3.3095,6.03E+02,2.78,0.0689,1017,253.24,48.1,5638,4.327,1.153,14.825
CONFIRMED,35.18105723,0.772,7.545,9.88E+02,4.17,0.2281,664,45.89,63.1,6520,4.375,1.215,14.856
FALSE POSITIVE,11.75560012,1.228,4.7,6.49E+02,22.39,0.0974,716,62.19,46.3,5644,4.575,0.806,14.356
FALSE POSITIVE,17.79421914,1.242,4.1918,1.55E+03,25.27,0.1282,606,31.94,111.5,5485,4.574,0.805,14.427
FALSE POSITIVE,6.12601169,0.422,1.733,4.02E+01,0.83,0.062,1141,400.49,7,5679,4.146,1.286,12.975
CONFIRMED,29.02235217,0.902,4.0263,6.38E+02,2.55,0.177,559,23.06,41.4,5788,4.524,0.848,14.338
CONFIRMED,3.383540239,0.63,1.403,2.56E+02,1.65,0.042,1133,389.19,36.2,5300,4.385,0.986,14.14
CONFIRMED,2.358952404,0.385,1.593,9.41E+01,0.96,0.033,1278,630.43,17.3,5300,4.385,0.986,14.14
CONFIRMED,20.72904234,0.559,2.8066,5.62E+02,1.94,0.1378,530,18.68,31.6,4979,4.538,0.803,14.458
CONFIRMED,1.632916419,0.136,1.5599,2.09E+02,1.13,0.0253,1237,554.07,31,4979,4.538,0.803,14.458
CANDIDATE,11.1438086,0.629,7.905,4.17E+01,0.75,0.0978,906,159.1,10.9,6095,4.349,1.11,13.556
FALSE POSITIVE,7.216951388,1.283,1.89082,4.28E+03,41.57,0.0725,1055,292.7,312.2,6266,4.38,1.056,14.454
FALSE POSITIVE,15.85238672,1.262,5.179,9.29E+02,32.21,0.1134,775,85.35,36.5,5903,4.322,1.005,14.508
CONFIRMED,4.147021189,0.255,2.8997,3.68E+03,7.31,0.0502,1258,590.84,421.2,5818,4.266,1.205,14.288
CONFIRMED,15.22895514,0.777,2.5967,1.12E+03,3,0.1152,639,39.4,63.8,5456,4.562,0.812,14.769
CONFIRMED,24.67458244,0.817,3.2648,6.51E+02,2.33,0.1589,544,20.71,31.9,5456,4.562,0.812,14.769
CANDIDATE,32.526674,0.472,6.842,2.05E+02,1.26,0.1971,525,17.91,9.7,5668,4.545,0.868,15.23
CANDIDATE,10.32906563,0.923,1.44,2.31E+03,6.17,0.0961,908,160.44,114.8,6228,4.441,1.049,14.711
CONFIRMED,3.750832927,0.001,1.9457,2.40E+03,4.61,0.0484,1129,383.77,212.5,5776,4.512,0.95,14.749
CONFIRMED,21.34736612,0.885,4.184,6.31E+02,3.2,0.1445,648,41.65,53.1,5395,4.324,1.071,14.415
CONFIRMED,7.81100952,0.816,3.231,1.27E+02,1.36,0.0739,906,159.24,15.8,5395,4.324,1.071,14.415
CONFIRMED,4.243748097,0.032,3.3603,1.41E+03,3.16,0.0501,1063,301.46,139.8,5873,4.554,0.843,15
FALSE POSITIVE,2.404483552,1,0.2961,8.00E-01,0.48,0.0387,2078,4402.44,0,6050,3.823,2.345,13.173
FALSE POSITIVE,13.54204116,0.722,3.334,3.39E+02,2.01,0.1087,794,93.98,26.4,5891,4.395,1.015,14.53
CONFIRMED,2.752359689,0.436,2.0722,7.92E+02,2.54,0.0375,1178,455.43,115.7,5461,4.499,0.897,14.034
CONFIRMED,13.98177862,0.444,2.958,1.02E+03,2.09,0.0978,553,22.1,95.6,4859,4.615,0.651,14.287
CONFIRMED,44.0003975,0.032,5.1115,6.00E+02,1.56,0.21,377,4.79,43.3,4859,4.615,0.651,14.287
CONFIRMED,247.354914,0.044,8.677,1.29E+03,2.29,0.6639,212,0.48,49,4859,4.615,0.651,14.287
FALSE POSITIVE,462.12069,0.002,10.42,6.34E+02,2.46,1.1265,249,0.91,9.9,6079,4.411,0.974,14.936
FALSE POSITIVE,12.39894005,0.975,4.262,7.03E+02,4.06,0.1099,890,148.37,50.7,6355,4.41,1.108,14.755
CONFIRMED,207.5829306,0.84,7.0686,5.05E+02,4.52,0.7584,453,9.97,70,6688,4.062,1.79,11.642
CONFIRMED,7.26731094,0.043,2.2691,6.59E+02,1.14,0.0564,464,10.93,47.8,3751,4.8,0.443,14.625
CONFIRMED,13.3430025,0.517,2.7399,8.00E+02,1.29,0.0845,379,4.87,47.1,3751,4.8,0.443,14.625
CONFIRMED,3.886795001,0.119,1.7574,4.71E+02,0.97,0.0371,571,25.26,41.8,3751,4.8,0.443,14.625
CONFIRMED,22.40777833,0.147,3.2881,6.61E+02,1.15,0.1194,319,2.44,33.9,3751,4.8,0.443,14.625
FALSE POSITIVE,20.35509657,0.503,5.33265,2.51E+04,17.53,0.1494,720,63.6,1703.2,6081,4.404,1.077,14.557
FALSE POSITIVE,5.92240377,0.949,3.691,4.13E+02,2.77,0.0656,1087,329.86,44.4,6081,4.404,1.077,14.557
CANDIDATE,166.7876551,0.041,5.8676,4.76E+03,7.03,0.5778,334,2.93,183.8,5663,4.377,1.031,14.11
CONFIRMED,77.6114427,0.094,7.1786,8.15E+02,2.59,0.3411,397,5.87,100.5,5465,4.449,0.925,12.498
CONFIRMED,18.20795835,0.64,3.7965,1.60E+03,3.08,0.1265,551,21.86,157.3,5176,4.612,0.738,14.29
CANDIDATE,49.537365,0.435,9.862,2.02E+02,1.48,0.2637,532,18.87,10.1,6118,4.416,1.023,15.451
CONFIRMED,12.70636123,0.793,2.395,8.72E+02,2.75,0.1043,697,55.86,54,5573,4.562,0.839,14.673
CONFIRMED,10.94577783,0.819,3.0937,5.33E+02,2.84,0.0954,881,142.23,52.5,5888,4.342,1.097,14.282
CONFIRMED,28.9869016,0.842,3.6233,4.72E+02,2.7,0.1826,637,38.82,31.5,5888,4.342,1.097,14.282
CONFIRMED,94.886902,0.982,6.923,6.42E+02,4.24,0.4025,429,7.99,25.5,5888,4.342,1.097,14.282
CONFIRMED,5.03505665,0.911,1.804,1.52E+02,1.63,0.0568,1141,401.23,16.6,5888,4.342,1.097,14.282
FALSE POSITIVE,24.7222403,0.106,4.53,2.90E+02,1.31,0.1582,536,19.53,9.3,5481,4.592,0.778,15.857
CONFIRMED,11.90352088,0.421,4.297,6.33E+02,2.56,0.1047,827,110.54,47.2,6063,4.47,1.001,14.939
CONFIRMED,9.286964466,0.004,3.3649,6.92E+02,2.1,0.0835,762,79.68,251.9,5546,4.575,0.81,11.898
CONFIRMED,34.0350605,0.474,6.695,7.28E+02,2.76,0.2109,583,27.24,41.3,6063,4.47,1.001,14.939
CONFIRMED,12.75934489,0.657,3.5889,8.82E+02,2.58,0.0988,633,37.95,70.4,4963,4.501,0.826,14.55
CONFIRMED,5.433132902,0.72,2.4012,3.28E+02,1.61,0.0559,841,118.56,33.1,4963,4.501,0.826,14.55
FALSE POSITIVE,0.967427812,1.248,5.8883,9.13E+03,29.01,0.0176,1419,956.61,323.4,5066,4.625,0.709,15.826
CONFIRMED,10.64021008,0.77,5.4381,4.55E+02,2.87,0.0966,963,203.48,58.6,6112,4.281,1.233,14.173
CONFIRMED,4.93883135,0.633,4.388,1.24E+02,1.44,0.0579,1244,566.38,21.3,6112,4.281,1.233,14.173
CONFIRMED,5.996533443,0.51,3.3129,7.11E+02,2.96,0.0638,1025,260.49,70.5,5622,4.346,1.089,14.674
CONFIRMED,2.06190864,0.537,1.9743,2.14E+02,1.63,0.0313,1463,1082.28,27.9,5622,4.346,1.089,14.674
CONFIRMED,20.13490007,0.798,3.7962,1.04E+03,2.98,0.1339,544,20.66,64.7,4963,4.501,0.826,14.859
CANDIDATE,24.0721647,0.949,3.171,1.77E+02,1.1,0.1409,400,6.08,6.7,4352,4.671,0.613,15.073
CONFIRMED,88.2553729,0.886,4.539,1.13E+03,2.96,0.3623,326,2.67,54.2,5176,4.612,0.738,14.29
CANDIDATE,19.19310355,0.98,2.5425,6.81E+03,12.23,0.1396,656,43.77,258.5,5883,4.53,0.892,14.847
FALSE POSITIVE,22.41831984,0.8,5.349,1.19E+04,9.94,0.1413,563,23.8,944.4,5324,4.491,0.813,14.479
FALSE POSITIVE,20.13147772,1.279,3.2806,8.24E+03,39.89,0.1458,670,47.49,427.5,6003,4.507,0.932,14.519
CONFIRMED,6.010383339,0.436,2.1939,2.65E+03,3.8,0.058,768,82.31,276.1,4882,4.558,0.738,14.247
CANDIDATE,80.881757,0.335,12.568,1.43E+02,2.27,0.3828,581,26.91,12.2,5934,3.945,1.885,13.698
FALSE POSITIVE,1.334101467,0.153,2.1033,1.21E+02,1.74,0.025,2169,5207.55,43,6178,4.106,1.58,12.161
CANDIDATE,9.250572762,1.234,3.6373,1.04E+03,96.08,0.1097,1966,3530.57,351.4,8133,3.715,3.294,11.31
CONFIRMED,8.1808949,0.521,2.7546,7.24E+02,2.1,0.0754,716,62.21,48.7,5081,4.596,0.77,14.802
CONFIRMED,15.31296388,0.607,3.0935,8.65E+02,2.34,0.1145,581,26.98,45.3,5081,4.596,0.77,14.802
CONFIRMED,18.42794957,0.727,2.9264,7.07E+02,2.24,0.1247,526,18.05,36,4768,4.536,0.779,14.958
FALSE POSITIVE,8.8249556,0.21,2.976,1.21E+02,1.1,0.083,928,175.17,8.6,6078,4.434,0.994,15.154
FALSE POSITIVE,7.30497811,0.932,4.5414,1.09E+04,10.86,0.069,760,78.87,69.6,5247,4.609,0.744,15.765
FALSE POSITIVE,5.115750935,1.475,2.5378,1.06E+03,60.74,0.0607,1202,493.38,51.8,6398,4.411,1.101,15.132
FALSE POSITIVE,1.213745575,1.246,5.5835,2.01E+03,21.69,0.0192,1246,572.53,213.7,4820,4.606,0.661,15.825
CANDIDATE,7.189379172,0.908,2.0351,8.13E+03,11.94,0.0768,1026,261.94,288.5,6214,4.442,1.076,15.356
FALSE POSITIVE,1.423799421,0.501,1.4866,2.01E+03,4.69,0.0256,1659,1791.61,125.3,5962,4.464,1.019,15.623
CANDIDATE,1.8134378,0.418,7.776,9.74E+01,0.69,0.0264,1158,423.67,19.1,5094,4.618,0.7,13.961
CONFIRMED,14.78767172,0.021,6.1191,7.82E+02,3.46,0.1201,827,110.42,39.4,5814,4.269,1.248,15.344
CONFIRMED,4.16536757,0.348,3.2935,1.20E+02,1,0.0508,1048,284.49,30.4,5604,4.52,0.912,13.307
CONFIRMED,14.48584765,0.93,3.1365,4.57E+02,2.88,0.115,784,89.16,52.2,5784,4.352,1.085,13.946
CONFIRMED,40.6992062,0.854,7.074,4.30E+02,3.2,0.2327,685,52.05,38.5,6419,4.175,1.362,13.949
FALSE POSITIVE,4.532402495,0.99,3.12,3.39E+02,3.69,0.0528,1160,426.69,43.1,5575,4.278,1.173,13.932
FALSE POSITIVE,25.273355,1.208,34.48,4.96E+02,24.74,0.1599,579,26.57,16.9,5313,4.39,0.976,14.5
CONFIRMED,15.45805668,0.05,8.79536,4.25E+03,9.11,0.1241,871,136.4,1055.9,5868,4.169,1.407,13.398
CANDIDATE,562.1725914,0.7801,9.8841,5.88E+03,10.9,1.3457,241,0.8,208.4,5589,4.229,1.289,13.916
CANDIDATE,278.1243979,0.871,3.978,2.30E+03,5.86,0.8423,286,1.57,58.5,5799,4.408,1.05,13.714
CANDIDATE,4.034914368,0.965,1.7874,8.00E+02,6.95,0.0509,1452,1052.15,92.6,5548,3.964,1.793,13.831
CONFIRMED,3.173914037,0.819,3.6069,3.03E+02,3.07,0.0466,1655,1769.83,76.1,6432,4.164,1.584,13.949
FALSE POSITIVE,379.11996,0.483,7.22,1.11E+03,2.74,0.9902,221,0.57,9.2,5546,4.575,0.81,15.496
CANDIDATE,52.51354873,0.679,3.2743,1.43E+04,12.43,0.2674,472,11.73,825,5589,4.421,0.98,13.579
CANDIDATE,4.17838675,0.617,2.123,3.16E+02,3.13,0.053,1430,988.44,15.1,5746,4.039,1.687,13.813
CONFIRMED,9.84824649,0.55,5.7471,4.37E+02,2.68,0.0916,947,189.82,25.3,5814,4.269,1.248,15.344
CONFIRMED,19.7243672,0.898,7.202,5.78E+02,3.57,0.1455,751,75.23,26,5814,4.269,1.248,15.344
CONFIRMED,51.75530504,0.638,7.4355,6.09E+02,2.61,0.2638,515,16.6,116.9,5979,4.394,1.005,12.596
CANDIDATE,16.2982201,0.698,2.558,1.99E+02,0.78,0.1025,388,5.38,7.9,3905,4.736,0.521,14.709
CONFIRMED,7.38443269,0.594,5.7351,3.50E+02,2.42,0.0756,1042,278.67,23.7,5814,4.269,1.248,15.344
FALSE POSITIVE,7.06115081,2.824,3.547,1.53E+03,171.85,0.0706,886,145.61,60.4,5795,4.554,0.848,15.592
CANDIDATE,2190.701035,0.2597,19.891,1.87E+03,3.12,2.9456,109,0.03,94.8,4965,4.555,0.736,12.96
CONFIRMED,7.23858162,0.147,3.1199,2.68E+02,1.34,0.0712,816,104.51,41.6,5411,4.561,0.831,13.359
CONFIRMED,161.4746786,0.746,10.572,8.28E+02,3.25,0.5729,343,3.27,47.8,5761,4.383,1.044,13.871
FALSE POSITIVE,6.277827312,0.95,8.6841,1.86E+03,4.87,0.066,985,222.45,191.3,6077,4.526,0.891,13.851
CONFIRMED,16.71987303,0.437,3.317,5.23E+02,2.52,0.1302,767,81.63,19.2,6020,4.389,1.085,13.034
FALSE POSITIVE,12.01166109,1.024,3.77516,1.43E+04,55.2,0.1226,1317,710.87,1898.4,6753,3.91,2.396,13.252
CONFIRMED,3.275821982,0.746,3.0427,2.75E+02,3.54,0.049,1730,2121.23,64.4,6185,4.013,1.972,13.992
CONFIRMED,15.87360981,0.395,3.5246,4.16E+02,1.53,0.1149,632,37.68,38.4,5656,4.607,0.737,13.766
CONFIRMED,12.3860474,0.538,2.604,1.51E+02,1.11,0.0983,679,50.23,9.1,5121,4.457,0.888,14.773
FALSE POSITIVE,1.360834768,1.008,1.4886,1.57E+03,7.24,0.0238,1660,1792.47,169.8,6215,4.543,0.872,13.591
CONFIRMED,7.256962446,0.676,4.9402,4.63E+02,3.53,0.0765,1163,432.1,168.3,5858,4.112,1.549,12.702
CONFIRMED,29.66631669,0.019,8.412,6.68E+02,2.83,0.1827,644,40.68,95.3,5956,4.322,1.098,13.965
CONFIRMED,16.2254975,0.273,6.471,1.20E+02,1.21,0.1222,788,90.93,20.3,5956,4.322,1.098,13.965
CONFIRMED,1.260258822,0.791,1.8594,1.13E+03,3.57,0.0232,1569,1435.82,128.2,5550,4.5,0.954,15.342
CANDIDATE,3.29534567,0.729,1.902,1.42E+02,1.23,0.0441,1139,397.37,10.4,5550,4.5,0.954,15.342
FALSE POSITIVE,0.542122617,0.108,1.283,8.83E+01,0.94,0.0134,2238,5914.13,16.3,5875,4.476,0.998,14.661
CONFIRMED,5.25449393,0.837,3.078,1.69E+02,1.41,0.0602,975,213.25,12.6,5550,4.5,0.954,15.342
CONFIRMED,5.924993927,0.848,2.8874,1.61E+03,3.15,0.0579,758,77.91,68.5,5016,4.641,0.679,15.644
CONFIRMED,11.34934848,0.398,3.1101,1.25E+03,2.39,0.0893,610,32.75,41.7,5016,4.641,0.679,15.644
FALSE POSITIVE,26.94927489,0.438,10.6977,2.00E+04,7.37,0.1421,395,5.78,415.7,4723,4.741,0.512,13.771
CONFIRMED,23.6421965,0.022,5.018,1.10E+03,2.9,0.1602,595,29.65,97.2,5750,4.538,0.882,13.595
CONFIRMED,67.0930642,0.822,7.334,1.25E+03,3.51,0.3211,420,7.38,73.7,5750,4.538,0.882,13.595
CONFIRMED,17.97979816,0.069,5.5828,4.59E+02,2.89,0.1447,828,111.12,43.9,6141,4.272,1.352,13.5
CONFIRMED,30.99664113,0.791,2.9182,6.55E+02,2.43,0.1885,500,14.72,59.9,5324,4.544,0.853,13.332
CONFIRMED,2.462344253,0.051,1.8113,1.80E+02,1.33,0.0367,1326,730.86,42.1,5736,4.467,1.008,13.648
CONFIRMED,4.822969318,0.891,0.8752,3.32E+02,2.22,0.0575,1060,297.73,36,5736,4.467,1.008,13.648
CANDIDATE,6.0799457,0.097,2.706,5.51E+01,0.86,0.0676,1101,348.11,7.3,6008,4.35,1.168,14.02
CONFIRMED,28.7796446,0.886,8.349,2.53E+02,1.95,0.191,619,34.65,36.5,6000,4.45,1.044,13.949
CONFIRMED,15.66057688,0.244,7.012,3.84E+02,2.05,0.1273,758,78.01,67.5,6000,4.45,1.044,13.949
CONFIRMED,17.42115972,0.651,4.9974,9.28E+02,3.11,0.1341,674,48.91,114.3,5679,4.487,0.972,13.939
CONFIRMED,3.13295351,0.135,2.2207,4.35E+02,1.39,0.0379,937,181.84,23.9,5016,4.641,0.679,15.644
CONFIRMED,18.64349986,0.774,1.8491,8.13E+02,2.14,0.1243,517,16.91,16.1,5016,4.641,0.679,15.644
FALSE POSITIVE,93.803766,0.63,2.946,4.60E+02,2.05,0.3902,375,4.69,8.6,5559,4.47,0.914,14.985
CONFIRMED,24.5434566,0.042,7.2518,1.15E+03,3.08,0.1654,616,34.07,64.5,5955,4.52,0.91,15.344
CONFIRMED,51.07926451,0.017,6.3729,7.37E+02,2.75,0.2671,503,15.17,126.8,5833,4.407,1.022,12.772
CANDIDATE,70.2780911,0.07,2.466,7.82E+02,2.54,0.3335,434,8.38,14.9,5955,4.52,0.91,15.344
CANDIDATE,9.9664004,0.966,5.0127,1.62E+03,16.89,0.106,1578,1466.1,125.9,6638,3.664,3.079,12.598
CANDIDATE,14.85185526,0.815,3.5263,1.34E+03,2.73,0.1036,457,10.3,58.3,4129,4.636,0.652,13.583
FALSE POSITIVE,4.350413063,0.549,1.7694,1.93E+02,1.26,0.0514,1088,331.98,37.8,5978,4.534,0.876,13.211
FALSE POSITIVE,1.376384817,0.558,1.745,3.66E+02,1.47,0.0224,1343,770.31,47.8,5278,4.591,0.746,13.992
FALSE POSITIVE,45.97786182,0.367,7.4493,2.39E+04,17.09,0.2414,541,20.32,1283.6,5761,4.306,1.096,13.725
CONFIRMED,29.90721859,0.022,4.8475,5.88E+02,2.16,0.1805,564,23.92,79.8,5739,4.476,0.896,13.437
FALSE POSITIVE,7.03380109,0.861,6.4185,1.39E+02,2.61,0.0809,1320,718.45,46.7,6122,4.019,1.934,13.357
CANDIDATE,56.391062,0.92,5.7,2.04E+03,3.58,0.2472,310,2.18,11.4,4406,4.643,0.628,16.324
CONFIRMED,3.032147946,0.836,3.8627,4.89E+02,3.62,0.0421,1507,1218.88,103.1,5827,4.151,1.447,13.684
CONFIRMED,15.96532718,0.674,4.5837,4.82E+02,3.33,0.1269,872,136.42,144.2,5880,4.154,1.433,12.287
FALSE POSITIVE,12.71871149,1.588,2.48998,8.38E+03,120.02,0.107,1042,279.33,550.2,6120,4.036,1.596,13.816
CANDIDATE,22.34213536,0.973,6.461,2.26E+03,5.19,0.1362,526,18.14,51.9,5237,4.568,0.707,15.637
CONFIRMED,18.79418506,0.356,3.2906,1.53E+03,2.33,0.1177,412,6.79,40.2,4126,4.668,0.602,15.962
CONFIRMED,6.73893544,0.043,2.813,6.01E+02,1.44,0.0594,579,26.64,24.2,4126,4.668,0.602,15.962
FALSE POSITIVE,14.49839316,0.91,3.7343,3.27E+03,5.16,0.1075,607,32.22,125.6,5268,4.602,0.735,15.684
CONFIRMED,10.3392408,0.15,3.075,1.18E+03,2.98,0.0919,777,86.46,51.4,5730,4.545,0.87,15.282
CONFIRMED,8.50339249,0.825,2.9569,1.89E+02,1.95,0.0815,1021,257.22,28.5,5877,4.233,1.265,13.716
CONFIRMED,23.7832097,0.01,7.939,2.57E+02,2.01,0.1618,725,65.26,38.3,5877,4.233,1.265,13.716
FALSE POSITIVE,3.041547148,1.233,3.22798,2.07E+04,60.05,0.0437,1544,1344.31,1670.6,6431,4.293,1.295,13.705
CONFIRMED,5.16949729,0.235,4.5122,2.11E+02,2.06,0.0578,1309,694.32,66.2,6011,4.123,1.409,13.55
CANDIDATE,10.47490332,0.972,33.7939,1.17E+03,15.45,0.109,1567,1427.2,150.5,6526,3.616,3.232,13.22
FALSE POSITIVE,5.41460536,1.29,33.787,4.08E+03,116.93,0.0691,1737,2150.63,294.4,6033,3.676,2.943,13.633
CONFIRMED,30.86436512,0.851,2.9557,5.51E+02,2.23,0.187,527,18.22,51.8,5677,4.563,0.828,13.58
CONFIRMED,9.36059705,0.802,3.2069,2.37E+02,1.42,0.0844,784,89.47,42,5677,4.563,0.828,13.58
CONFIRMED,14.6672293,0.596,3.742,1.98E+02,1.21,0.1139,675,49.12,30.5,5677,4.563,0.828,13.58
CONFIRMED,68.1609897,0.459,5.662,2.96E+02,1.45,0.3171,405,6.34,25,5677,4.563,0.828,13.58
CONFIRMED,13.28689997,0.017,3.2825,1.04E+03,2.78,0.1087,715,61.8,41.3,5730,4.545,0.87,15.282
CONFIRMED,1.287076693,0.003,1.4942,7.29E+02,1.39,0.0188,871,135.97,65.2,3736,4.724,0.525,15.488
CANDIDATE,61.858947,0.621,21.32,7.08E+01,2.47,0.3428,699,56.48,9.1,5529,3.685,2.817,12.045
CONFIRMED,17.6717714,0.86,3.4202,9.19E+02,2.44,0.1204,513,16.38,36.2,4869,4.636,0.687,15.556
FALSE POSITIVE,23.35534139,0.842,4.60672,3.85E+04,21.55,0.1611,601,30.96,1144.3,5754,4.534,0.905,15.278
CONFIRMED,23.44970494,0.193,8.6567,3.16E+02,2.71,0.1764,802,97.94,67.9,6188,4.196,1.524,13.31
CONFIRMED,1.73513619,0.045,2.2741,9.53E+02,3.27,0.0286,1554,1372.87,473.2,5751,4.391,1.071,12.566
CONFIRMED,11.95474513,0.601,2.1433,9.03E+02,5.15,0.1006,906,159.04,96.3,5059,3.976,1.657,13.594
FALSE POSITIVE,42.55930625,0.927,3.0148,2.30E+03,5.45,0.2355,527,18.24,60.9,6032,4.489,0.924,13.909
CONFIRMED,16.08065726,0.051,2.8701,3.08E+03,4.43,0.1185,614,33.64,195.9,5303,4.547,0.817,13.653
CONFIRMED,18.16407304,0.021,2.9355,9.43E+02,1.98,0.1212,508,15.72,99.7,4926,4.653,0.662,13.725
FALSE POSITIVE,7.334073405,0.559,2.7308,3.27E+02,1.42,0.0697,870,135.81,2.6,5985,4.603,0.758,13.265
CONFIRMED,5.71489692,0.011,2.3572,4.26E+02,1.33,0.0561,747,73.38,73,4926,4.653,0.662,13.725
CONFIRMED,122.3858681,0.101,7.123,7.11E+02,1.72,0.4324,269,1.24,46.3,4926,4.653,0.662,13.725
FALSE POSITIVE,1.274840187,1.198,14.833,2.29E+02,66.76,0.0258,2498,9187.9,79.3,5365,3.669,2.872,13.759
CONFIRMED,179.609803,0.711,13.755,1.27E+03,5.47,0.6372,389,5.41,184.6,5880,4.154,1.433,12.287
FALSE POSITIVE,1.368617188,0.464,1.6235,1.27E+02,1.84,0.0261,2255,6108.26,44.4,6561,4.14,1.584,13.361
FALSE POSITIVE,1.125963085,0.596,1.5034,1.46E+02,1.41,0.0213,1988,3689.22,43.1,6225,4.348,1.116,13.858
CONFIRMED,8.59481851,0.617,3.254,3.37E+02,1.75,0.0787,854,125.48,37.5,5675,4.459,0.915,13.984
CONFIRMED,10.22215697,0.911,1.1939,2.38E+02,1.72,0.0883,806,99.68,13.6,5675,4.459,0.915,13.984
CONFIRMED,25.6721559,0.867,5.9629,3.87E+02,2.68,0.179,683,51.47,78.4,6034,4.359,1.179,13.004
CONFIRMED,151.8851881,0.788,12.091,3.61E+02,2.47,0.5855,378,4.81,46.3,6034,4.359,1.179,13.004
FALSE POSITIVE,1.065731229,1.277,1.7499,3.64E+03,384.26,0.0293,5118,161806.81,109.2,6244,2.897,10.105,13.151
CONFIRMED,18.39629744,0.872,2.7838,6.80E+02,2.47,0.1306,582,27.09,58.4,5316,4.57,0.804,13.704
FALSE POSITIVE,1.012672041,0.957,3.0512,1.20E+03,5.89,0.0212,2337,7026.31,237.4,6663,4.275,1.338,13.788
FALSE POSITIVE,28.71421614,0.919,6.0624,4.37E+04,42.19,0.1969,794,93.74,1230.7,6706,4.226,1.417,13.765
CONFIRMED,21.77568158,0.025,7.9588,7.98E+02,4.76,0.1577,853,125.14,117.3,5900,4.022,1.694,13.988
CONFIRMED,41.0283424,0.011,9.8052,5.41E+02,3.92,0.2405,691,53.8,66.5,5900,4.022,1.694,13.988
FALSE POSITIVE,0.83442282,0.163,1.873,5.09E+01,0.64,0.0173,1854,2794.84,8.8,5838,4.529,0.897,15.271
FALSE POSITIVE,1.906633332,0.98,3.0825,2.68E+02,2.72,0.0322,1847,2745.66,83.3,6736,4.335,1.243,13.429
CONFIRMED,4.069425638,0.102,2.0396,5.49E+02,1.53,0.0449,802,97.72,68,4671,4.636,0.68,13.872
CONFIRMED,4.06844957,0.55,2.8349,7.98E+01,0.98,0.0504,1170,442.08,29.3,5751,4.391,1.071,12.566
CONFIRMED,16.28247625,0.382,2.9227,7.93E+02,1.88,0.1132,505,15.37,60,4671,4.636,0.68,13.872
CONFIRMED,3.162692075,0.716,1.9529,5.04E+02,2.61,0.0418,1308,692.32,75.4,5821,4.355,1.085,13.989
CONFIRMED,31.7848157,0.015,8.8077,4.45E+02,3.55,0.2029,752,75.59,57.6,5900,4.022,1.694,13.988
CONFIRMED,13.17555999,0.013,6.6677,2.80E+02,2.82,0.1128,1009,244.58,48.8,5900,4.022,1.694,13.988
CONFIRMED,5.66815821,0.177,4.9064,1.20E+02,1.85,0.0643,1336,752.7,27.3,5900,4.022,1.694,13.988
CONFIRMED,17.40665216,0.022,6.864,5.87E+02,2.95,0.1321,814,104.04,85.7,6086,4.274,1.216,13.998
CANDIDATE,3.07365139,0.034,2.102,9.05E+01,0.79,0.0403,1215,515.92,9.6,6068,4.565,0.831,14.894
FALSE POSITIVE,6.41496453,1.187,3.9015,2.01E+02,25.79,0.0659,1153,417.97,53.1,6170,4.259,1.183,12.385
CONFIRMED,5.370639542,0.667,2.1121,4.91E+02,2.54,0.0595,1096,341.68,58.8,5821,4.355,1.085,13.989
CONFIRMED,11.32977062,0.036,3.845,1.62E+02,1.37,0.0979,855,126.21,18.5,5821,4.355,1.085,13.989
CONFIRMED,23.20579353,0.059,4.3243,3.43E+02,5.86,0.1867,1002,238.21,46.9,5460,3.626,3.231,13.413
CONFIRMED,6.07972016,0.471,7.1228,2.91E+02,2.32,0.0632,1111,360.77,77.9,5460,4.139,1.346,13.532
CANDIDATE,275.07365,0.595,3.37,2.29E+02,1.86,0.7891,303,2,7.5,5604,4.226,1.187,10.15
CONFIRMED,14.40090414,0.872,4.1682,3.80E+02,2.71,0.1149,828,111.24,41.1,5815,4.27,1.198,13.909
CONFIRMED,7.69363627,0.366,5.0324,2.95E+02,2.12,0.0767,1069,308.61,55.1,6086,4.274,1.216,13.998
CONFIRMED,21.3851584,0.518,4.0819,6.64E+02,2.17,0.1409,574,25.63,67.3,5376,4.516,0.825,13.94
CONFIRMED,5.37493289,0.228,3.9567,1.56E+02,2.12,0.0626,1413,942.35,49,6167,4.037,1.689,13.294
CONFIRMED,8.58600968,0.728,3.3443,1.02E+02,1.84,0.0856,1208,503.98,23.2,6167,4.037,1.689,13.294
CANDIDATE,4.50158249,0.016,1.855,1.76E+02,0.73,0.0444,676,49.21,9.7,4339,4.711,0.553,15.142
CONFIRMED,3.88688862,0.035,3.683,5.83E+01,1.29,0.0505,1574,1448.04,20.8,6167,4.037,1.689,13.294
FALSE POSITIVE,2.192009479,1.248,2.9453,1.48E+03,35.9,0.0317,1446,1030.69,131.2,5499,4.28,1.125,14.687
FALSE POSITIVE,8.254912972,0.532,6.8822,1.92E+04,11.86,0.0744,793,93.46,438.2,5366,4.5,0.835,14.034
CONFIRMED,2.628117322,0.612,1.8289,9.37E+02,1.77,0.031,737,69.56,98.1,3939,4.705,0.557,14.915
CANDIDATE,5.06546874,0.477,2.203,1.21E+02,0.62,0.048,592,29.01,10.4,3939,4.705,0.557,14.915
FALSE POSITIVE,3.170626881,0.847,2.7189,1.46E+04,14.37,0.0429,1314,704.88,113.2,6068,4.428,1.034,14.333
CANDIDATE,5.89399142,0.867,1.2737,1.10E+04,11.16,0.0641,940,185.03,252.5,5713,4.541,0.893,14.377
CONFIRMED,25.6613816,0.864,4.459,1.67E+02,1.78,0.1689,683,51.48,14.6,5815,4.27,1.198,13.909
CONFIRMED,10.21418792,0.016,5.8201,3.04E+02,2.29,0.0966,957,198.34,78.6,5843,4.25,1.332,13.336
CONFIRMED,2.755637216,0.717,1.8559,5.37E+02,1.37,0.0319,757,77.57,99.8,4121,4.709,0.553,13.506
FALSE POSITIVE,36.2671673,0.214,2.065,6.27E+02,1.5,0.1817,347,3.44,10,4264,4.637,0.62,15.544
CONFIRMED,14.91095177,0.014,3.325,8.65E+02,2.62,0.1159,694,54.87,116.9,5650,4.5,0.899,12.593
CONFIRMED,20.30652862,0.714,2.8014,7.15E+02,1.58,0.1209,389,5.4,60.8,4121,4.709,0.553,13.506
CONFIRMED,44.6996563,0.472,6.2289,8.38E+02,3.05,0.2457,500,14.81,71.3,5497,4.394,1.046,13.967
CONFIRMED,3.619309734,0.116,3.0504,2.07E+02,1.47,0.046,1156,422.53,47.4,5497,4.394,1.046,13.967
CONFIRMED,124.5245224,0.004,9.654,6.90E+02,2.69,0.4865,356,3.78,47.5,5497,4.394,1.046,13.967
CANDIDATE,7.6720844,0.523,3.451,7.51E+01,0.72,0.0731,875,138.74,8.4,5972,4.57,0.807,14.766
FALSE POSITIVE,2.178150857,0.58,1.931,1.63E+02,1.11,0.0321,1282,636.74,37.4,5691,4.56,0.836,13.72
FALSE POSITIVE,2.178150567,1.228,3.5065,5.11E+02,34.19,0.0352,1796,2457.28,131.4,6820,4.328,1.254,13.835
FALSE POSITIVE,25.33709016,0.824,9.664,2.28E+03,3.47,0.1441,414,6.93,120.3,4469,4.625,0.635,14.716
FALSE POSITIVE,4.396999852,0.987,1.875,4.58E+03,13.57,0.0525,1231,543.48,63.3,5949,4.311,1.156,14.491
CONFIRMED,14.28228147,0.019,2.6588,9.83E+02,1.82,0.0978,446,9.38,44.7,4102,4.675,0.595,14.672
CANDIDATE,3.251659087,0.938,1.5286,4.75E+03,9.83,0.0448,1384,865.87,466.2,6367,4.419,1.087,14.022
FALSE POSITIVE,1.16015259,0.748,1.3433,1.70E+02,1.4,0.0213,1751,2229.29,48.4,5842,4.433,0.985,12.45
CONFIRMED,3.743166733,0.008,3.6888,1.26E+02,1.5,0.0488,1423,971.76,47.2,6181,4.234,1.331,12.205
CONFIRMED,13.13747785,0.8,4.8655,2.13E+02,1.85,0.1084,825,109.68,43.1,5762,4.314,1.143,13.484
CONFIRMED,7.78199862,0.816,3.947,1.07E+02,1.32,0.0764,983,220.8,25.6,5762,4.314,1.143,13.484
FALSE POSITIVE,2.2227289,0.254,2.617,2.79E+02,34.14,0.051,4454,93172.12,10.5,4996,2.354,20.848,12.552
CONFIRMED,23.4433748,0.924,5.768,8.50E+01,1.29,0.1594,681,50.72,14.1,5762,4.314,1.143,13.484
CONFIRMED,5.868066282,0.801,4.1246,4.37E+02,3.6,0.0674,1254,584.32,97.6,5918,4.127,1.555,13.182
CONFIRMED,1.61189046,0.782,3.0792,1.01E+02,1.72,0.0285,1930,3267.98,38,5918,4.127,1.555,13.182
CONFIRMED,9.940666412,0.02,3.9092,5.20E+02,2.87,0.0953,996,233.04,161.4,6215,4.305,1.259,12.663
CONFIRMED,4.182001885,0.015,2.2209,8.47E+02,2.46,0.0503,974,213.29,160.3,5328,4.551,0.865,13.393
CANDIDATE,66.47762,0.384,4.487,5.54E+02,1.83,0.3052,388,5.34,9.1,5515,4.592,0.775,15.972
FALSE POSITIVE,1.621668852,1.194,1.7517,7.66E+03,32.76,0.0274,1598,1546.28,67.8,6106,4.487,0.966,13.9
CANDIDATE,26.89316101,0.98,2.3266,2.19E+03,6.78,0.1743,614,33.54,119.6,6096,4.511,0.908,13.754
CONFIRMED,14.70749512,0.127,3.1506,2.62E+02,2.04,0.1197,819,106.22,36.3,5676,4.247,1.28,13.387
CONFIRMED,20.73989406,0.777,3.1505,6.16E+02,2.11,0.1375,536,19.47,44.2,5132,4.571,0.77,14.157
CONFIRMED,47.4277116,0.678,5.2679,8.20E+02,2.33,0.2387,407,6.46,49.9,5132,4.571,0.77,14.157
FALSE POSITIVE,5.07442951,0.53,4.064,2.50E+02,1.38,0.0574,929,175.75,26.7,5448,4.562,0.857,14.789
CONFIRMED,12.87471243,0.932,2.2491,3.86E+03,11.26,0.115,926,173.5,218.5,5963,4.218,1.424,14.517
FALSE POSITIVE,176.2432946,1.271,5.0423,4.98E+03,48.15,0.5931,353,3.68,86.6,5559,4.209,1.231,14.468
CONFIRMED,3.07155284,0.855,4.0935,8.60E+01,1.65,0.0437,1556,1389.97,27.2,5918,4.127,1.555,13.182
CONFIRMED,22.24814617,0.868,4.1483,6.14E+02,2.72,0.1566,609,32.58,74.2,5629,4.503,0.943,13.721
CANDIDATE,0.702739679,0.742,1.379,6.51E+01,0.73,0.0145,1765,2292.96,9.5,5269,4.508,0.836,14.99
FALSE POSITIVE,4.305219002,0.626,2.6845,9.74E+03,10.34,0.0519,1119,370.84,205.8,5780,4.438,1,13.826
FALSE POSITIVE,13.77971135,0.201,7.63871,2.55E+04,47.58,0.1257,1376,848.24,2013.6,6444,3.643,2.947,13.21
CONFIRMED,2.508057497,0.742,1.1134,1.51E+03,3.25,0.034,997,234.06,312.7,4780,4.597,0.761,12.895
FALSE POSITIVE,5.07437786,1.21,5.942,6.06E+02,23.71,0.0564,1008,244.04,86.6,5661,4.48,0.919,13.842
CONFIRMED,0.900375925,0.093,1.257,4.14E+01,0.82,0.0186,2078,4399.18,14.6,5676,4.247,1.28,13.387
CONFIRMED,4.585466941,0.823,3.4437,3.84E+02,3.29,0.0571,1307,688.54,84.8,5788,4.16,1.495,13.764
CONFIRMED,22.71443351,0.816,6.0875,5.75E+02,4.01,0.1659,766,81.57,74.4,5788,4.16,1.495,13.764
CONFIRMED,47.903427,0.918,6.191,3.79E+02,3.55,0.2728,598,30.17,34.1,5788,4.16,1.495,13.764
CONFIRMED,9.034190783,0.846,1.5501,5.78E+02,1.8,0.0733,586,27.87,82.1,4499,4.635,0.639,13.177
FALSE POSITIVE,1.433339604,0.902,1.3665,3.05E+02,2.08,0.0255,1677,1873.33,39.6,6077,4.471,0.999,14.811
FALSE POSITIVE,37.86511904,1.28,2.9799,6.94E+03,40.36,0.225,535,19.31,222.3,5858,4.495,0.963,14.608
CONFIRMED,9.07098164,0.013,2.6903,1.03E+03,2.94,0.0854,825,109.61,59.1,5672,4.506,0.929,14.959
FALSE POSITIVE,2.879243323,0.709,2.6273,4.81E+04,21.02,0.0393,1244,565.39,200.5,5941,4.533,0.885,14.371
CONFIRMED,45.15535633,0.063,5.7845,6.21E+03,7.65,0.2528,523,17.68,285.1,6046,4.486,0.972,14.669
CONFIRMED,9.48965527,0.795,3.587,2.62E+02,2.16,0.0879,926,173.79,42.5,5672,4.279,1.204,13.774
CONFIRMED,4.22865217,0.009,3.3275,1.50E+02,1.83,0.0546,1379,854.59,41.5,5966,4.169,1.499,13.749
FALSE POSITIVE,2.85889907,0.936,1.465,5.57E+01,0.73,0.0371,989,226.09,6.9,4973,4.603,0.754,13.514
CONFIRMED,7.46662068,0.255,3.87,1.21E+02,1.65,0.0797,1141,401.08,27.4,5966,4.169,1.499,13.749
CONFIRMED,16.25951967,0.374,3.854,1.30E+02,1.72,0.1339,880,142.1,19.6,5966,4.169,1.499,13.749
CONFIRMED,11.1317901,0.342,4.051,9.55E+01,1.47,0.104,999,235.55,18.2,5966,4.169,1.499,13.749
CONFIRMED,28.1224393,0.516,4.174,1.94E+02,0.9,0.1563,401,6.13,26.9,4499,4.635,0.639,13.177
CONFIRMED,11.42755098,0.608,4.6074,5.01E+02,2.35,0.0964,852,124.31,165.5,5979,4.394,1.005,12.596
FALSE POSITIVE,0.983304511,0.477,1.78,7.99E+01,1.1,0.021,2121,4774.53,10.1,6363,4.386,1.198,14.981
CONFIRMED,45.9029768,0.303,5.0041,3.62E+02,1.18,0.2166,341,3.19,42.9,4499,4.635,0.639,13.177
CONFIRMED,4.159816554,0.676,1.6261,1.60E+02,0.86,0.0437,759,78.4,35.6,4499,4.635,0.639,13.177
CONFIRMED,5.69059163,0.573,2.557,1.38E+03,3.1,0.0586,860,129.31,45.5,5244,4.538,0.81,13.749
CONFIRMED,4.885488596,0.361,5.16165,7.46E+03,16.66,0.0605,1496,1182.79,2590.1,6036,3.968,1.909,12.885
CONFIRMED,130.1780296,0.022,8.4534,1.16E+04,10.44,0.5121,367,4.31,365.2,6046,4.486,0.972,14.669
CONFIRMED,85.3162004,0.972,2.7441,1.90E+03,6.34,0.3864,423,7.57,32.6,6046,4.486,0.972,14.669
CANDIDATE,17.76199841,0.907,2.4644,2.42E+04,14.25,0.1165,538,19.78,731.7,5088,4.612,0.669,14.762
CANDIDATE,155.042265,0.824,9.848,4.88E+03,26.44,0.6167,511,16.15,117.9,4994,3.509,3.322,14.932
CONFIRMED,10.34973276,0.905,4.4859,1.19E+02,1.44,0.0898,930,177.25,44.5,6003,4.303,1.109,11.811
CONFIRMED,16.08786246,0.824,3.095,6.13E+02,2.56,0.1207,668,47.17,63.7,5506,4.473,0.914,13.998
CANDIDATE,25.0032023,0.756,5.498,6.41E+01,1.47,0.1767,837,116.27,12.6,6148,4.055,1.685,12.55
CONFIRMED,41.74938613,0.226,5.6098,1.06E+03,2.94,0.228,486,13.22,95,5506,4.473,0.914,13.998
FALSE POSITIVE,0.56680081,0.004,3.6116,1.28E+02,1.02,0.013,2038,4065.92,71.5,5506,4.473,0.914,13.998
CONFIRMED,4.41746257,0.085,2.965,2.91E+02,3.95,0.0589,1810,2536.07,22.6,6570,3.86,2.297,13.343
CONFIRMED,8.981014925,0.097,1.8478,1.06E+03,3.14,0.078,880,141.77,198.3,5666,4.362,0.967,12.87
CONFIRMED,16.33888067,0.256,9.3599,1.72E+03,10.47,0.1295,963,203.31,201.9,4877,3.645,2.595,13.781
FALSE POSITIVE,39.1307086,0.013,2.295,2.01E+02,1.54,0.2309,600,30.75,7.4,6295,4.401,1.08,14.372
CONFIRMED,10.04157214,0.768,2.6577,1.11E+03,2.97,0.0855,712,60.74,28.1,5244,4.538,0.81,13.749
CONFIRMED,18.36974658,0.947,2.939,1.14E+03,3.58,0.1279,582,27.14,20.1,5244,4.538,0.81,13.749
CONFIRMED,2.79590004,0.638,2.056,3.84E+02,1.66,0.0365,1090,333.31,16.3,5244,4.538,0.81,13.749
CONFIRMED,13.72462702,0.748,6.9758,2.82E+02,2.13,0.1116,831,112.82,50.1,5817,4.293,1.171,13.645
CONFIRMED,46.40626,0.018,7.0281,4.69E+02,2.66,0.2559,588,28.23,51.2,6086,4.276,1.227,13.489
CANDIDATE,80.84069,0.003,8.567,9.33E+03,15.11,0.3768,500,14.83,21.6,5511,4.069,1.597,17.187
CONFIRMED,15.67750191,0.911,5.5082,1.16E+02,1.42,0.1185,810,101.79,39.6,6003,4.303,1.109,11.811
CONFIRMED,5.59931543,0.914,3.8944,8.48E+01,1.22,0.0596,1142,402.39,41.4,6003,4.303,1.109,11.811
CONFIRMED,25.2100146,0.771,6.553,6.21E+01,0.95,0.1626,691,54.06,18.8,6003,4.303,1.109,11.811
CONFIRMED,17.79001678,0.182,4.4116,8.71E+02,2.7,0.1304,655,43.5,67.2,5569,4.474,0.927,13.597
CONFIRMED,49.5674085,0.866,4.002,7.30E+02,2.91,0.2583,465,11.09,31.2,5569,4.474,0.927,13.597
CONFIRMED,6.790120801,0.486,6.0437,2.30E+03,9.86,0.0769,1434,998.97,526.1,6372,3.954,2.001,12.128
FALSE POSITIVE,1.655467295,0.001,3.2424,1.06E+03,2.17,0.0243,1080,322.97,98.7,4583,4.6,0.695,13.841
CONFIRMED,7.972510087,0.739,2.9754,3.14E+03,3.22,0.0642,497,14.45,206.7,3912,4.728,0.533,13.822
CONFIRMED,2.453236139,0.496,1.6691,1.72E+03,2.26,0.0293,737,69.36,158,3912,4.728,0.533,13.822
FALSE POSITIVE,11.9710626,0.999,2.7607,4.22E+02,5.84,0.1041,1044,280.97,42.6,6312,4.127,1.464,13.768
CONFIRMED,6.0404622,0.508,1.98,2.41E+02,1.3,0.0636,841,118.56,14.9,5297,4.578,0.825,13.283
CONFIRMED,4.13852825,0.185,2.281,2.57E+02,1.3,0.0494,954,196.51,20.5,5297,4.578,0.825,13.283
CONFIRMED,3.936993144,0.801,1.887,1.27E+03,3.36,0.048,1004,240.16,59.3,5431,4.563,0.843,15.063
CONFIRMED,28.08185982,0.425,4.5288,1.84E+03,3.63,0.1777,522,17.52,50.8,5431,4.563,0.843,15.063
CONFIRMED,23.66834635,0.758,5.8297,4.49E+02,2.32,0.1566,668,47.11,112.8,5979,4.394,1.005,12.596
CONFIRMED,10.08881066,0.921,1.7726,2.00E+03,4.71,0.0898,734,68.62,51.4,5431,4.563,0.843,15.063
CANDIDATE,60.458443,0.451,8.43,1.75E+02,1.59,0.3025,511,16.14,9.7,5865,4.297,1.181,14.544
FALSE POSITIVE,6.97106919,0.044,3.9125,4.53E+02,2.07,0.0737,946,189.16,41.7,5871,4.493,0.983,15.04
CONFIRMED,1.311842968,0.121,1.7876,2.45E+02,1.43,0.0229,1562,1410.6,44.2,5569,4.474,0.927,13.597
FALSE POSITIVE,38.13853099,1.231,3.8617,1.23E+03,68.75,0.2514,873,137.15,58.9,6481,3.861,2.343,13.592
CONFIRMED,14.58649856,0.665,4.0249,3.79E+02,2.45,0.1172,852,124.89,53,6063,4.29,1.191,13.49
CANDIDATE,8.0292018,0.51,3.462,6.56E+01,0.99,0.0788,1040,276.27,11.7,6063,4.29,1.191,13.49
FALSE POSITIVE,1.05569286,0.131,1.289,3.75E+01,0.45,0.0184,1395,898.72,7.1,4955,4.561,0.751,13.203
CONFIRMED,7.75192755,0.546,3.5413,4.07E+02,1.89,0.0768,852,124.47,77.3,5604,4.52,0.912,13.307
CONFIRMED,31.80475991,0.87,8.699,3.61E+02,2.99,0.2061,664,45.9,73.4,5867,4.235,1.356,13.178
CONFIRMED,16.2580276,0.131,6.375,4.70E+01,0.92,0.1317,830,112.41,11.5,5867,4.235,1.356,13.178
CONFIRMED,8.600153929,0.296,9.0015,4.51E+03,26.52,0.0975,1703,1986.75,1208.1,6093,3.475,3.913,13.643
FALSE POSITIVE,3.719809197,1.279,3.5317,2.96E+03,87.21,0.0514,1873,2912.21,373.9,6284,3.813,2.348,13.123
FALSE POSITIVE,0.73975345,0.525,4.2,4.82E+02,2.09,0.0153,1818,2580,86.2,5271,4.436,0.935,15.141
FALSE POSITIVE,1.612249049,1.171,4.235,1.54E+02,50.98,0.0308,2713,12788.25,45.4,6732,3.793,2.569,12.775
FALSE POSITIVE,44.25817308,0.815,7.58264,2.05E+04,37.38,0.2716,845,120.38,1282.3,6544,3.839,2.326,13.204
FALSE POSITIVE,3.05933906,1.259,1.7332,1.17E+03,36,0.0411,1434,999.16,37.7,6238,4.337,1.116,14.077
FALSE POSITIVE,0.624677585,0.522,2.411,3.73E+01,1.28,0.0188,4391,87591.59,31,9653,4.191,1.996,12.789
FALSE POSITIVE,0.759763198,0.571,3.083,2.03E+02,1.2,0.0158,1752,2227.19,30.8,5520,4.572,0.818,15.916
FALSE POSITIVE,372.37369,0.3052,12.33,6.66E+02,2.68,1.0466,267,1.2,15.6,6109,4.455,1.029,15.423
CONFIRMED,126.55719,0.965,8.079,3.66E+02,4.59,0.5548,524,17.85,24.8,6501,4.054,1.854,13.666
FALSE POSITIVE,12.43519054,0.321,3.8305,7.19E+01,0.52,0.0917,545,20.93,4.8,4756,4.676,0.62,14.844
CONFIRMED,20.0983676,0.02,5.207,1.58E+02,1.58,0.1495,775,85.34,20.9,6053,4.279,1.26,13.358
FALSE POSITIVE,85.112898,0.033,2.503,5.14E+02,2.21,0.3862,422,7.48,8,6018,4.485,0.975,15.681
CANDIDATE,2.41750021,0.895,4.33,5.82E+01,1.19,0.0348,1507,1221.36,15.2,5575,4.189,1.308,13.955
CANDIDATE,4.03357434,0.855,5.886,6.62E+01,1.23,0.049,1270,616.04,15.5,5575,4.189,1.308,13.955
FALSE POSITIVE,0.504426087,1.321,1.6276,6.15E+02,33.96,0.0117,2339,7077.76,81.7,6043,4.452,0.901,15.213
CANDIDATE,7.66462913,0.216,3.614,1.14E+02,1.6,0.0767,1106,353.31,13.2,5640,4.087,1.515,14.686
CONFIRMED,9.6887216,0.118,2,6.56E+02,3.09,0.0943,1014,250.25,18.1,6457,4.358,1.196,14.158
CONFIRMED,19.597317,0.87,4.508,1.01E+03,3.78,0.1366,671,47.9,23.7,5569,4.368,1.019,15.412
CONFIRMED,13.06243545,0.128,3.244,4.64E+02,1.36,0.0938,527,18.25,21.4,4522,4.615,0.655,14.885
FALSE POSITIVE,0.793663156,0.4,0.8244,1.86E+02,1.14,0.0159,1614,1600.85,23.7,5077,4.533,0.825,14.549
FALSE POSITIVE,2.81401302,0.567,5.801,5.57E+01,1.51,0.0396,1723,2081.51,33.8,5541,3.869,1.967,12.511
CONFIRMED,3.74031708,0.277,2.394,1.66E+02,1.38,0.049,1287,646.81,15.6,6260,4.433,1.063,15.331
FALSE POSITIVE,0.851678507,0.418,2.028,6.79E+01,0.85,0.0173,1840,2698.28,9.1,5403,4.389,1.029,15.25
FALSE POSITIVE,205.30627,0.1543,7.86,6.71E+02,2.48,0.6899,314,2.29,6.4,6045,4.494,0.955,15.971
FALSE POSITIVE,0.978046982,1.227,2.6137,8.39E+02,129.67,0.0234,3146,23083.37,105.2,5100,3.368,4.569,13.211
FALSE POSITIVE,1.332566763,0.474,4.001,3.85E+02,1.49,0.0222,1318,713.45,18.2,5134,4.599,0.752,16.49
FALSE POSITIVE,1.89131005,1.035,5.687,1.56E+02,6.4,0.0281,1590,1507.16,18.7,5706,4.255,1.12,15.157
CONFIRMED,0.692978457,0.938,1.1366,6.10E+01,2.24,0.0165,3186,24240.83,20.9,6105,3.805,2.304,13.447
FALSE POSITIVE,87.140633,,18.11,,,,,11.37,,,,,15.149
FALSE POSITIVE,185.53285,1.2682,31.46,8.77E+02,28.39,0.6297,302,1.96,19.9,5817,4.544,0.87,15.692
FALSE POSITIVE,0.885131111,0.715,3.377,9.32E+01,0.9,0.0178,1818,2579.83,23.4,5904,4.543,0.867,14.549
FALSE POSITIVE,1.85447373,0.514,2.665,3.07E+02,1.33,0.0276,1221,527.79,18.9,5341,4.609,0.743,15.699
CANDIDATE,0.487656278,0.037,1.0129,1.10E+02,0.99,0.0122,2299,6647.8,25.1,5957,4.506,0.937,14.374
FALSE POSITIVE,0.502622858,0.693,3.085,1.46E+02,1.41,0.0127,2478,8838.66,41.1,6029,4.385,1.098,14.564
CONFIRMED,31.8055128,0.476,3.979,1.42E+02,0.63,0.1596,378,4.84,10.9,4729,4.726,0.525,13.831
CANDIDATE,3.25424652,0.665,5.378,8.21E+01,0.96,0.0426,1220,521.81,18.3,5692,4.421,1.004,14.359
CONFIRMED,3.50472344,0.309,1.9464,9.07E+01,0.8,0.0419,1019,254.49,18.4,5115,4.477,0.854,13.632
CONFIRMED,124.827797,0.096,6.479,6.48E+02,2.57,0.4679,350,3.56,17.1,5349,4.353,1.032,15.259
CANDIDATE,11.9294568,0.3789,3.193,1.32E+02,1.05,0.0984,797,95.42,11.7,5975,4.48,0.9,14.686
FALSE POSITIVE,0.786260569,1.226,4.556,8.77E+02,15.72,0.0136,1192,477.45,246,4223,4.681,0.557,14.04
FALSE POSITIVE,0.597934463,1.224,3.1225,5.15E+02,23.2,0.0136,2126,4834.45,72.2,6052,4.539,0.863,15.248
FALSE POSITIVE,360.76458,1.7475,21.22,3.84E+02,60.3,0.9173,216,0.52,10,5513,4.616,0.724,14.659
FALSE POSITIVE,2.15292788,0.45,3.043,4.14E+01,1.02,0.0306,1841,2708.61,21.5,5851,3.969,1.555,12.643
FALSE POSITIVE,2.61585431,0.577,6.519,1.70E+02,1.28,0.0375,1358,803.03,26.9,6131,4.497,0.945,15.181
CANDIDATE,9.54699216,0.879,5.063,1.43E+02,1.71,0.0952,996,232.24,17.4,6274,4.357,1.232,14.718
CANDIDATE,14.708641,0.96,5.394,1.31E+02,1.82,0.127,862,130.5,12.8,6274,4.357,1.232,14.718
CONFIRMED,31.3351094,0.706,6.071,2.65E+02,1.99,0.2054,666,46.53,16.7,6404,4.393,1.142,14.681
FALSE POSITIVE,1.061002863,0.337,1.962,1.42E+02,1.06,0.0202,1679,1883.03,15.7,5767,4.538,0.881,15.213
FALSE POSITIVE,363.35755,0.0406,19.85,3.95E+02,3.45,0.9628,305,2.05,13.9,5086,3.89,1.783,14.661
FALSE POSITIVE,0.924821319,0.401,2.594,1.22E+02,1.1,0.0185,1963,3514.31,24.3,6135,4.455,0.974,15.293
FALSE POSITIVE,4.4697452,0.982,5.33,2.42E+02,2.43,0.0523,1248,574.11,33.8,6102,4.316,1.125,13.726
CONFIRMED,214.881456,0.023,9.581,7.59E+02,2.68,0.6687,286,1.59,16.1,5323,4.378,0.995,15.188
FALSE POSITIVE,122.906853,0.974,15.97,8.20E+02,3.55,0.4782,338,3.08,19.9,5692,4.547,0.866,15.593
FALSE POSITIVE,12.42221675,0.056,6.5533,5.45E+01,0.8,0.1097,864,131.73,11,6231,4.424,1.084,13.598
CONFIRMED,4.85018974,0.985,5.676,6.45E+01,1.1,0.0571,1098,344.04,15.8,6032,4.485,0.973,13.809
FALSE POSITIVE,383.43595,0.025,11.059,1.23E+03,2.53,0.959,214,0.5,14.1,5576,4.615,0.729,15.27
CONFIRMED,3.82315697,0.064,2.388,4.72E+01,0.77,0.0511,1282,638.38,8.9,6202,4.422,1.122,12.692
FALSE POSITIVE,0.842336445,0.266,1.519,8.01E+01,0.9,0.0171,1941,3367.24,8.8,5765,4.415,0.998,13.319
FALSE POSITIVE,339.4293408,,7.5,,,,,,,,,,13.113
CANDIDATE,13.6032081,0.777,2.592,1.81E+02,0.75,0.0903,397,5.85,9.4,3780,4.746,0.511,15.108
FALSE POSITIVE,0.914468919,1.271,2.695,3.43E+03,36.84,0.018,1884,2978.16,189,5762,4.415,0.989,14.582
FALSE POSITIVE,1.54039744,0.723,1.787,1.28E+02,1.08,0.0237,1520,1267.95,7,5649,4.421,0.884,14.608
CONFIRMED,8.45805119,0.697,2.998,2.59E+02,2.52,0.0875,1117,367.05,18.3,6172,4.198,1.471,14.806
CONFIRMED,101.1107014,0.046,8.029,8.78E+02,1.61,0.3548,229,0.65,24.1,4133,4.705,0.561,15.134
FALSE POSITIVE,0.907943645,1.356,1.9144,1.03E+03,49.37,0.0191,2219,5715.61,53.7,6434,4.354,1.166,13.819
FALSE POSITIVE,94.446856,0.977,7.502,4.36E+02,7.13,0.4316,611,32.93,20,5780,3.729,2.478,13.939
FALSE POSITIVE,0.92565941,0.042,1.488,3.00E+01,0.88,0.0203,2383,7600.86,11.2,6058,4.135,1.612,12.6
FALSE POSITIVE,0.537110149,1.106,1.7976,9.20E+01,32.19,0.0141,3195,24545.75,41.1,5395,3.739,2.537,13.078
CONFIRMED,9.84262076,0.234,1.6018,6.26E+02,2.41,0.0918,801,97.62,16.8,5585,4.49,0.972,15.308
FALSE POSITIVE,2.99194823,0.71,4.39,9.96E+01,0.78,0.0378,1019,255.16,18.2,5269,4.62,0.727,14.395
CONFIRMED,62.3026877,0.712,7.509,8.59E+02,3.05,0.2965,454,10.05,45,5688,4.415,0.971,14.534
CONFIRMED,72.3826983,0.791,8.279,3.66E+02,4.21,0.355,575,25.83,29.5,5508,3.897,1.988,12.848
FALSE POSITIVE,360.33012,0.3698,15.16,1.02E+03,2.34,0.9229,200,0.38,12.2,5054,4.606,0.74,15.892
FALSE POSITIVE,0.566803149,0.822,1.643,2.46E+02,1.93,0.0142,2380,7612.11,52.6,6147,4.435,1.096,14.65
FALSE POSITIVE,15.3466028,0.591,4.966,2.39E+02,3.64,0.1414,1194,480.12,13,6771,3.934,2.259,14.335
CANDIDATE,7.23531329,0.326,3.338,1.12E+02,1.53,0.0783,1207,501.36,14,6422,4.219,1.421,13.166
FALSE POSITIVE,0.531106622,0.94,3.0293,5.13E+03,7.54,0.0116,1781,2371.49,286.2,4978,4.539,0.762,15.169
FALSE POSITIVE,1.332547503,0.746,4.521,1.30E+02,1.23,0.0243,1719,2062.92,25.5,6077,4.471,0.999,15.164
CONFIRMED,225.585245,0.066,11.166,7.55E+02,3.71,0.7681,348,3.48,18.6,5929,4.243,1.363,14.9
CONFIRMED,24.4972683,0.817,5.43,4.49E+02,2.74,0.1772,722,64.25,19.5,6392,4.399,1.162,15.152
FALSE POSITIVE,4.20253859,0.937,5.389,3.15E+01,0.71,0.0479,1136,394.08,8.8,5596,4.343,1.015,13.598
FALSE POSITIVE,0.535578808,1.225,1.7973,1.94E+02,33.97,0.0135,2870,16161.27,38.3,6610,4.264,1.313,13.94
FALSE POSITIVE,0.89486317,0.65,2.657,1.72E+02,1.19,0.0179,1764,2296.25,16.1,5764,4.548,0.863,15.863
CANDIDATE,64.1862264,0.968,8.485,5.07E+02,8,0.3686,839,116.97,18.6,6951,3.766,2.758,12.972
CONFIRMED,4.62602867,0.739,0.643,3.47E+02,1.65,0.0516,1012,247.34,14.7,5834,4.566,0.797,14.667
CONFIRMED,8.93484887,0.888,2.579,1.36E+02,1.83,0.0928,1124,377.25,9.7,6688,4.304,1.347,13.827
FALSE POSITIVE,7.04716175,0.856,2.693,1.51E+02,1.1,0.0684,817,105.1,9.4,5496,4.592,0.776,15.13
FALSE POSITIVE,368.71479,1.9265,16.46,1.21E+03,91.06,0.9969,236,0.73,10.9,5716,4.544,0.872,15.593
CANDIDATE,4.93211932,0.034,3.144,5.05E+01,1.02,0.0606,1372,837.01,7.5,6422,4.219,1.421,13.166
CANDIDATE,4.85819429,0.086,5.356,7.63E+01,2.04,0.0595,1685,1904.91,25.2,6109,3.78,2.326,13.269
FALSE POSITIVE,119.0192648,0.79,8.1,1.98E+03,4.44,0.4772,350,3.53,31.1,5754,4.534,0.905,15.644
CONFIRMED,8.40693068,0.015,1.866,1.67E+02,1.95,0.0781,1048,285.67,6.8,5365,4.02,1.533,13.801
CANDIDATE,3.39904814,0.596,2.922,6.96E+01,0.81,0.0423,1191,477.15,8.1,5766,4.444,0.929,14.803
FALSE POSITIVE,0.974479091,0.224,1.866,2.21E+02,1.19,0.0177,1513,1239.32,25.3,5043,4.502,0.819,14.655
FALSE POSITIVE,3.57017774,0.094,4.473,7.96E+01,57.36,0.0521,6119,331478.01,8.9,3812,0.93,69.001,13.334
FALSE POSITIVE,1.10601182,0.532,2.577,5.29E+01,0.77,0.0216,1903,3093.39,15.5,6241,4.45,1.031,14.363
FALSE POSITIVE,6.873655305,0.08,3.5415,1.81E+02,1.21,0.0694,906,159.51,3.4,5668,4.492,0.912,14.046
CONFIRMED,0.626281766,0.553,1.1812,4.33E+02,1.76,0.0133,1711,2011.27,31,4922,4.505,0.823,15.622
CANDIDATE,1.183505016,0.403,1.275,1.17E+02,0.8,0.0203,1293,658.87,10,4832,4.592,0.746,15.424
CONFIRMED,2.790643481,0.787,0.6871,2.02E+02,0.99,0.0334,816,104.74,20.2,4353,4.681,0.603,13.435
CONFIRMED,0.971915957,0.592,1.6023,7.37E+01,0.79,0.018,1609,1591.27,16.7,5196,4.458,0.889,14.5
CONFIRMED,3.03196812,0.287,1.723,8.15E+01,0.9,0.0397,1269,614.2,15.8,5755,4.402,0.993,13.421
FALSE POSITIVE,1.2940561,0.394,0.97,5.12E+01,5.27,0.0307,4465,93976.84,6.4,6635,3.092,7.146,12.855
FALSE POSITIVE,0.53936593,0.988,5.434,1.45E+02,9.19,0.0165,5016,149399.93,57.6,6341,3.301,5.302,12.915
FALSE POSITIVE,0.643703667,0.036,0.801,1.72E+02,1.48,0.0148,2358,7305.66,40.3,6161,4.362,1.114,13.791
CANDIDATE,15.9042402,0.876,2.093,4.45E+02,3.79,0.1246,863,131.11,13.3,5583,4.077,1.53,15.61
FALSE POSITIVE,0.735146413,1.192,5.053,2.75E+02,168.34,0.022,5366,195250.9,78,6611,3.112,7.435,12.855
FALSE POSITIVE,0.827351796,0.544,2.1885,4.47E+01,0.9,0.0165,2208,5583.73,30.6,5609,4.141,1.31,12.9
CANDIDATE,4.16288745,0.4265,0.678,3.92E+02,1.32,0.0436,763,80.23,12,4478,4.615,0.651,15.658
FALSE POSITIVE,0.618952198,1.282,2.8244,8.32E+03,4.96,0.0065,497,14.29,259.3,2661,5.283,0.116,13.593
FALSE POSITIVE,1.31723412,1.07,7.284,4.23E+02,125.56,0.0357,5471,211468.1,78.4,6740,2.816,12.08,13.449
CANDIDATE,4.44902309,0.034,1.373,8.89E+01,0.55,0.0456,699,56.19,10.4,4353,4.681,0.603,13.435
CANDIDATE,1.121733366,0.464,1.032,8.43E+01,2.39,0.0222,2384,7641.15,13.6,5023,3.682,2.571,13.875
CONFIRMED,4.95060632,0.458,1.719,3.10E+02,1.28,0.0525,885,145.23,17.4,5431,4.623,0.717,15.309
FALSE POSITIVE,379.08202,1.181,33.87,1.61E+03,23.99,1.0412,253,0.97,23.2,5982,4.493,0.96,15.813
FALSE POSITIVE,366.31509,0.4314,12.41,3.36E+02,2.87,1.0726,353,3.65,13,6705,4.16,1.524,13.974
FALSE POSITIVE,0.536544193,0.267,2.918,1.60E+02,0.9,0.0118,1745,2199.75,25.3,5041,4.597,0.728,15.89
CONFIRMED,1.005205893,0.137,1.63,9.75E+01,0.85,0.0194,1682,1893.23,15,5718,4.549,0.863,14.658
FALSE POSITIVE,43.796785,1.187,18.84,2.56E+02,20.79,0.2326,542,20.4,21.2,6109,4.432,0.941,14.372
FALSE POSITIVE,0.952371227,1.2,3.926,3.53E+02,21.96,0.019,1870,2885.01,42.6,6086,4.511,0.921,15.868
FALSE POSITIVE,1.089088292,0.291,1.8599,1.42E+02,1.28,0.0218,1914,3167.63,1.8,6194,4.445,1.069,15.693
FALSE POSITIVE,1.1518407,,2.53,,,,,,,,,,15.206
FALSE POSITIVE,7.7553808,1.235,22.321,8.40E+02,22.2,0.0694,822,107.76,55.9,5607,4.539,0.766,15.553
FALSE POSITIVE,0.730949487,0.86,2.367,8.73E+01,1.27,0.0169,2311,6730.38,15.8,6238,4.365,1.191,14.184
CONFIRMED,3.95116635,0.374,2.566,6.09E+01,0.83,0.0479,1160,427.07,20.4,5574,4.354,1.065,12.639
CONFIRMED,2.89223998,0.017,2.521,4.43E+01,0.7,0.0389,1287,647.55,17.3,5574,4.354,1.065,12.639
FALSE POSITIVE,0.991552822,1.158,1.135,6.07E+02,37.93,0.0193,2558,10148.8,17.3,5908,3.888,1.862,11.968
FALSE POSITIVE,1.89124187,0.198,4.415,1.06E+02,0.93,0.0293,1312,698.9,20.8,5285,4.474,0.927,14.486
CANDIDATE,3.79437277,0.05,2.289,8.32E+01,1.36,0.0456,1383,865.53,7.7,5455,4.025,1.507,14.816
CONFIRMED,184.77271,0.04,9.568,9.51E+02,2.41,0.6045,268,1.21,21,5273,4.566,0.801,14.838
FALSE POSITIVE,392.49728,0.1658,10.53,1.06E+03,2.82,1.0394,232,0.68,14.5,5737,4.544,0.872,15.814
CANDIDATE,363.41165,0.3923,14.79,9.62E+02,3.14,1.0229,263,1.12,17.4,6025,4.472,0.999,15.445
CONFIRMED,59.284064,0.556,5.42,4.24E+02,1.81,0.2832,401,6.14,13.1,5225,4.505,0.859,15.48
CONFIRMED,6.96704926,0.906,3.73,2.14E+02,6.14,0.0867,1774,2341.58,18.6,6303,3.595,3.53,13.487
FALSE POSITIVE,8.8109721,1.227,4.822,2.40E+04,47.94,0.0837,881,142.58,26,5780,4.438,1,18.533
CONFIRMED,168.81133,0.083,6.582,6.14E+02,1.69,0.5459,241,0.8,15.3,4798,4.62,0.707,14.061
CONFIRMED,67.968656,0.317,7.948,3.22E+02,1.71,0.3031,443,9.09,27.3,5670,4.387,0.95,13.865
CANDIDATE,215.956008,0.959,10.425,3.93E+02,3.36,0.7429,361,4.03,23.3,6163,4.27,1.313,12.853
FALSE POSITIVE,2.15681538,0.615,5.115,1.07E+02,1.06,0.0326,1473,1114.9,22.6,6084,4.45,0.983,14.758
FALSE POSITIVE,0.708563091,1.196,6.347,4.15E+02,15.38,0.0139,1587,1501.41,90.8,5271,4.669,0.648,15.017
CANDIDATE,2.00870696,0.194,4.87,5.35E+01,0.55,0.0278,1232,542.87,12.2,5341,4.526,0.759,12.334
FALSE POSITIVE,366.24282,0.235,15.76,7.34E+02,2.4,1.006,237,0.75,18.2,5713,4.541,0.893,15.501
FALSE POSITIVE,1.33256418,0.559,4.701,1.62E+02,0.81,0.0201,1262,602.26,20.7,5157,4.641,0.62,15.86
CANDIDATE,0.655939788,0.301,1.318,7.30E+01,1.48,0.0145,2411,7986.43,18.7,4968,3.924,1.755,14.511
FALSE POSITIVE,12.4258833,0.982,24.83,9.36E+01,2.19,0.0988,1006,242.04,34.4,5611,3.933,1.632,13.369
FALSE POSITIVE,1.387838134,0.38,2.252,1.37E+02,1.24,0.0252,1783,2378.53,20.4,6273,4.442,1.044,15.167
FALSE POSITIVE,0.678349364,1.187,3.092,4.86E+02,19.06,0.0147,1844,2737.73,12,5569,4.566,0.829,14.261
FALSE POSITIVE,1.022028468,1.247,8.866,1.34E+03,26.91,0.0181,1649,1755.39,184.5,5445,4.456,0.855,14.592
FALSE POSITIVE,0.72359699,0.608,1.326,4.96E+02,6.73,0.0198,4699,114645.28,14.8,8855,3.818,2.858,14.338
FALSE POSITIVE,1.6156052,1.149,14.55,1.58E+03,34.69,0.0299,2202,5539.33,253.1,6770,4.15,1.623,13.391
FALSE POSITIVE,1.8913182,0.439,4.374,2.02E+02,0.9,0.0255,983,221.36,17.6,4476,4.627,0.633,15.171
FALSE POSITIVE,494.165759,0.41,2.239,1.44E+03,4.5,1.313,265,1.17,7.4,6392,4.399,1.162,15.404
FALSE POSITIVE,2.43585046,0.471,2.088,6.05E+01,2.6,0.0413,2544,9880.82,14.9,6501,3.613,3.247,13.464
FALSE POSITIVE,1.33255441,0.649,3.828,1.07E+02,1.12,0.0245,1743,2180.2,15.1,6099,4.456,1.028,15.708
FALSE POSITIVE,359.1015,0.317,11.461,4.97E+02,2.37,1.0201,285,1.56,12.9,6373,4.438,1.047,14.821
FALSE POSITIVE,0.941840589,1.198,5.06,3.88E+02,27.05,0.0189,2200,5547.35,23,6419,4.33,1.142,13.956
FALSE POSITIVE,1.728521892,0.719,3.361,9.22E+01,1.19,0.0276,1678,1869.82,30.2,5872,4.282,1.157,12.861
FALSE POSITIVE,1.89125855,0.677,5.415,6.79E+01,0.81,0.0279,1671,1839.74,24.8,6569,4.41,0.927,13.517
FALSE POSITIVE,8.65312868,1.185,3.376,5.09E+02,20.38,0.0818,857,127.5,22.6,5880,4.525,0.893,15.534
CONFIRMED,30.0899459,0.907,6.654,2.43E+02,2.25,0.1982,660,44.79,16.6,6056,4.332,1.209,14.881
FALSE POSITIVE,1.39862757,0.617,9.625,4.55E+01,2.39,0.032,3562,38048.23,59.6,7872,3.732,3.367,11.915
CONFIRMED,9.91937693,0.163,4.326,1.87E+02,1.32,0.0871,838,116.43,18.8,5688,4.415,0.971,14.534
FALSE POSITIVE,0.918510251,0.622,2.587,5.26E+01,1.77,0.0198,2795,14485.22,20.3,5837,3.791,2.338,13.815
CONFIRMED,9.47850818,0.112,6.154,1.85E+02,1.47,0.0914,946,189.14,26.7,6249,4.428,1.076,14.456
FALSE POSITIVE,0.783258387,0.2514,2.2926,3.29E+02,1.28,0.0147,1559,1395.69,28.5,5067,4.565,0.715,15.729
CONFIRMED,4.24263096,0.201,2.582,1.88E+02,1.1,0.0481,926,174.24,15.9,5072,4.521,0.825,14.955
FALSE POSITIVE,1.231363214,0.969,5.8101,4.77E+03,10.75,0.0225,1699,1973.12,112.7,5780,4.438,1,17.661
FALSE POSITIVE,0.755101928,0.464,3.044,1.20E+02,0.91,0.0153,1763,2287.46,18.1,5465,4.535,0.819,15.443
FALSE POSITIVE,4.56447463,0.508,6.415,2.08E+02,1.13,0.0511,902,156.74,42.6,5270,4.596,0.77,14.34
FALSE POSITIVE,1.027904857,1.261,1.6381,2.38E+03,30.48,0.0183,1653,1769.2,117.8,5432,4.446,0.872,15.32
FALSE POSITIVE,367.95566,0.957,21.877,1.41E+03,3.62,0.9018,183,0.27,13.7,4723,4.611,0.696,15.964
CONFIRMED,163.692336,0.028,6.853,1.14E+03,2.75,0.5442,274,1.34,21,4999,4.49,0.843,15.031
FALSE POSITIVE,1.106529843,0.974,6.258,3.20E+02,1.91,0.0201,1649,1746.73,69.2,5932,4.58,0.798,15.144
FALSE POSITIVE,111.741576,0.057,3.83,2.39E+02,6.88,0.5343,676,49.4,9.9,5267,3.338,4.525,13.075
CANDIDATE,110.461746,0.036,12.46,3.31E+02,1.93,0.4667,420,7.34,15.8,6321,4.434,1.058,15.092
CONFIRMED,198.088873,0.633,7.955,1.03E+03,3.24,0.6314,288,1.63,18,5275,4.397,0.969,15.717
FALSE POSITIVE,1.08193721,0.168,4.788,1.15E+02,0.77,0.0184,1385,870.17,14.4,4965,4.555,0.736,15.471
CANDIDATE,44.6226725,0.931,12.974,1.32E+02,1.73,0.2464,613,33.39,20.6,6198,4.252,1.239,13.519
FALSE POSITIVE,2.43142974,0.2234,2.713,1.47E+02,1.17,0.0327,1378,852,10.7,5750,4.364,0.965,14.539
CONFIRMED,1.41975831,0.644,1.429,6.09E+01,0.85,0.0245,1700,1968.38,8.1,5925,4.394,1.035,12.801
CONFIRMED,169.135056,0.754,8.931,6.41E+02,2.21,0.5608,273,1.31,24.5,5171,4.545,0.801,14.566
FALSE POSITIVE,0.73095491,0.415,2.206,2.96E+01,0.88,0.0175,2711,12770.31,7.5,6454,4.163,1.587,12.028
CONFIRMED,3.951383138,1.217,1.0582,4.06E+02,23.51,0.0463,1083,324.78,23.9,5570,4.458,0.899,14.368
CONFIRMED,6.84978728,0.954,4.919,1.39E+02,1.83,0.0739,1081,322.19,17,6056,4.332,1.209,14.881
CANDIDATE,80.769893,0.158,4.2,1.29E+02,1.87,0.3625,475,12.07,6.7,4965,3.961,1.708,13.026
FALSE POSITIVE,1.111362442,0.715,6.24,1.34E+02,2.86,0.0238,2820,14894.75,36.8,6486,3.872,2.308,12.845
CONFIRMED,28.9060526,0.863,3.099,9.90E+01,0.79,0.165,414,6.94,13.3,4657,4.641,0.67,12.485
CONFIRMED,8.10503551,0.353,4.459,2.10E+02,1.45,0.0805,959,199.74,16.5,6201,4.472,0.989,15.353
CONFIRMED,8.82715783,0.249,2.019,3.69E+02,1.67,0.0829,797,95.25,11.1,5550,4.539,0.878,15.247
FALSE POSITIVE,143.196381,1.017,10.424,6.18E+02,6.64,0.5141,380,4.95,17.4,6007,4.333,1.06,14.034
FALSE POSITIVE,9.089151782,0.043,3.1886,1.10E+02,4.35,0.1058,1848,2754.19,7.1,6729,3.493,4.099,12.972
FALSE POSITIVE,1.87886973,0.657,3.876,1.82E+02,1.04,0.0277,1236,553.59,23.9,5448,4.613,0.734,13.907
FALSE POSITIVE,0.979161676,0.634,2.942,1.60E+02,1.03,0.0184,1548,1357.43,20.2,5390,4.591,0.78,15.278
CANDIDATE,225.26213,0.349,14.459,3.89E+02,2.36,0.7193,329,2.77,24.6,5799,4.276,1.191,13.841
FALSE POSITIVE,0.855922327,0.009,1.514,1.31E+02,0.87,0.0159,1658,1782.11,21.1,5437,4.539,0.759,14.663
FALSE POSITIVE,25.9528725,0.741,12.434,1.64E+02,1.53,0.1797,697,55.82,16.9,6370,4.41,1.106,13.812
CANDIDATE,2.31482311,0.067,2.127,5.86E+01,0.69,0.0322,1237,554.4,14.2,5240,4.428,0.923,13.506
FALSE POSITIVE,0.952374508,0.013,3.006,2.05E+02,1.13,0.0175,1435,1006.13,33,4754,4.508,0.821,15.611
FALSE POSITIVE,0.936751792,0.991,5.658,2.64E+01,2.07,0.0239,3814,50168.18,23,7843,3.829,2.909,13.205
FALSE POSITIVE,393.34331,0.2607,9.481,1.75E+03,2.27,0.8785,140,0.09,21.2,3994,4.717,0.554,15.646
FALSE POSITIVE,0.621361411,0.017,1.0628,4.50E+01,1.12,0.0148,2913,17004.65,24.6,6234,4.046,1.66,12.696
FALSE POSITIVE,250.2376074,,16.58,,,,,,,,,,15.974
CANDIDATE,10.778313,0.591,5.256,9.07E+01,1.25,0.0973,1067,306.18,12.5,6726,4.262,1.258,13.264
FALSE POSITIVE,0.594310785,0.161,0.9994,1.13E+02,0.91,0.0135,2068,4338.76,15.7,5931,4.554,0.845,15.349
CONFIRMED,27.2106807,0.973,10.515,9.94E+01,1.73,0.1724,725,65.27,16.9,5973,4.171,1.305,13.694
FALSE POSITIVE,4.31978105,0.7702,7.204,6.58E+01,3.87,0.0581,2111,4693.13,23.5,5519,3.303,4.368,12.846
CANDIDATE,4.32710895,1.158,1.387,1.09E+02,26.6,0.0484,1397,900.23,12.9,5776,4.018,1.455,13.404
CANDIDATE,2.90512019,0.417,2.293,6.12E+01,0.57,0.0351,1075,314.96,13.2,5374,4.555,0.721,13.851
CONFIRMED,14.2651545,0.353,3.601,6.63E+01,1.06,0.117,853,125.45,13.9,5825,4.237,1.291,12.515
CANDIDATE,5.04404366,0.08,1.682,2.37E+02,1.47,0.0581,1078,318.92,11.6,6039,4.493,0.951,15.744
CONFIRMED,11.17931581,0.381,3.103,9.06E+01,1.81,0.1074,1159,426.61,12,6292,4.014,1.873,13.352
FALSE POSITIVE,1.284991846,0.485,2.274,2.91E+01,1.17,0.0243,2491,9065.72,15.3,6060,3.852,2.106,12.923
CANDIDATE,1.166960319,0.033,1.6823,9.78E+01,0.88,0.0219,1596,1534.29,17.9,5632,4.537,0.904,14.391
FALSE POSITIVE,324.18028,0.733,18.15,8.79E+01,2.2,0.9789,382,5.01,10.9,5792,3.835,2.183,12.092
FALSE POSITIVE,0.530959357,0.348,2.417,8.44E+01,0.69,0.0121,1852,2764.64,22,5325,4.607,0.75,15.049
CANDIDATE,0.701944362,0.07,0.641,2.11E+02,0.8,0.0125,1227,535.78,17.1,4236,4.698,0.539,15.397
CANDIDATE,3.05772668,0.007,1.819,3.11E+02,1.23,0.037,878,141.1,13.7,4483,4.57,0.731,15.745
CANDIDATE,9.9092109,0.755,2.552,9.42E+02,2.35,0.0828,693,54.54,6.4,5396,4.632,0.702,15.96
FALSE POSITIVE,0.996864568,0.644,1.098,8.67E+01,0.77,0.0177,1588,1505.33,21.4,5418,4.524,0.782,13.681
FALSE POSITIVE,0.673684895,0.547,1.161,5.11E+01,0.7,0.0147,2001,3803.56,7,5645,4.453,0.951,14.42
CONFIRMED,56.644452,0.579,16.551,1.05E+02,2.44,0.323,733,68.37,21.8,6237,3.862,2.295,12.561
FALSE POSITIVE,1.710319812,0.559,2.983,4.36E+01,0.56,0.0263,1426,978.84,19.1,5774,4.524,0.825,13.388
FALSE POSITIVE,5.62978034,0.08,5.847,3.79E+02,1.61,0.061,899,154.59,19.1,5497,4.57,0.839,15.993
FALSE POSITIVE,1.050852976,1.111,1.6788,4.17E+04,45.89,0.0203,1791,2423.97,143,5780,4.438,1,17.172
CANDIDATE,6.39269778,0.011,2.138,1.74E+02,1.21,0.0638,890,148.31,11.3,5248,4.416,0.943,14.93
FALSE POSITIVE,1.540398683,0.47,1.5676,7.30E+01,12.65,0.0321,4689,114263.25,4.8,4971,2.373,14.678,13.254
CONFIRMED,3.0570982,0.104,3.571,1.44E+02,0.99,0.04,1202,493.09,15.7,6021,4.57,0.819,14.803
FALSE POSITIVE,365.25921,0.0035,13.74,5.29E+02,2.39,1.0104,268,1.23,12.8,5993,4.415,1.042,15.413
CANDIDATE,7.87845756,0.562,3.912,4.41E+01,0.78,0.0751,989,226.11,10.5,5767,4.287,1.135,13.455
FALSE POSITIVE,372.72688,0.9082,12.751,3.32E+02,3.52,1.1166,326,2.67,17,6148,4.147,1.615,13.473
FALSE POSITIVE,9.9398272,1.973,4.1198,4.79E+02,101.71,0.0917,819,106.5,4.3,5798,4.507,0.941,15.579
FALSE POSITIVE,0.866346,0.409,2.011,1.16E+02,1.24,0.0183,2165,5186.18,13.9,6241,4.366,1.131,13.789
FALSE POSITIVE,0.885129679,0.651,3.156,1.77E+02,1.21,0.0178,1780,2373.06,21.2,5792,4.547,0.864,15.766
FALSE POSITIVE,56.898749,0.4491,3.522,5.14E+02,6.33,0.3608,1107,355.22,6.2,9189,3.864,2.692,11.96
FALSE POSITIVE,0.438153876,1.124,1.3885,1.65E+02,14,0.0113,2407,8008.07,33.4,6032,4.508,0.929,14.84
FALSE POSITIVE,398.40957,0.1165,11.486,8.80E+02,3.33,1.0914,279,1.44,11,6251,4.378,1.119,15.244
FALSE POSITIVE,0.696286519,0.985,3.194,1.21E+02,1.34,0.0152,1969,3537.89,19.7,5904,4.543,0.867,15.034
CONFIRMED,5.79179934,0.896,3.474,1.19E+02,1.69,0.0654,1222,528.14,17.7,6174,4.244,1.318,13.96
CONFIRMED,129.945392,0.909,5.786,5.00E+02,1.18,0.3855,177,0.23,13.1,3751,4.8,0.443,14.625
CANDIDATE,27.9040511,0.854,5.346,3.00E+02,2.19,0.1891,677,49.53,12.8,6325,4.409,1.112,15.212
FALSE POSITIVE,1.39772545,0.644,4.129,1.81E+02,1.58,0.0252,1763,2275.72,17.9,6006,4.38,1.114,15.012
FALSE POSITIVE,12.4246697,1.9583,44.07,4.24E+02,168.91,0.1099,1099,344.8,116.9,6550,4.094,1.59,13.398
FALSE POSITIVE,383.00806,0.0358,9.71,6.32E+02,2.2,1.0256,235,0.72,7.6,5750,4.538,0.882,15.371
FALSE POSITIVE,0.847588864,0.507,2.246,6.71E+01,0.91,0.0182,2144,5000.82,21.3,6335,4.427,1.072,14.263
FALSE POSITIVE,331.81534,0.1599,10.56,3.70E+02,1.84,0.9508,267,1.2,7.8,6029,4.494,0.956,15.027
FALSE POSITIVE,1.75649346,0.242,3.429,2.75E+01,1.62,0.0345,2745,13425.76,13.3,6619,3.718,3.05,13.306
CANDIDATE,0.644322147,1.3275,0.893,1.08E+03,24.39,0.0124,1592,1516.94,79.6,5136,4.648,0.612,14.999
FALSE POSITIVE,1.8912501,1.24,7.648,7.31E+02,23.5,0.0274,1159,427.26,31.6,4883,4.523,0.794,16.159
CANDIDATE,17.8075656,0.474,1.643,1.51E+03,3.92,0.1331,742,71.56,11.8,6194,4.45,0.981,15.574
FALSE POSITIVE,0.996023763,1.147,5.412,9.83E+01,18.36,0.0197,1991,3727.96,21.3,6110,4.387,1.077,14.705
FALSE POSITIVE,36.616669,0.3646,8.62,2.37E+02,1.68,0.2163,548,21.35,3.4,5780,4.438,1,13.482
CANDIDATE,333.03842,0.2184,5.948,1.26E+03,3.19,0.9462,247,0.89,7,5743,4.534,0.903,15.954
CANDIDATE,3.75030469,0.77,3.246,3.55E+01,0.87,0.0475,1374,842.07,10.3,5866,4.191,1.339,13.313
CANDIDATE,0.259819659,0.972,0.6513,2.32E+02,1.22,0.0065,1559,1410.9,24.1,3939,4.736,0.526,15.174
FALSE POSITIVE,0.566795467,0.504,4.712,3.82E+01,0.67,0.0129,2254,6076.99,25.8,5642,4.337,1.056,13.867
CANDIDATE,4.72693131,0.065,4.036,2.62E+01,0.61,0.0569,1203,495.58,11.5,5950,4.323,1.196,12.788
CANDIDATE,10.0989634,0.529,6.428,5.70E+01,1.03,0.0948,1016,251.36,8.9,6174,4.244,1.318,13.96
FALSE POSITIVE,3.67515329,0.73,7.083,5.60E+01,0.71,0.0461,1150,414.64,16.7,5968,4.534,0.881,13.997
FALSE POSITIVE,0.715825886,0.099,1.212,4.06E+01,0.58,0.0153,1920,3196.46,11,5640,4.486,0.909,13.467
CONFIRMED,26.5487294,0.21,7.968,1.42E+02,2.54,0.1784,836,115.61,15.3,5456,3.802,2.154,13.961
FALSE POSITIVE,0.492291661,0.957,0.894,1.11E+03,3.42,0.0108,1788,2415.37,62,4971,4.566,0.718,15.986
FALSE POSITIVE,1.6911935,0.903,9.479,2.80E+03,6.36,0.0278,1528,1292.5,26.7,5780,4.438,1,12.95
FALSE POSITIVE,2.42803503,0.057,3.045,7.38E+01,0.85,0.036,1516,1249.87,8.8,6609,4.484,0.974,14.049
FALSE POSITIVE,372.94844,0.4268,13.879,2.54E+02,1.34,0.9809,233,0.7,17.1,5763,4.559,0.827,13.962
FALSE POSITIVE,0.787120016,1.263,3.1648,2.66E+02,23.81,0.0147,1972,3579.78,43.3,6112,4.481,0.787,14.964
CANDIDATE,13.12297275,0.885,2.234,4.37E+01,1.29,0.1149,1030,266.05,12.9,6134,4.065,1.665,11.265
CONFIRMED,6.28384079,0.101,4.291,3.57E+01,0.73,0.0674,1108,356.49,14.9,5888,4.275,1.227,12.4
FALSE POSITIVE,21.131609,0.0731,13.66,7.35E+01,0.94,0.1499,659,44.45,6.5,5780,4.438,1,13.482
FALSE POSITIVE,81.675841,0.3455,11.53,1.43E+02,1.31,0.3692,420,7.33,7,5780,4.438,1,13.482
FALSE POSITIVE,28.5463574,0.2411,9.29,1.53E+02,1.35,0.1832,596,29.76,10.1,5780,4.438,1,13.482
CANDIDATE,22.7909233,0.871,9.565,5.36E+01,1.38,0.1711,862,130.75,19.4,6311,4.116,1.642,11.638
FALSE POSITIVE,72.563291,0.4863,3.088,3.32E+02,1.99,0.3412,436,8.58,6.4,5780,4.438,1,13.482
CONFIRMED,174.510276,0.024,6.689,1.53E+03,1.74,0.4836,186,0.28,14.8,4367,4.822,0.452,15.873
CANDIDATE,0.681180633,0.31,0.8844,1.56E+02,2.97,0.0146,2782,14116.16,16.6,4939,3.635,2.377,15.069
FALSE POSITIVE,15.705388,0.6449,4.871,2.84E+02,3.3,0.1437,1181,459.41,10.6,7454,4.107,1.853,13.362
FALSE POSITIVE,7.65270746,0.97,79.8969,6.41E+02,3.21,0.0766,989,226.81,254.3,6328,4.481,0.963,13.099
CONFIRMED,2.27164952,0.01,4.054,8.24E+01,0.97,0.0351,1522,1269.46,12.7,6274,4.434,1.062,15.332
FALSE POSITIVE,3.84835742,0.671,10.18,8.42E+01,0.77,0.0458,1051,288.62,32.8,5709,4.57,0.798,13.656
CANDIDATE,369.13236,0.0824,10.34,2.16E+02,2.14,1.0352,328,2.73,11.9,6282,4.151,1.449,13.665
FALSE POSITIVE,1.0388961,1.7017,4.755,6.01E+02,114.1,0.0225,2494,9145.54,14.7,7043,4.264,1.45,12.114
FALSE POSITIVE,293.76887,0.753,4.68,4.62E+02,1.97,0.8263,271,1.28,4,6074,4.522,0.847,15.099
FALSE POSITIVE,1.87885327,0.513,3.302,1.21E+02,0.97,0.0291,1406,922.49,12.1,5851,4.534,0.863,13.689
FALSE POSITIVE,0.785473311,0.389,1.3911,3.40E+02,1.61,0.0155,1769,2325.64,57,5356,4.466,0.871,14.333
FALSE POSITIVE,5.2438982,0.644,7.881,1.62E+02,1.24,0.0577,1026,262.14,18.7,5804,4.473,0.927,15.563
CANDIDATE,9.08745206,0.341,3.786,3.51E+01,0.73,0.0862,980,217.95,11.7,5888,4.275,1.227,12.4
FALSE POSITIVE,441.877824,1.5335,6.647,1.30E+03,39.55,0.9718,158,0.15,15.2,4437,4.629,0.635,15.05
FALSE POSITIVE,2.9761504,0.064,6.079,2.60E+02,1.02,0.0352,811,102.54,8.3,4236,4.612,0.664,15.104
CONFIRMED,64.0019669,0.701,4.724,1.11E+03,2.48,0.2826,322,2.55,14.2,4652,4.617,0.697,15.856
CONFIRMED,4.83809469,0.014,1.096,1.54E+03,0.79,0.0316,354,3.7,11.3,3187,5.091,0.2,17.058
FALSE POSITIVE,361.91436,0.6901,8.68,2.28E+02,1.84,0.987,297,1.84,13,6247,4.309,1.147,13.971
CONFIRMED,9.3281912,0.044,3.991,4.52E+01,0.59,0.085,788,91.02,13.7,5525,4.514,0.888,12.897
CANDIDATE,106.957467,0.705,7.006,5.40E+02,2.4,0.4483,394,5.7,11.7,6075,4.486,0.969,15.716
FALSE POSITIVE,0.629001455,0.365,1.263,1.47E+01,0.81,0.016,3375,30567.67,9.4,6739,3.948,2.059,11.283
CONFIRMED,2.71603664,0.44,1.744,9.85E+01,1.05,0.0396,1360,807.43,13.1,6011,4.452,1.041,14.801
CANDIDATE,75.8781344,0.705,1.383,1.05E+03,3.39,0.3378,417,7.18,11.9,5579,4.413,0.972,15.183
FALSE POSITIVE,374.59003,0.0624,15.19,2.68E+02,1.34,0.946,227,0.62,6.6,5497,4.508,0.827,14.878
CANDIDATE,147.661729,0.002,6.207,1.09E+03,1.59,0.4401,176,0.23,13.2,3788,4.774,0.49,15.645
CANDIDATE,13.00291716,0.701,3.058,2.25E+02,1.28,0.1037,710,60.11,14,5796,4.575,0.8,14.634
FALSE POSITIVE,319.30633,0.092,6.74,1.55E+02,1.26,0.9383,279,1.44,7.2,6095,4.459,1.014,13.327
CANDIDATE,42.0292298,0.015,8.499,3.74E+02,2.33,0.2422,578,26.46,14.5,5850,4.297,1.217,15.085
FALSE POSITIVE,1.75254087,0.5574,4.098,4.25E+01,1.41,0.0305,2423,8141.84,17.7,6660,3.894,2.074,12.58
CANDIDATE,0.505111993,0.841,0.4053,2.13E+02,1.58,0.0119,1886,2970.58,18.7,5262,4.59,0.783,15.544
FALSE POSITIVE,0.646745436,0.942,1.188,1.16E+02,1.49,0.0154,2373,7468.24,14.3,6325,4.409,1.112,15.212
CONFIRMED,3.38557445,0.129,1.879,1.22E+02,1.63,0.0432,1476,1122.9,13.1,5718,4.069,1.48,13.767
FALSE POSITIVE,2.754024,0.7277,4.15,1.72E+02,1.68,0.0395,1553,1374.41,13.8,6419,4.321,1.188,14.059
FALSE POSITIVE,1.975208831,0.559,1.513,7.63E+01,1.59,0.0326,2064,4299.89,15.1,6401,4.029,1.744,13.609
FALSE POSITIVE,0.960843605,1.143,3.22,1.42E+02,19.15,0.0197,1904,3120.32,25.5,5708,4.378,1.129,14.92
FALSE POSITIVE,4.206109,0.607,5.16,1.20E+02,0.91,0.047,999,235.01,11.9,5480,4.522,0.802,15.316
FALSE POSITIVE,0.962590772,1.236,1.2569,1.02E+03,31.51,0.0198,2026,3989.37,90.4,6274,4.434,1.062,14.843
CONFIRMED,13.3997555,0.375,3.534,1.67E+02,1.51,0.1168,886,145.65,13.6,6401,4.389,1.15,14.924
CANDIDATE,2.49385348,0.331,1.414,4.69E+01,0.59,0.0333,1251,579.64,12.3,5615,4.477,0.85,13.03
FALSE POSITIVE,0.776950288,0.047,1.288,3.96E+02,1.72,0.0163,1882,2974.07,25.8,5861,4.546,0.865,15.832
FALSE POSITIVE,5.93725628,0.351,3.639,1.16E+02,0.86,0.0577,891,148.97,17.1,5428,4.494,0.799,14.702
CANDIDATE,18.22211768,0.973,2.044,2.32E+03,7.45,0.1291,620,34.99,15.2,5162,4.411,0.958,16.084
CONFIRMED,4.56383697,0.365,2.271,2.02E+02,1.22,0.051,980,218.18,9.9,5408,4.496,0.861,15.448
CANDIDATE,16.5340022,0.525,4.063,8.92E+01,1.17,0.1278,819,106.21,9.3,6052,4.285,1.202,13.268
FALSE POSITIVE,55.119831,0.6049,4.703,1.15E+02,1.68,0.2999,622,35.48,8.2,6297,4.155,1.506,12.211
FALSE POSITIVE,25.6416117,0.5744,5.5,1.26E+02,1.76,0.18,803,98.5,4.9,6297,4.155,1.506,12.211
FALSE POSITIVE,1.33258455,1.141,5.77,1.53E+02,15.89,0.0239,1680,1884.66,8.1,6039,4.493,0.951,15.556
FALSE POSITIVE,350.81029,0.3892,11.29,5.38E+02,2.86,1.0199,282,1.51,15.1,5841,4.321,1.226,14.982
CONFIRMED,0.341842017,0.957,1.1554,2.86E+02,1.72,0.0089,2023,3991.16,70.1,5016,4.601,0.747,14.915
CANDIDATE,13.9482197,0.197,7.686,1.19E+02,2.53,0.1235,1063,301.8,14.5,5529,3.808,2.346,14.305
CANDIDATE,5.67577999,0.91,3.554,5.12E+01,1.22,0.0678,1357,802.11,11.2,6681,4.233,1.438,13.802
FALSE POSITIVE,0.570953851,0.059,0.998,7.61E+01,1.01,0.0143,2464,8688.17,8.9,6238,4.396,1.145,15.212
CANDIDATE,49.564693,0.685,8.54,1.14E+02,1.63,0.2835,588,28.19,15,5907,4.212,1.442,12.83
FALSE POSITIVE,4.29258258,0.339,3.069,3.70E+02,1.87,0.0524,1161,428.77,16.1,6137,4.487,0.963,15.888
FALSE POSITIVE,0.960842633,1.341,2.6441,2.02E+03,67.53,0.0215,2808,14655.53,176.1,7381,4.186,1.597,13.402
FALSE POSITIVE,14.5893928,,15.54,,,,,102.46,,,,,12.616
CONFIRMED,5.49548533,0.202,2.461,8.58E+01,1.3,0.0614,1293,661.04,14.2,6157,4.159,1.392,13.95
CANDIDATE,2.89494709,0.191,3.254,4.58E+01,1.16,0.0447,1919,3204.25,14.3,7087,4.137,1.684,13.458
FALSE POSITIVE,0.980505042,1.206,1.4068,4.27E+02,26.35,0.0191,1904,3100.61,51.5,5794,4.372,1.059,15.198
CONFIRMED,20.4853893,0.834,10.229,8.95E+01,3.6,0.153,1015,251.16,17.9,4938,3.45,3.324,13.007
CONFIRMED,3.58273837,0.143,1.523,3.61E+02,1.64,0.0445,1064,302.74,11.6,5448,4.517,0.872,15.965
CONFIRMED,15.604841,0.715,4.543,7.34E+01,1.57,0.1266,1013,248.62,15.3,6254,4.019,1.706,13.096
FALSE POSITIVE,75.681309,0.6194,11.62,1.08E+02,1.64,0.3705,560,23.25,9.1,6297,4.155,1.506,12.211
CANDIDATE,0.762950224,0.197,1.133,1.87E+02,1,0.0151,1651,1763.73,15.8,5385,4.61,0.731,15.556
FALSE POSITIVE,62.060783,0.928,28.203,4.73E+02,2.11,0.2906,400,6.07,19.9,5526,4.578,0.784,15.745
CANDIDATE,170.995748,0.839,3.88,4.77E+02,4.9,0.6757,463,10.86,15.5,6127,3.991,1.983,13.985
FALSE POSITIVE,12.4252735,0.171,20.756,8.47E+01,2.37,0.1117,1299,673.53,36.6,6156,3.703,2.557,13.046
FALSE POSITIVE,39.2820405,1.241,3.344,1.58E+02,58.67,0.2318,823,108.22,6.9,6143,3.81,2.136,13.046
FALSE POSITIVE,361.5456125,,25.28,,,,,,,,,,15.894
CANDIDATE,19.5650801,0.025,4.242,6.17E+01,0.97,0.1465,791,92.77,13.8,6180,4.294,1.235,12.674
FALSE POSITIVE,355.79978,0.4433,5.972,1.72E+02,1.87,1.0419,324,2.6,10.5,6350,4.225,1.394,12.674
FALSE POSITIVE,410.99389,0.3421,12.01,5.50E+02,2.09,1.0838,220,0.55,8.7,5471,4.533,0.898,15.46
FALSE POSITIVE,2.17823752,0.037,2.259,4.40E+01,0.64,0.0318,1473,1114.8,10.1,6052,4.422,0.969,14.102
FALSE POSITIVE,1.404674486,0.8171,5.056,1.56E+02,0.86,0.0208,1126,379.5,20.7,4716,4.65,0.609,14.962
FALSE POSITIVE,24.9097436,0.5729,3.856,1.50E+02,2.24,0.1788,912,163.58,9.7,6596,4.037,1.757,13.073
CONFIRMED,12.3101351,0.783,3.797,2.64E+02,1.51,0.0968,651,42.42,12.9,5009,4.491,0.84,15.629
CONFIRMED,2.61576515,0.25,2.777,1.20E+02,1.06,0.0364,1379,851.6,15.1,6088,4.446,0.958,15.18
FALSE POSITIVE,409.2452,0.0176,13.06,5.31E+02,2.1,1.0364,244,0.84,12.8,5910,4.466,0.911,15.42
CONFIRMED,6.94245216,0.485,3.491,1.61E+02,1.34,0.0743,1003,239.39,14.7,6108,4.466,1.03,15.158
CANDIDATE,5.53312006,0.299,3.486,5.31E+01,1.05,0.0622,1303,680.77,13.4,6170,4.15,1.425,13.591
CANDIDATE,200.721168,0.234,9.91,8.23E+02,3.32,0.6577,327,2.72,13.1,5566,4.275,1.17,15.511
CONFIRMED,9.4061364,0.397,4.882,7.95E+01,1.14,0.0878,981,219.36,13.2,5855,4.24,1.268,14.09
FALSE POSITIVE,0.935086665,0.4742,1.12,7.12E+01,1.18,0.0203,2431,8250.8,13.1,6762,4.282,1.348,13.993
FALSE POSITIVE,1.489457454,0.171,3.028,5.63E+01,1.58,0.0278,2415,8026.6,29.7,6316,3.908,2.087,13.09
FALSE POSITIVE,1.181165291,0.632,1.013,3.70E+02,1.52,0.0201,1398,905.88,14.1,5203,4.582,0.747,15.971
CONFIRMED,66.373298,0.021,8.559,4.15E+02,1.99,0.3237,471,11.59,13.7,6143,4.47,0.976,15.37
CONFIRMED,13.61165024,0.112,7.617,9.55E+01,1.46,0.1211,958,198.73,31.6,6170,4.192,1.499,12.805
CONFIRMED,6.24564633,0.594,2.459,2.12E+02,1.06,0.0607,731,67.62,11.9,4858,4.622,0.707,15.485
FALSE POSITIVE,0.945829261,0.326,1.715,9.82E+01,0.86,0.0185,1790,2433.01,15.1,5959,4.546,0.859,15.263
CANDIDATE,10.8614163,0.939,6.02,6.48E+01,1.01,0.0983,899,154.68,12.9,6339,4.454,1.017,13.517
FALSE POSITIVE,0.973160836,0.034,0.864,1.38E+02,1.22,0.02,1932,3303.84,9.8,6108,4.466,1.03,15.238
FALSE POSITIVE,4.05943749,0.914,3.245,1.05E+02,2.11,0.049,1295,664.54,18.1,5051,3.978,1.655,13.514
CANDIDATE,7.03965141,0.778,3.141,2.69E+02,2.72,0.0747,1171,445.49,9.8,5902,4.128,1.513,14.935
CANDIDATE,4.72519164,0.6,3.751,9.88E+01,3.98,0.0652,2250,6060.79,10,6655,3.49,3.831,12.358
FALSE POSITIVE,6.39903778,0.241,3.15,1.87E+02,6.54,0.0799,1780,2376.4,24.1,5178,3.286,4.856,13.507
CANDIDATE,66.6434565,0.985,2.385,2.77E+02,2.99,0.3301,476,12.17,14.8,5751,4.339,1.164,13.224
FALSE POSITIVE,0.739761008,1.2359,7.589,2.92E+02,9.67,0.0113,839,117.05,34.7,3417,4.9,0.35,15.049
FALSE POSITIVE,0.950735805,0.57,1.1434,1.75E+02,1.39,0.0196,1908,3129.59,17.1,6039,4.478,1.005,15.156
FALSE POSITIVE,369.819993,0.9179,20.232,1.60E+03,4.25,0.9376,201,0.38,42.1,4806,4.495,0.839,15.089
FALSE POSITIVE,2.17815935,0.503,1.839,1.16E+02,1.22,0.0344,1561,1398.42,14.1,6258,4.413,1.098,14.975
CANDIDATE,160.850075,0.769,9.427,4.28E+02,3.41,0.6188,413,6.87,16.1,5999,4.168,1.507,14.218
FALSE POSITIVE,0.720460644,1.272,1.7846,2.11E+03,37.33,0.0163,2240,5954.82,117.2,6304,4.435,1.058,14.828
FALSE POSITIVE,3.7948721,1.168,1.713,3.05E+02,16.1,0.0455,1083,325.63,11.3,5883,4.58,0.793,15.302
CONFIRMED,122.0804953,0.957,4.054,8.00E+02,2.92,0.4484,297,1.83,23.3,5132,4.571,0.77,14.157
CANDIDATE,6.2614227,0.069,4.779,5.14E+01,0.81,0.0677,1146,407.58,10.6,6384,4.361,1.121,13.973
CANDIDATE,3.70386741,0.033,1.41,1.26E+02,0.86,0.0446,1012,247.2,13.1,5496,4.592,0.776,14.108
FALSE POSITIVE,0.638437699,0.904,0.3028,2.87E+02,2.48,0.0141,1709,2024.34,25.8,5073,4.571,0.824,15.23
FALSE POSITIVE,1.8912851,1.216,6.182,1.22E+03,19.96,0.027,1061,299.44,25.7,4700,4.605,0.707,16.851
CANDIDATE,19.8751355,0.919,8.041,1.09E+02,2.49,0.1658,1061,299.47,15.2,6918,4.021,2.004,13.543
FALSE POSITIVE,343.42046,0.3519,11.11,4.83E+02,2.15,0.9617,270,1.27,10,6115,4.469,0.967,15.223
FALSE POSITIVE,3.47148164,0.719,4.679,1.23E+02,0.85,0.0415,970,209.73,9.5,5297,4.626,0.716,15.795
CONFIRMED,5.94373492,0.197,1.847,3.01E+02,1.14,0.0563,674,48.82,13.2,4391,4.598,0.682,15.583
FALSE POSITIVE,244.60373,0.2652,10.87,7.70E+02,2.1,0.7253,235,0.72,17.7,5166,4.593,0.771,15.319
CONFIRMED,85.7567919,0.713,5.695,1.59E+02,2.99,0.3912,528,18.44,16.9,5037,3.783,2.213,12.429
CONFIRMED,2.18660188,0.828,1.585,1.22E+02,0.98,0.0299,1099,345.07,14.2,4904,4.535,0.772,14.793
CANDIDATE,7.2929891,0.022,4.053,7.25E+01,0.73,0.0723,904,158.19,7.1,5959,4.549,0.856,14.829
FALSE POSITIVE,3.1339356,0.768,4.477,2.04E+02,1.58,0.0432,1315,704.95,21.4,6137,4.46,1.018,15.725
CONFIRMED,2.55315031,0.32,1.849,1.85E+02,1.25,0.0366,1312,699.7,15.4,5970,4.521,0.908,15.424
CONFIRMED,2.936587946,0.863,1.8952,2.80E+02,1.77,0.0372,1190,473.18,20.1,5455,4.421,0.909,15.404
CANDIDATE,145.786556,0.133,4.891,3.78E+02,1.82,0.525,331,2.84,13.9,5578,4.44,0.95,14.41
FALSE POSITIVE,1.33254212,0.662,3.848,3.74E+01,1.45,0.0262,2694,12477.61,10.6,6613,3.87,2.237,13
CONFIRMED,10.7769944,0.069,2.616,1.86E+02,1.15,0.0871,752,75.83,11.3,5455,4.457,0.852,14.587
CANDIDATE,2.5093344,0.019,1.833,1.84E+02,1.47,0.0377,1483,1143.04,8.4,6278,4.425,1.081,15.588
FALSE POSITIVE,0.918921494,0.011,0.9425,3.21E+02,1.49,0.018,1697,1960.12,23.7,5655,4.561,0.833,15.606
CONFIRMED,7.84931877,0.107,3.747,6.82E+01,0.81,0.0726,925,172.98,12.6,5678,4.365,0.99,13.858
FALSE POSITIVE,67.7125988,1.8756,1.538,5.42E+02,82.63,0.3094,460,10.63,13.4,6309,4.517,0.847,14.213
FALSE POSITIVE,12.4285576,0.892,13.98,6.20E+02,2.22,0.0987,669,47.26,13.2,5492,4.604,0.752,15.663
FALSE POSITIVE,1.275511306,0.011,1.889,6.93E+01,0.84,0.0229,1739,2160.97,10.3,5921,4.418,1.015,15.083
FALSE POSITIVE,5.78159956,0.66,2.222,7.28E+01,1.7,0.07,1475,1117.19,16.4,6443,4.023,1.884,13.384
FALSE POSITIVE,8.4805019,0.972,8.345,1.65E+02,1.26,0.0726,781,87.82,11,5555,4.554,0.737,15.313
CANDIDATE,24.5607107,0.374,8.679,5.52E+01,1.13,0.1794,787,90.55,14.9,6170,4.192,1.499,12.805
CONFIRMED,2.94648935,0.01,3.155,5.70E+01,0.89,0.0427,1497,1187.5,12.7,6481,4.378,1.171,14.144
FALSE POSITIVE,1.227986164,0.477,1.551,1.51E+02,1.17,0.0214,1673,1846.47,14.8,5746,4.435,0.931,14.966
FALSE POSITIVE,2.11548883,0.505,4.008,1.70E+02,1.29,0.0329,1426,978.38,17.6,5952,4.489,0.971,15.627
FALSE POSITIVE,358.96247,0.424,23.49,6.71E+02,2.37,0.9901,242,0.81,12.1,5743,4.527,0.904,15.389
FALSE POSITIVE,2.17815196,0.32,2.445,2.45E+02,1.09,0.0302,1139,395.98,17.9,5357,4.634,0.7,15.916
FALSE POSITIVE,342.315407,0.1974,12.476,7.20E+02,3.15,1.0088,304,2.03,13.3,6425,4.373,1.164,15.091
FALSE POSITIVE,1.089077224,0.206,2.705,1.53E+02,1,0.0199,1458,1068.22,18.7,5118,4.547,0.83,15.472
FALSE POSITIVE,1.288066288,1.378,6.4616,1.01E+04,34.84,0.0199,1310,692,230.7,5233,4.625,0.639,15.313
CANDIDATE,24.6683831,0.751,8.556,1.09E+02,1.76,0.1786,788,91.32,15.3,6059,4.151,1.554,13.572
FALSE POSITIVE,2.31894284,0.72,5.321,6.65E+01,0.87,0.0344,1375,844.12,13.6,5780,4.438,1,13.232
CONFIRMED,6.98472143,0.451,2.724,9.07E+01,1.19,0.0726,1059,297.15,11.7,5839,4.279,1.227,13.382
CANDIDATE,349.41047,0.2791,15.02,6.53E+02,2.41,0.9902,253,0.97,17.7,5878,4.512,0.945,15.346
FALSE POSITIVE,0.562563871,0.36,1.591,3.46E+01,0.69,0.014,2626,11201.45,16.4,6577,4.381,1.145,13.54
FALSE POSITIVE,0.93373458,0.574,4.364,1.28E+02,0.93,0.018,1573,1446.48,27.8,5335,4.577,0.804,14.76
FALSE POSITIVE,1.33251948,0.402,3.733,2.34E+02,1.64,0.0236,1751,2218.21,17.7,5926,4.381,1.058,16.334
FALSE POSITIVE,168.84663,0.1251,9.75,2.15E+02,1.45,0.6188,329,2.78,9.3,5897,4.489,0.992,13.859
CANDIDATE,14.8162925,0.857,4.973,1.08E+02,1.57,0.1253,912,163.33,12.5,6356,4.27,1.325,12.583
FALSE POSITIVE,160.4122022,0.903,4.92,2.54E+03,4.45,0.5375,270,1.26,24.4,5269,4.62,0.727,15.407
CANDIDATE,3.98167088,0.2076,3.609,4.47E+01,0.79,0.0522,1356,798.79,10.3,6484,4.377,1.173,14.144
CONFIRMED,4.34195312,0.118,2.598,7.33E+01,0.94,0.0527,1236,552.7,10.6,6164,4.378,1.09,13.874
CONFIRMED,122.358116,0.255,10.768,3.53E+02,2.15,0.4823,407,6.46,12.2,5998,4.324,1.139,14.945
CONFIRMED,7.298142,0.411,3.024,3.71E+02,1.6,0.0689,786,90.04,13.6,5119,4.508,0.834,15.825
CONFIRMED,18.5010898,0.719,3.179,4.21E+02,1.62,0.1275,555,22.4,14.7,5242,4.613,0.734,15.789
CANDIDATE,7.016016,0.89,3.8,1.69E+02,1.72,0.0753,1138,396.43,6.3,6642,4.39,1.136,14.404
FALSE POSITIVE,0.569961046,0.343,1.446,4.42E+01,1.04,0.0135,2743,13463.04,18.9,5814,4.066,1.549,13.333
CANDIDATE,42.068554,0.022,5.723,1.86E+02,1.32,0.24,541,20.28,9.8,6122,4.487,0.964,14.718
FALSE POSITIVE,1.121634781,0.409,1.155,7.15E+01,0.6,0.0191,1225,529.9,14.8,4518,4.589,0.72,13.958
FALSE POSITIVE,1.33256979,0.207,3.293,1.04E+02,0.97,0.0239,1692,1943.76,18.4,6089,4.495,0.95,15.377
FALSE POSITIVE,0.536650896,1.175,4.702,2.73E+02,18.45,0.0124,2163,5179.76,117.8,5819,4.494,0.881,13.956
FALSE POSITIVE,397.73699,0.883,11.76,1.13E+03,3.05,0.9466,211,0.47,15.3,5313,4.521,0.768,15.086
FALSE POSITIVE,2.17818699,0.553,2.686,1.16E+02,1.03,0.0312,1347,776.45,15.4,5584,4.428,0.932,15.123
CANDIDATE,6.23968392,0.679,0.668,1.56E+02,1.55,0.0654,1060,299.03,9,5751,4.303,1.143,13.795
CONFIRMED,3.60082855,0.395,1.938,2.96E+02,1.36,0.0422,927,174.45,17.9,4838,4.524,0.796,15.311
CONFIRMED,15.5714121,0.312,2.294,1.74E+02,0.72,0.1022,399,5.98,13,3872,4.714,0.557,13.977
CONFIRMED,3.59645081,0.781,2.661,1.50E+02,1.66,0.0473,1327,732.82,16.2,5887,4.292,1.235,15.147
CONFIRMED,20.6579443,0.188,8.798,9.82E+01,1.27,0.1435,728,66.27,14.1,5468,4.171,1.306,14.216
FALSE POSITIVE,0.760941405,0.26,1.773,1.87E+02,1.18,0.0162,1817,2591.44,15.2,5629,4.553,0.87,15.855
FALSE POSITIVE,137.665706,0.041,3.732,5.37E+02,15.41,0.6051,720,63.38,11.7,4832,2.953,6.897,13.199
FALSE POSITIVE,370.90237,0.0566,10.558,5.46E+02,1.97,0.9892,238,0.76,14.7,5835,4.554,0.847,14.83
FALSE POSITIVE,321.55087,0.1608,5.863,3.97E+02,1.68,0.8994,250,0.92,8.2,5835,4.554,0.847,14.83
FALSE POSITIVE,1.54038914,0.043,1.683,7.18E+01,0.84,0.0256,1638,1701.3,9.1,5974,4.422,0.989,14.753
FALSE POSITIVE,71.76236302,0.052,29.435,8.59E+03,25.76,0.3784,665,46.35,1134.3,5529,3.685,2.817,12.045
CANDIDATE,16.3368863,0.066,3.597,2.26E+02,1.27,0.1186,642,40.22,12.1,5410,4.49,0.859,15.05
CANDIDATE,1.63668262,1.22,1.907,9.22E+02,103.99,0.0304,2562,10160.3,12.9,5234,3.436,3.739,16.494
CANDIDATE,11.615625,0.977,2.233,1.91E+02,2.84,0.0981,905,158.69,8.8,5332,4.083,1.453,15.162
CONFIRMED,110.978266,0.074,11.312,1.50E+02,1.86,0.4808,463,10.84,14,5883,4.149,1.529,13.848
FALSE POSITIVE,0.952378454,0.996,3.892,4.38E+01,1.46,0.0203,2528,9651.76,17.4,6963,4.25,1.375,13.541
CONFIRMED,6.08003714,0.254,1.308,1.84E+02,1.07,0.0597,808,100.72,17.7,4991,4.513,0.804,13.473
CONFIRMED,3.035206175,0.965,0.6182,6.97E+02,3.59,0.0394,1143,403.53,19.1,5505,4.503,0.873,15.556
FALSE POSITIVE,358.96844,0.151,21.71,8.08E+02,2.7,0.9972,263,1.13,13.3,6117,4.496,0.947,15.36
FALSE POSITIVE,2.21316437,0.672,3.874,1.16E+02,0.95,0.03,1374,841.98,27.9,5921,4.465,0.83,14.4
CANDIDATE,173.2578372,1.9038,2.027,6.87E+02,117.29,0.6528,376,4.73,13.5,6392,4.399,1.162,14.201
FALSE POSITIVE,0.530967987,0.093,1.812,2.69E+01,1.08,0.0163,4196,73103.16,24.1,8473,4.123,2.052,12.717
CONFIRMED,6.30558387,0.601,2.619,1.93E+02,2.52,0.0657,1125,378.9,9.5,4934,3.927,1.756,15.056
FALSE POSITIVE,4.2058608,0.438,7.39,1.82E+02,1.14,0.0498,1012,248.04,13.3,5590,4.56,0.839,15.892
CANDIDATE,41.6757509,0.256,10.848,1.42E+02,2.1,0.2375,690,53.72,22.6,5745,3.957,1.763,13.34
CANDIDATE,11.49589567,0.295,2.256,1.08E+02,1.59,0.1037,1057,295.46,13.2,6290,4.133,1.506,13.582
FALSE POSITIVE,8.4803326,0.556,5.918,3.56E+01,1.35,0.0856,1390,882.07,11,6245,3.826,2.179,12.797
CANDIDATE,0.609926502,0.24,1.2529,1.34E+02,1.12,0.0144,2141,4990.14,15.3,5936,4.501,0.965,15.682
FALSE POSITIVE,0.750744255,1.154,1.7921,1.71E+02,17.07,0.0162,2074,4387.1,50.4,6187,4.499,0.937,13.941
CONFIRMED,0.991659646,0.765,2.215,7.73E+01,1.19,0.0205,2102,4614.18,13.5,6117,4.315,1.244,14.978
CANDIDATE,8.4795266,0.136,6.052,1.63E+02,1.18,0.0827,865,132.02,8,5841,4.52,0.931,15.994
CANDIDATE,49.4746966,0.491,10.46,2.91E+02,1.62,0.2583,498,14.5,17.2,5952,4.475,0.928,14.955
FALSE POSITIVE,118.609553,0.993,22.74,3.81E+02,2.86,0.4346,299,1.88,13.1,5017,4.531,0.792,15.133
CANDIDATE,1.62888267,0.147,1.72,1.31E+02,0.92,0.0261,1327,733.67,12.5,5398,4.571,0.811,15.295
FALSE POSITIVE,0.616386349,0.226,0.8136,7.94E+01,2.94,0.0162,3552,37463.63,21.9,5665,3.58,3.266,12.985
CANDIDATE,1.920062587,0.387,1.437,2.27E+02,1.12,0.0283,1189,471.84,12.6,5266,4.611,0.741,15.686
FALSE POSITIVE,88.91323139,,2.92,,,,,,,,,,12.981
FALSE POSITIVE,7.07162308,0.331,2.587,1.23E+02,1.42,0.0723,1162,431.05,16.9,6313,4.24,1.259,13.722
CONFIRMED,6.96352699,0.09,3.192,6.81E+01,1.4,0.0711,1298,669.78,17.4,6040,3.978,1.686,13.128
CONFIRMED,64.2729088,0.908,12.136,1.21E+03,5.38,0.3308,554,22.31,27.4,6341,4.278,1.299,15.589
CONFIRMED,3.4327371,0.703,4.001,6.32E+01,0.75,0.0442,1134,390.57,15.3,5757,4.536,0.881,13.583
FALSE POSITIVE,13.8452726,0.566,2.555,9.32E+01,2.34,0.1301,1276,626.93,10.4,6845,3.89,2.324,12.632
FALSE POSITIVE,0.687506554,0.085,1.441,1.30E+02,8.73,0.0147,4748,120304.4,14.4,4643,2.595,7.906,12.467
FALSE POSITIVE,0.566801617,0.565,2.75,2.49E+01,0.88,0.0143,3018,19598.53,26.4,6287,4.064,1.693,12.528
CANDIDATE,0.909127736,0.098,1.431,9.87E+01,0.98,0.0177,1818,2566.87,13.9,5486,4.389,0.996,15.195
FALSE POSITIVE,371.63327,0.8185,14.92,1.07E+02,1.83,1.042,316,2.36,15.2,5802,4.073,1.59,11.443
CONFIRMED,1.450889836,0.333,1.753,1.36E+02,1.21,0.0252,1700,1970.75,15.7,6046,4.423,1.023,15.369
CONFIRMED,5.72716067,0.447,2.23,3.11E+02,1.4,0.0575,794,93.96,16,4838,4.524,0.796,15.311
FALSE POSITIVE,407.59415,0.0274,7.3,4.62E+02,2.11,1.0289,266,1.18,7.7,6198,4.402,0.974,14.854
CANDIDATE,10.30148508,0.445,3.903,1.63E+02,1.6,0.0954,934,180.14,12.6,5887,4.292,1.235,15.147
CANDIDATE,17.8007815,0.928,6.547,4.45E+01,1.02,0.1423,816,105.04,14.2,6240,4.326,1.252,12.018
FALSE POSITIVE,358.101884,0.5804,6.393,1.14E+02,0.95,0.9525,242,0.81,12.8,5786,4.526,0.856,11.678
CANDIDATE,1.717859841,0.35,0.908,6.63E+01,1.45,0.0309,2212,5645.85,9.5,6694,4.084,1.732,13.228
FALSE POSITIVE,46.0771501,,3.03,,,,,,,,,,12.981
FALSE POSITIVE,42.62423329,,1.47,,,,,,,,,,12.981
FALSE POSITIVE,0.447861451,0.427,0.8541,2.65E+02,1.42,0.0112,2263,6221.08,20.3,5901,4.553,0.848,15.497
CANDIDATE,7.3422467,0.253,2.029,3.67E+02,1.6,0.0724,837,115.93,11.8,5573,4.562,0.839,15.486
CANDIDATE,8.1134681,0.454,4.961,4.05E+01,0.92,0.078,1127,381.27,10.5,6011,4.123,1.409,13.55
CONFIRMED,3.036208739,0.111,0.9324,1.82E+03,1.4,0.0283,520,17.31,26,3464,4.923,0.328,16.257
CONFIRMED,18.0541469,0.175,4.587,2.83E+02,1.51,0.1327,635,38.57,19.3,5505,4.501,0.909,15.004
CANDIDATE,5.4675514,0.27,3.283,8.72E+01,1.07,0.0595,1078,319.36,10.4,5557,4.288,1.151,14.746
FALSE POSITIVE,1.01530474,1.245,8.7622,1.64E+04,64.77,0.0214,2324,6918.45,1823,6428,4.226,1.44,13.647
FALSE POSITIVE,94.180473,0.955,7.345,1.10E+03,4.17,0.417,478,12.34,15.6,6997,4.475,1,14.848
CONFIRMED,1.538185321,0.7,1.683,2.77E+02,1.29,0.0241,1234,547.92,15.2,5107,4.615,0.723,15.329
FALSE POSITIVE,1.332567643,0.642,4.284,5.67E+01,0.62,0.0226,1482,1143.87,24,5687,4.582,0.79,14.15
FALSE POSITIVE,1.089076495,0.597,2.274,4.37E+01,0.75,0.0214,2016,3923.24,15.3,6444,4.416,1.079,13.938
FALSE POSITIVE,1.662710314,0.577,1.83,8.59E+01,2.16,0.0298,2307,6700.6,23.8,6028,3.842,2.244,13.97
FALSE POSITIVE,472.071079,0.388,5.759,2.53E+02,2.01,1.2977,268,1.22,6.4,6186,4.358,1.253,14.002
CANDIDATE,0.888478095,0.452,1.5312,3.40E+02,1.51,0.0174,1665,1825.96,24.6,5553,4.577,0.806,15.85
FALSE POSITIVE,2.18242002,0.721,4.103,6.97E+01,0.7,0.0314,1283,638.12,13.8,5808,4.583,0.786,14.897
FALSE POSITIVE,0.503999678,0.962,0.5421,9.76E+02,2.97,0.0103,1605,1566.41,96.8,4898,4.686,0.568,15.498
FALSE POSITIVE,2.66588544,0.276,5.004,1.67E+02,0.98,0.0341,1041,278.03,17.2,4965,4.536,0.771,15.382
CANDIDATE,309.25581,0.2875,10.72,4.21E+02,2.18,0.9158,287,1.61,9.9,6060,4.419,1.057,14.205
CANDIDATE,2.44232399,0.303,1.921,2.29E+02,1.1,0.0319,1029,264.82,14.1,4849,4.561,0.738,15.849
CONFIRMED,7.61758198,0.234,3.545,8.54E+01,1,0.0772,1020,255.32,13.4,6202,4.401,1.072,14.11
FALSE POSITIVE,41.477908,0.5122,10.45,2.99E+01,1.09,0.2491,849,122.73,9.6,6935,3.95,1.918,10.83
CANDIDATE,42.1003351,0.88,1.0834,2.14E+02,1.42,0.2298,466,11.17,13.9,5595,4.57,0.82,11.965
CONFIRMED,2.20923119,0.11,2.392,5.98E+01,0.84,0.0336,1507,1217.79,14.3,5991,4.375,1.092,13.764
FALSE POSITIVE,260.54832,0.378,15.52,1.62E+02,1.35,0.8213,318,2.43,10.2,6412,4.44,1.04,13.533
FALSE POSITIVE,370.47678,0.5386,15.69,6.56E+02,2.37,1.0036,252,0.96,11.8,6050,4.525,0.896,15.359
CONFIRMED,5.88350251,0.362,2.556,2.18E+02,1.27,0.0625,949,192.09,11.9,5840,4.553,0.849,15.741
FALSE POSITIVE,0.662457501,1.024,1.527,6.41E+01,8.3,0.016,3295,27795.08,13.5,6425,3.862,2.16,12.721
FALSE POSITIVE,1.33258458,0.422,3.222,1.27E+02,1.25,0.0247,1868,2873.72,14.4,6384,4.419,1.086,15.865
CANDIDATE,1.182862515,0.284,2.928,2.23E+01,1.26,0.0237,2800,14544.87,16.5,6017,3.699,2.639,12.638
CONFIRMED,0.539915033,0.291,1.1466,9.70E+01,0.82,0.0121,1871,2901.68,17.6,5102,4.502,0.837,14.311
FALSE POSITIVE,372.54353,1.7826,21.83,1.11E+03,74.14,0.9858,226,0.62,11.9,5561,4.557,0.836,15.662
CONFIRMED,2.20829637,0.205,2.841,8.79E+01,1.36,0.0352,1709,2016.25,12,6028,4.189,1.454,15.201
CONFIRMED,0.849906734,0.64,1.141,1.24E+02,0.59,0.014,1139,396.64,12,4296,4.733,0.505,15.22
CONFIRMED,26.6565737,0.686,4.954,1.63E+02,4.15,0.1943,903,157.45,18.8,5159,3.604,3.062,13.263
CANDIDATE,4.4408541,0.005,8.083,3.39E+01,1.74,0.0588,1642,1719.2,12,5159,3.604,3.062,13.263
FALSE POSITIVE,373.72257,1.5922,14.21,4.71E+02,67.13,1.0309,262,1.11,9.6,6004,4.45,1.008,14.808
CONFIRMED,8.18504859,0.601,4.673,9.76E+01,0.93,0.0794,892,149.41,12.5,5984,4.521,0.906,14.686
FALSE POSITIVE,10.78438513,1.18,1.408,2.34E+02,75.04,0.1089,1397,900.7,15.6,5575,3.516,3.515,13.638
CONFIRMED,10.42317343,0.811,2.341,7.12E+01,1.07,0.0905,901,155.7,11.2,5767,4.287,1.135,13.455
FALSE POSITIVE,0.566804221,0.536,4.639,1.66E+02,0.85,0.0115,1737,2149.42,31,5277,4.625,0.64,15.776
FALSE POSITIVE,2.022658,0.419,3.343,1.36E+02,1.15,0.0318,1482,1139.1,17.4,6091,4.487,0.967,15.572
FALSE POSITIVE,316.57747,0.2569,14.64,2.69E+02,1.47,0.9079,255,1.01,10.2,5822,4.529,0.898,15.246
CANDIDATE,1.8679943,0.173,1.087,7.34E+01,0.7,0.0286,1291,658.77,10,5487,4.568,0.815,14.185
CANDIDATE,8.9172863,0.062,4.468,1.96E+02,1.39,0.0853,931,177.84,7.2,6210,4.467,0.986,14.671
FALSE POSITIVE,0.519437968,1.172,2.129,2.26E+02,20.48,0.013,2402,7822.62,25.4,6181,4.464,1.006,15.421
CANDIDATE,1.33807075,0.003,1.425,2.02E+01,0.6,0.0257,2008,3844.97,8.5,6355,4.299,1.319,11.179
FALSE POSITIVE,1.105095798,0.295,2.624,1.42E+02,0.89,0.0197,1445,1025.9,17.4,5296,4.604,0.752,15.815
FALSE POSITIVE,245.01902,0.3471,8.56,3.76E+02,1.98,0.7796,310,2.17,10.1,6167,4.451,1.01,14.881
CONFIRMED,153.979362,0.036,9.028,7.93E+02,2.53,0.552,330,2.82,16.1,5858,4.502,0.903,15.672
FALSE POSITIVE,10.2239787,0.439,1.814,2.14E+02,24.43,0.1279,2364,7383.41,6.5,4673,2.412,16.823,13.188
CONFIRMED,56.4148314,0.908,8.075,4.80E+02,2.9,0.3024,535,19.37,16.4,6325,4.409,1.112,15.212
FALSE POSITIVE,2.18079098,0.74,12.13,8.32E+01,3.29,0.0405,2767,13876.96,69.3,6911,3.661,3.339,10.008
CONFIRMED,20.9254083,0.201,6.783,1.09E+02,1.26,0.1499,729,66.95,15.5,5821,4.283,1.21,13.966
CONFIRMED,13.0600399,0.495,2.851,1.07E+02,0.8,0.1006,630,37.3,12.5,5168,4.566,0.769,13.942
FALSE POSITIVE,0.641069613,0.061,1.033,7.86E+01,0.86,0.0143,2196,5512.38,10.5,6077,4.451,0.961,14.098
FALSE POSITIVE,2.2430415,0.147,3.63,1.01E+02,0.89,0.0334,1344,770.18,8.1,5897,4.531,0.891,15.596
FALSE POSITIVE,1.21475168,0.461,6.93,2.66E+02,5.5,0.0265,3302,28091.85,7.9,6732,3.632,3.276,11.464
CANDIDATE,17.3731821,0.227,3.36,7.17E+01,1.31,0.141,901,155.73,14,6180,4.155,1.54,12.677
CANDIDATE,1.97507424,0.152,2.61,1.31E+02,1.08,0.0311,1477,1122.82,15,6065,4.495,0.947,15.276
CONFIRMED,27.4784659,0.008,7.5,8.32E+01,1.52,0.181,736,69.3,12.3,5432,3.993,1.707,13.63
FALSE POSITIVE,244.86662,0.3872,10.56,2.90E+02,1.46,0.7506,273,1.31,9.7,5821,4.554,0.848,14.462
FALSE POSITIVE,1.30627214,0.57,5.144,9.54E+01,0.87,0.023,1490,1161.23,10.3,5513,4.543,0.862,15.762
FALSE POSITIVE,62.366706,0.1725,4.32,9.54E+01,1.88,0.3457,698,56.09,7.1,6749,4.031,1.9,11.208
FALSE POSITIVE,0.933732791,0.022,3.056,9.69E+01,0.9,0.0173,1773,2344.56,13.8,5496,4.405,0.927,14.812
FALSE POSITIVE,53.106597,0.5182,2.914,8.24E+01,2.2,0.3212,860,129.19,7.3,7217,3.893,2.343,11.159
FALSE POSITIVE,360.15417,0.2583,12.806,7.91E+02,2.99,1.0423,270,1.25,11.1,6065,4.452,1.061,15.435
CANDIDATE,3.3879165,0.117,1.818,7.86E+01,1.09,0.0442,1336,750.6,10.4,5702,4.247,1.245,14.491
FALSE POSITIVE,1.42856815,0.3097,2.132,5.95E+01,0.64,0.0239,1547,1352.91,11.8,5979,4.557,0.822,14.766
FALSE POSITIVE,381.850599,0.4148,4.772,1.70E+03,3.59,1.026,222,0.58,13.8,5485,4.556,0.867,15.403
FALSE POSITIVE,10.81315417,0.804,1.275,8.03E+01,1.46,0.1059,1045,281.84,16.6,6380,4.24,1.46,11.487
FALSE POSITIVE,359.08368,1.262,15.67,6.19E+02,29.15,0.9846,268,1.23,10.8,6256,4.493,0.932,15.145
CANDIDATE,58.7488629,0.186,3.191,4.74E+02,1.75,0.2696,425,7.7,13.6,5574,4.505,0.805,14.122
FALSE POSITIVE,3.74784374,0.093,3.658,1.17E+02,1.08,0.0483,1226,534.57,12.8,6122,4.471,0.996,15.13
CANDIDATE,64.740274,0.74,15.082,1.13E+02,1.35,0.3077,518,16.96,16.4,5999,4.263,1.177,13.219
CANDIDATE,5.38299284,0.417,3.336,3.51E+01,0.78,0.0627,1253,582.98,10.7,6256,4.27,1.293,12.642
FALSE POSITIVE,1.71028117,0.372,2.61,1.12E+02,0.91,0.0275,1454,1055.42,13.8,5910,4.55,0.855,15.422
CANDIDATE,2.0481582,0.179,1.899,1.83E+02,1.16,0.0311,1346,773.92,11.7,5799,4.548,0.86,15.98
CONFIRMED,140.251943,0.323,6.576,5.68E+02,1.84,0.4836,271,1.28,11.9,4821,4.529,0.788,15.429
CANDIDATE,14.7179342,0.704,5.844,1.32E+02,1.25,0.12,784,89.3,12.7,6102,4.449,1.018,14.654
FALSE POSITIVE,0.570828503,0.609,0.915,1.74E+02,0.54,0.01,986,222.55,13.9,3585,4.868,0.388,15.068
FALSE POSITIVE,134.4665,0.2848,5.27,1.03E+03,2.48,0.4696,280,1.45,6.7,4891,4.524,0.791,15.126
FALSE POSITIVE,0.909314811,0.722,2.2053,4.05E+01,0.99,0.019,2503,9311.68,30.2,6508,4.163,1.447,12.73
CONFIRMED,207.24785,0.21,6.159,8.09E+02,1.56,0.5697,189,0.3,13.2,4339,4.711,0.553,15.142
FALSE POSITIVE,186.55347,0.2803,13.57,3.35E+02,1.86,0.6458,341,3.18,11,6187,4.446,1.006,14.905
CONFIRMED,5.99078221,0.944,1.699,6.99E+01,1.03,0.0636,987,223.93,8.6,5721,4.442,0.972,10.884
FALSE POSITIVE,14.0801852,0.308,3.402,9.07E+01,1.04,0.1193,798,95.62,6.9,5984,4.421,1.089,12.966
CONFIRMED,2.440839436,1.253,0.968,5.10E+02,21.29,0.0322,986,223.8,14.4,4803,4.623,0.698,15.877
CONFIRMED,23.6223571,0.369,6.852,5.70E+01,1.07,0.1611,797,95.35,11.4,6144,4.149,1.393,13.341
CANDIDATE,19.2527652,0.028,4.862,1.39E+02,1.24,0.1454,740,71.04,10.8,6258,4.442,1.046,14.851
FALSE POSITIVE,3.28931936,1.422,1.921,1.66E+02,50.51,0.045,1364,818.01,11.1,6335,4.427,1.072,14.806
FALSE POSITIVE,1.08195208,0.257,4.807,3.36E+01,0.47,0.0189,1526,1275.68,12.4,5233,4.489,0.824,13.881
FALSE POSITIVE,0.512583041,0.116,1.498,1.14E+02,1.07,0.0129,2363,7320.09,17.1,6077,4.471,0.999,15.484
CANDIDATE,219.20579,0.517,14.5,2.08E+02,2.66,0.8176,456,10.18,15.2,6990,4.115,1.785,12.449
CONFIRMED,2.29794819,0.108,2.84,8.32E+01,0.98,0.0354,1547,1352.14,12.2,6371,4.426,1.072,15.079
FALSE POSITIVE,368.11581,0.0125,13.52,4.76E+02,2.11,1.0192,263,1.12,11.2,6122,4.487,0.964,15.125
FALSE POSITIVE,368.52466,0.5045,11.9,6.80E+02,3.05,1.074,288,1.62,14,6343,4.411,1.137,15.484
CONFIRMED,4.54586982,0.563,1.756,7.65E+01,0.65,0.0475,868,134.21,24.4,5051,4.562,0.721,8.717
CANDIDATE,3.48754109,0.32,1.811,8.51E+01,0.72,0.0431,988,224.74,7.3,5252,4.593,0.783,14.371
FALSE POSITIVE,0.542498653,0.3422,4.257,5.49E+01,2.25,0.0164,5157,167191.11,19.8,8711,3.795,2.954,10.326
CANDIDATE,8.0772455,0.984,7.272,7.92E+01,2.61,0.0847,1228,537.66,12.5,5684,3.915,2.032,14.579
CANDIDATE,364.08733,0.1702,14.09,3.72E+02,1.39,0.9149,211,0.47,8.8,5376,4.601,0.727,14.816
FALSE POSITIVE,21.5819776,0.036,13.734,4.76E+01,0.91,0.1474,746,73.01,17.3,5601,4.144,1.342,11.981
CANDIDATE,5.75651958,0.247,2.309,6.53E+01,0.83,0.0647,1089,332.97,11.2,6208,4.454,1.024,13.666
CANDIDATE,91.95723,0.015,10.471,3.08E+02,2.66,0.4127,497,14.41,12.3,5854,4.114,1.528,14.876
CANDIDATE,7.51731745,0.256,2.484,1.71E+02,1.19,0.074,861,129.74,10.7,5525,4.488,0.923,15.029
FALSE POSITIVE,3.08723626,0.2516,2.615,1.02E+02,1.2,0.0446,1451,1046.77,12.1,6418,4.395,1.171,14.966
FALSE POSITIVE,0.592562969,1.252,3.0869,1.55E+03,25.97,0.0133,1967,3520.7,100.4,5728,4.575,0.804,15.784
CANDIDATE,44.6966177,0.373,10.532,2.57E+02,2.46,0.2558,637,38.95,15.3,5929,4.123,1.518,14.875
CANDIDATE,8.5275894,0.311,2.959,1.13E+02,1.28,0.0883,1049,286.1,10.4,6469,4.385,1.193,14.765
CANDIDATE,3.07714195,0.983,3.571,3.42E+01,1.08,0.0435,1493,1175,9.9,6108,4.251,1.336,12.889
CANDIDATE,3.83488354,0.242,2.026,2.43E+02,1.2,0.0456,1003,239.15,10.9,5515,4.592,0.775,15.972
FALSE POSITIVE,31.97181,0.532,12.277,1.17E+02,0.95,0.1939,521,17.43,11.1,5632,4.554,0.853,14.817
FALSE POSITIVE,5.81289843,0.499,3.979,7.63E+01,0.93,0.0636,1102,348.61,9.5,6175,4.41,1.041,14.51
FALSE POSITIVE,6.44173995,0.3252,1.635,1.08E+02,1.41,0.0699,1175,451.14,10.5,6088,4.225,1.339,13.861
FALSE POSITIVE,0.631106722,0.194,0.9942,4.92E+01,0.63,0.0135,1945,3367.19,17.6,5400,4.443,0.898,13.572
FALSE POSITIVE,176.17377,0.2545,14.58,3.50E+02,1.76,0.6208,323,2.57,8.2,5957,4.506,0.937,15.601
CONFIRMED,114.336052,0.529,14.077,2.40E+02,2.09,0.4679,429,8.02,13,5802,4.218,1.316,15.015
FALSE POSITIVE,0.63938062,1.377,1.2067,3.08E+02,51.53,0.0155,2566,10289.98,97.5,6607,4.363,1.204,13.725
CANDIDATE,8.8233996,0.022,6.735,1.05E+02,1.13,0.0793,929,176.13,13.3,5602,4.269,1.121,14.598
FALSE POSITIVE,0.566801045,0.628,1.7499,1.88E+02,1.42,0.0129,2348,7209.06,34.9,6106,4.405,0.982,14.498
FALSE POSITIVE,0.992799002,1.3295,3.4878,1.65E+03,40.12,0.0199,1933,3302.31,97.8,6217,4.472,0.989,15.106
CONFIRMED,1.5184181,0.561,2.842,1.97E+02,1.85,0.0264,1926,3261.65,15.9,6302,4.259,1.269,14.118
FALSE POSITIVE,0.96807117,0.53,1.677,1.05E+02,0.72,0.0174,1487,1157.58,15.4,5367,4.639,0.687,15.247
FALSE POSITIVE,3.55661906,0.384,5.396,2.33E+01,0.72,0.0446,1518,1254.47,11.4,6018,4.081,1.458,12.84
CANDIDATE,40.0691482,1.125,2.928,7.84E+02,13.25,0.2125,458,10.42,10.5,5485,4.575,0.762,15.618
CANDIDATE,11.6933447,0.353,6.551,6.69E+01,1.12,0.1067,950,192.95,12.7,6049,4.248,1.354,13.848
FALSE POSITIVE,0.56256804,0.692,1.686,4.50E+00,0.63,0.0166,5127,164220.08,11.8,9005,3.84,2.773,9.121
FALSE POSITIVE,8.79991878,1.6053,41.564,8.69E+02,224.56,0.1063,1979,3624.62,236.1,8092,3.725,3.267,11.04
CANDIDATE,4.02745396,0.304,1.33,8.52E+01,0.98,0.0494,1250,577.46,10.8,6174,4.398,1.041,13.685
CANDIDATE,4.96061094,0.058,2.864,2.04E+01,0.59,0.0584,1272,618.99,12.5,6117,4.244,1.298,11.525
FALSE POSITIVE,349.03703,0.1215,4.76,7.77E+02,2.27,0.9363,231,0.67,11.6,5583,4.559,0.824,15.499
FALSE POSITIVE,177.8135,0.2043,9.76,4.18E+02,1.83,0.6181,310,2.17,8.8,5822,4.529,0.898,15.234
CANDIDATE,1.4733245,0.197,1.406,1.24E+02,1.03,0.0239,1576,1453.8,11.9,5751,4.431,0.921,15.078
CONFIRMED,101.952048,0.084,5.991,1.53E+02,1.31,0.4322,428,7.92,10.3,6210,4.407,1.054,13.658
FALSE POSITIVE,2.41795911,0.145,2.727,1.01E+02,0.53,0.0288,878,140.54,10.1,4623,4.719,0.534,15.121
FALSE POSITIVE,183.854867,0.4202,14.996,5.21E+02,2.4,0.6522,345,3.36,10.8,6225,4.45,1.031,15.448
CANDIDATE,5.93218209,0.097,4.507,2.05E+02,1.39,0.065,1000,235.68,14.9,5843,4.474,0.977,15.466
CANDIDATE,96.384483,0.095,5.253,5.91E+02,2.41,0.4268,400,6.03,10.4,5919,4.485,1,15.602
CANDIDATE,6.05552018,0.19,2.818,1.35E+02,0.92,0.063,844,119.89,9.8,5352,4.585,0.805,14.772
CONFIRMED,12.4418003,0.043,3.572,7.84E+01,0.57,0.0942,576,26.03,11.4,4926,4.653,0.662,13.725
CANDIDATE,54.333582,0.823,10.545,1.52E+02,1.7,0.2731,513,16.37,10.5,5500,4.228,1.221,14.487
CANDIDATE,4.11754421,0.312,4.362,3.43E+01,1.02,0.0527,1581,1477.06,22.1,6263,4.024,1.726,10.335
FALSE POSITIVE,293.60581,0.0927,11.07,1.65E+02,1.37,0.9057,295,1.79,8.4,6167,4.444,1.064,14.279
FALSE POSITIVE,2.78801663,0.796,17.354,1.40E+01,0.91,0.0465,2287,6451.74,21.8,7523,3.986,2.206,12.133
CONFIRMED,3.94660745,0.278,2.705,3.09E+02,1.4,0.0471,981,218.91,12.7,5376,4.576,0.806,15.923
FALSE POSITIVE,4.99473798,0.46,3.05,9.95E+01,0.82,0.0554,917,167.06,17.5,5406,4.569,0.819,13.819
CANDIDATE,122.749053,0.997,8.342,1.04E+03,6.13,0.4945,348,3.48,15,5619,4.488,0.976,15.511
CANDIDATE,4.37992345,0.728,4.949,1.55E+01,0.81,0.0575,1608,1579.65,13.9,6311,3.993,1.918,10.438
FALSE POSITIVE,368.48518,0.5758,11.26,3.02E+02,1.98,1.0031,283,1.52,13.7,6140,4.354,1.096,14.178
FALSE POSITIVE,169.894419,0.3241,2.525,1.79E+02,2.66,0.6421,492,13.85,6.3,6382,3.94,1.961,11.998
FALSE POSITIVE,26.190289,0.109,2.148,5.18E+01,1.05,0.1847,793,93.35,9.3,6434,4.208,1.441,11.66
FALSE POSITIVE,203.511886,0.3979,3.671,1.67E+02,2.07,0.7567,442,9.02,9.3,6967,4.193,1.565,12.341
CANDIDATE,3.70858595,0.115,1.94,3.05E+02,1.33,0.0445,995,231.84,11.3,5420,4.596,0.771,15.947
CANDIDATE,9.4527721,0.746,3.817,1.97E+02,1.3,0.0859,832,113.38,11.3,5973,4.547,0.857,15.58
CANDIDATE,4.3638313,0.39,1.457,1.94E+02,1.08,0.0493,976,214.31,10.3,5623,4.596,0.763,15.642
CONFIRMED,6.18943952,0.334,2.3316,8.32E+01,0.65,0.0584,783,88.79,26.8,5051,4.562,0.721,8.717
CANDIDATE,6.83006228,0.006,3.315,1.87E+02,1.09,0.0675,882,142.95,12.1,5807,4.576,0.8,15.17
CANDIDATE,17.1622587,1.201,4.668,3.12E+02,22.42,0.1319,674,48.86,11.7,5729,4.509,0.939,14.841
CANDIDATE,5.19898615,0.428,2.359,1.37E+02,1.04,0.0578,1035,271.21,11.5,6058,4.54,0.867,14.652
CONFIRMED,8.70179611,0.045,3.048,3.04E+02,1.37,0.0777,750,74.58,11.8,5295,4.548,0.8,15.85
CANDIDATE,14.74426,1.063,8.168,1.14E+02,8.1,0.1182,784,89.04,11.9,6146,4.454,0.987,13.775
FALSE POSITIVE,0.933747395,0.541,4.798,3.09E+01,1.24,0.0195,2596,10738.05,26.7,5574,3.818,2.174,12.877
FALSE POSITIVE,58.873429,0,17.487,2.26E+05,76.18,0.3312,679,50.35,106.8,7078,4.192,1.568,14.048
FALSE POSITIVE,14.1166583,1.9614,9.12,4.49E+02,238.66,0.1278,1205,497.8,5.9,6526,3.883,2.238,13.572
CANDIDATE,35.0175053,0.809,3.608,2.92E+02,2.13,0.2026,617,34.32,12.8,5944,4.293,1.123,14.638
CONFIRMED,47.3128645,0.967,11.444,2.17E+02,3.71,0.2788,658,44.26,17.6,5749,4.002,1.876,14.553
FALSE POSITIVE,29.6990126,0.3636,1.849,9.33E+01,1.93,0.2008,880,141.6,7.4,6382,3.94,1.961,11.998
CONFIRMED,6.1082945,0.63,3.493,6.11E+01,1.06,0.0706,1267,608.39,10.8,6720,4.316,1.289,13.606
FALSE POSITIVE,119.72007,0.025,9.48,1.16E+02,1.26,0.4844,410,6.67,9,5963,4.321,1.176,13.59
FALSE POSITIVE,1.27839331,0.201,6.343,1.95E+01,0.86,0.0276,2853,15656.19,15.2,7758,4.106,1.918,13.107
CONFIRMED,7.545922037,0.625,4.0329,2.22E+01,0.68,0.0763,1084,326.67,13.4,5788,4.178,1.376,11.158
FALSE POSITIVE,0.58675746,1.183,1.508,1.44E+02,19.91,0.0139,2157,5080.59,18.4,5942,4.506,0.938,15.509
CANDIDATE,22.599501,0.12,4.38,7.69E+01,0.96,0.1577,734,68.48,2.9,6335,4.375,1.087,11.531
FALSE POSITIVE,373.74856,0.9735,28.18,7.98E+02,4.45,1.0842,287,1.59,12.6,6343,4.411,1.137,15.642
FALSE POSITIVE,20.8822079,0.1364,4.556,1.11E+03,3.63,0.1487,661,45.17,11,5780,4.438,1,14.945
CONFIRMED,7.28171395,0.956,1.723,1.12E+02,2.59,0.0735,1086,329.68,14.4,4970,3.924,1.806,13.367
FALSE POSITIVE,8.0386699,0.399,3.549,1.42E+02,1.18,0.0801,926,173.92,11.6,6018,4.485,0.975,14.999
CONFIRMED,44.9851885,0.664,4.164,6.18E+02,2.09,0.2323,433,8.34,12.7,5295,4.548,0.8,15.85
FALSE POSITIVE,6.67410577,0.927,3.645,1.61E+02,1.62,0.0687,1022,257.38,12.6,5949,4.389,1.041,15.066
FALSE POSITIVE,374.92478,0.348,18.05,6.10E+02,1.67,0.8955,171,0.2,6,4407,4.593,0.69,15.822
CANDIDATE,5.89089509,0.282,2.402,2.68E+02,1.54,0.065,985,223.02,11.7,5869,4.513,0.942,15.683
CANDIDATE,4.13029832,0.041,2.461,3.25E+02,1.44,0.048,995,231.52,8.7,5490,4.557,0.81,15.956
FALSE POSITIVE,4.60690612,0.203,4.176,1.38E+02,0.9,0.0511,950,192.38,13.3,5529,4.583,0.775,15.069
FALSE POSITIVE,1.50178705,0.359,2.936,8.67E+01,0.93,0.0261,1617,1619.24,13.4,5964,4.471,0.987,15.028
FALSE POSITIVE,0.499664962,0.28,1.6123,3.43E+01,0.5,0.0122,2056,4230.98,31.6,5570,4.561,0.855,10.437
FALSE POSITIVE,17.4453935,1.254,6.39,5.02E+02,32.01,0.1367,770,83.11,16.4,6260,4.433,1.063,15.954
CANDIDATE,201.325036,0.597,14.4,1.25E+02,1.98,0.735,410,6.71,14.2,6120,4.093,1.699,13.174
CANDIDATE,5.59346375,0.079,1.668,2.37E+02,1.43,0.0617,1008,243.63,9.5,5874,4.498,0.933,15.308
CANDIDATE,3.44928111,0.534,1.424,2.37E+02,1.23,0.0426,966,206.55,9.7,5119,4.591,0.781,15.144
FALSE POSITIVE,1.4725859,0.377,2.953,8.44E+01,0.93,0.026,1662,1801.98,13.3,6077,4.471,0.999,15.117
FALSE POSITIVE,2.97607935,0.7955,4.606,1.30E+02,1.1,0.0396,1144,404.28,14.1,5547,4.534,0.865,15.331
CANDIDATE,37.9043889,0.473,11.638,9.82E+01,1.97,0.2241,693,54.36,13.9,5303,3.87,1.964,13.726
FALSE POSITIVE,1.44438449,0.466,2.704,7.54E+01,1.08,0.0268,1980,3622.28,10.8,6667,4.358,1.213,14.815
CANDIDATE,6.88297756,0.707,2.065,3.04E+01,0.77,0.0726,1141,400.53,13.2,6117,4.244,1.298,11.525
CANDIDATE,8.7963166,0.979,4.696,9.65E+01,1.36,0.0836,882,142.92,11.9,5780,4.438,1,13.641
CANDIDATE,2.049602348,0.435,1.061,1.86E+02,1.08,0.0301,1203,494.57,11.3,5356,4.589,0.78,15.277
CANDIDATE,53.285584,0.754,6.492,1.59E+02,1.44,0.2582,537,19.63,11,6015,4.297,1.057,13.98
CANDIDATE,5.8943338,0.003,3.475,2.89E+01,0.61,0.0657,1092,335.9,10.7,5929,4.357,1.145,12.322
CANDIDATE,8.119343,0.032,3.558,3.50E+02,1.5,0.0753,794,94.08,8.2,5490,4.557,0.81,15.956
CONFIRMED,7.74347801,0.018,2.7878,7.78E+01,0.62,0.0678,727,65.88,24.4,5051,4.562,0.721,8.717
CANDIDATE,18.0071438,0.081,5.401,8.08E+01,1.05,0.1356,799,96.25,13.1,6173,4.314,1.167,13.615
CONFIRMED,5.60473115,0.221,2.885,2.10E+02,1.11,0.0588,866,132.98,11.9,5401,4.593,0.777,15.683
FALSE POSITIVE,132.778041,0.735,5.624,9.04E+03,10.38,0.5104,357,3.83,10.6,5780,4.438,1,13.34
CANDIDATE,2.49915311,0.666,1.803,1.79E+02,1.02,0.0321,983,220.65,13.4,4705,4.572,0.72,15.352
FALSE POSITIVE,184.568,0.2544,13.09,4.10E+02,1.53,0.5911,282,1.5,10.2,5680,4.595,0.75,15.185
CANDIDATE,105.997107,0.667,3.751,4.31E+02,1.83,0.4274,373,4.59,10.9,6068,4.565,0.831,14.894
FALSE POSITIVE,2.48882685,0.711,3.487,8.02E+01,1.05,0.038,1477,1124.85,14.2,6246,4.433,1.092,14.768
FALSE POSITIVE,367.19796,0.0858,15.92,1.46E+02,1.08,0.9925,253,0.96,10.7,6054,4.525,0.889,13.592
CANDIDATE,6.30432354,0.665,2.508,4.00E+01,1.23,0.0709,1510,1229.72,10.7,6728,3.987,1.836,13.01
FALSE POSITIVE,17.6604653,0.689,2.837,3.09E+02,1.76,0.1342,690,53.57,11.3,5910,4.505,0.94,15.768
CANDIDATE,3.38419892,0.176,1.485,2.28E+02,1.2,0.0423,1074,313.79,11.5,5613,4.581,0.795,15.446
FALSE POSITIVE,1.69999106,0.388,3.289,9.56E+01,0.55,0.0227,934,180.38,10.6,4289,4.684,0.554,15.928
CANDIDATE,1.19260017,0.015,1.502,5.80E+01,0.77,0.0207,1726,2107.84,11.7,5600,4.349,1.013,13.818
FALSE POSITIVE,4.2059745,0.115,8.006,4.12E+01,0.75,0.0504,1263,601.3,7.7,5960,4.291,1.163,14.734
CANDIDATE,216.456055,0.033,11.067,1.00E+03,3.61,0.6985,320,2.48,14.2,5645,4.299,1.155,15.58
FALSE POSITIVE,0.566803216,0.424,3.325,2.02E+01,0.54,0.0138,2642,11526.75,15.5,6473,4.33,1.182,13.449
FALSE POSITIVE,365.13981,0.0901,4.46,5.31E+02,1.86,0.9615,228,0.64,7.9,5610,4.564,0.815,14.934
FALSE POSITIVE,37.809539,0.03,7.547,4.87E+02,1.79,0.2139,483,12.89,9.7,5595,4.57,0.82,15.752
FALSE POSITIVE,381.18654,0.4109,9.73,9.85E+02,2.29,0.9537,193,0.33,9,4977,4.607,0.734,15.845
CANDIDATE,12.003678,0.076,2.799,2.82E+02,0.97,0.0856,503,15.12,12,4328,4.654,0.594,15.675
CONFIRMED,5.17624997,0.097,5.261,7.87E+01,1.31,0.0586,1243,565.42,13.4,5578,4.088,1.497,14.435
FALSE POSITIVE,370.62071,0.1419,12.58,3.44E+02,2.12,1.0537,295,1.78,10.5,6432,4.382,1.136,15.045
FALSE POSITIVE,0.589458602,0.086,0.8278,1.58E+02,0.98,0.0124,1848,2736.51,17.3,5286,4.517,0.776,15.314
CONFIRMED,3.91794676,0.337,2.549,1.17E+02,0.94,0.0482,1030,266.81,13.5,5500,4.547,0.87,14.75
CANDIDATE,6.0059966,0.135,3.096,3.92E+01,0.73,0.0658,1130,385.87,7.8,6103,4.331,1.16,13.549
CANDIDATE,4.22426989,0.716,4.22,1.36E+01,0.35,0.0494,1069,309.32,11,5735,4.501,0.883,11.756
CANDIDATE,330.906041,0.005,3.846,7.40E+02,2.05,0.883,225,0.6,7.3,5461,4.589,0.769,15.77
CANDIDATE,56.3479517,0.768,8.789,4.36E+01,1.06,0.2841,586,27.97,15.1,5843,4.086,1.471,10.455
FALSE POSITIVE,0.614701901,0.2344,0.947,1.32E+02,0.82,0.0126,1656,1779.79,11.2,4954,4.563,0.724,15.893
FALSE POSITIVE,0.934181579,0.62,3.943,1.21E+01,0.79,0.0228,3268,26937.31,19.8,7624,4.029,2.152,11.219
CANDIDATE,19.9778599,0.172,5.96,8.34E+01,1.07,0.1547,773,84.29,12.8,6392,4.399,1.162,13.52
FALSE POSITIVE,379.65261,0.1971,19.04,8.23E+01,1.2,0.9747,330,2.8,8,6471,4.141,1.302,13.223
CANDIDATE,17.543847,0.579,5.948,1.96E+02,1.15,0.126,658,44.42,9.9,5957,4.579,0.791,15.388
CANDIDATE,3.8183717,0.878,2.687,5.08E+01,1.39,0.0528,1683,1894.37,11.8,6738,4.109,1.692,13.821
FALSE POSITIVE,1.215181097,0.1356,1.295,3.97E+01,0.87,0.0241,2230,5844.41,11.8,6717,4.268,1.365,13.516
FALSE POSITIVE,21.5324915,0.5366,4.156,1.01E+02,1.47,0.1622,876,139.32,12.1,6737,4.228,1.41,13.41
FALSE POSITIVE,3.74779583,0.39,3.157,8.85E+01,1.06,0.0496,1324,725.94,14.4,6341,4.409,1.111,14.416
CANDIDATE,9.07829171,0.164,0.783,5.31E+02,3.69,0.0838,984,221.32,7,5086,4.002,1.611,14.383
FALSE POSITIVE,0.91842238,1.186,5.664,1.63E+02,16.07,0.0173,1525,1280.4,12.9,5288,4.613,0.74,15.899
FALSE POSITIVE,373.43233,0.0802,16.5,1.67E+02,1.48,0.9997,290,1.66,12.9,6146,4.303,1.141,13.477
CONFIRMED,9.74048508,0.89,1.6993,1.21E+02,0.95,0.079,673,48.52,25.8,5051,4.562,0.721,8.717
FALSE POSITIVE,397.73781,0.1656,13.08,4.61E+02,2.2,1.0889,264,1.16,8.8,6194,4.457,1.02,15.548
FALSE POSITIVE,5.35745121,0.119,2.592,7.82E+01,1.65,0.0639,1457,1065.83,16.4,6123,3.982,1.86,12.596
FALSE POSITIVE,2.16132662,0.778,4.487,1.12E+02,0.5,0.025,687,52.58,25.3,3754,4.818,0.43,14.751
CANDIDATE,6.41097179,0.261,2.582,2.34E+02,1.4,0.0669,886,146.16,8.5,5383,4.486,0.933,15.631
CONFIRMED,6.76289308,0.553,6.204,5.09E+01,1.21,0.0761,1337,754.37,14.6,6547,4.122,1.63,13.499
CANDIDATE,75.2116373,0.058,3.203,3.63E+02,2.83,0.3708,516,16.78,13.1,5818,4.165,1.5,14.39
CANDIDATE,6.36283414,0.141,3.752,1.59E+02,1.12,0.0666,956,197.84,9.9,5955,4.534,0.883,15.567
CANDIDATE,7.53737498,0.225,3.966,4.11E+01,0.93,0.0802,1210,506.84,11.3,6483,4.206,1.436,12.912
FALSE POSITIVE,1.09844642,0.727,1.528,4.50E+01,1.73,0.0224,2921,17139.77,15.1,6403,3.772,2.391,13.19
FALSE POSITIVE,25.94947,0.678,15.7,2.38E+02,1.22,0.1613,508,15.74,8.2,5348,4.609,0.748,15.908
CANDIDATE,7.57600886,0.267,3.361,4.90E+01,0.54,0.0714,778,86.87,12.5,5361,4.588,0.774,13.241
FALSE POSITIVE,1.8789138,0.536,4.279,3.02E+01,1.9,0.0379,3330,29112.69,17.8,8046,3.704,3.339,12.95
CONFIRMED,41.8681996,0.923,5.783,1.51E+02,1.25,0.2301,492,13.89,12.5,5852,4.559,0.837,13.664
FALSE POSITIVE,0.514771509,0.222,1.256,4.34E+01,0.57,0.0124,2113,4749.21,12,5730,4.545,0.87,14.198
CONFIRMED,8.61742738,0.059,2.713,1.55E+02,1.01,0.0763,733,68.28,11.3,5009,4.491,0.84,14.79
FALSE POSITIVE,35.945188,0.1278,8.23,7.26E+01,1.5,0.236,789,91.51,4.1,6578,4.087,1.744,11.628
FALSE POSITIVE,5.00749378,0.206,2.898,5.66E+01,1.68,0.0534,1499,1192.26,14.7,5242,3.644,2.243,12.938
CONFIRMED,196.436796,0.019,8.556,6.32E+02,2.33,0.6446,292,1.72,14.4,5462,4.452,0.946,15.139
CANDIDATE,8.8303681,0.746,3.426,2.96E+02,1.32,0.0767,676,49.36,10.9,5051,4.628,0.706,15.945
CANDIDATE,12.85755895,0.55,4.831,1.07E+02,1.23,0.1045,860,129.15,14.2,5860,4.276,1.156,13.821
FALSE POSITIVE,0.566810643,0.315,3.471,4.56E+01,0.52,0.0126,1976,3605.07,17.2,5776,4.598,0.758,14.844
CANDIDATE,33.502923,0.756,11.947,7.09E+01,1.08,0.1984,645,40.79,12.5,5999,4.263,1.177,13.219
CANDIDATE,148.568877,0.243,4.399,4.04E+02,5.97,0.6365,555,22.49,11.6,5814,3.68,2.985,14.744
CANDIDATE,9.3335486,0.725,6.643,7.12E+01,1.69,0.0888,1082,323.68,11.7,5354,3.927,1.863,14.276
FALSE POSITIVE,262.477098,0.0753,5.816,1.02E+03,1.92,0.6821,178,0.24,9.7,4227,4.641,0.62,15.72
FALSE POSITIVE,2.21030572,0.233,2.492,9.20E+01,1.06,0.0347,1572,1440.34,11.4,6355,4.418,1.09,14.886
CANDIDATE,9.54060855,0.031,1.869,4.62E+02,1.75,0.083,735,69.25,11.2,5271,4.522,0.831,15.836
FALSE POSITIVE,5.99321872,0.02,3.92,2.03E+02,1.23,0.0638,952,194.41,9.5,5853,4.544,0.868,15.512
CANDIDATE,1.80926734,0.385,2.469,9.80E+01,0.89,0.0289,1444,1028.71,10.9,5897,4.531,0.891,15.186
FALSE POSITIVE,0.70544189,0.328,1.772,1.34E+02,1.04,0.0155,1960,3481.65,13.9,5838,4.529,0.897,15.826
FALSE POSITIVE,0.981399749,0.408,0.5051,1.58E+02,1.21,0.0192,1820,2602.14,16.2,6038,4.524,0.898,14.652
CANDIDATE,5.04413987,0.727,1.623,1.72E+02,1.18,0.0533,862,130.09,10.2,4954,4.5,0.828,15.377
FALSE POSITIVE,0.933728755,0.645,4.363,1.35E+01,0.72,0.0208,2777,14057.75,17.9,6652,4.036,1.863,10.959
FALSE POSITIVE,12.60759142,0.996,29.1267,7.95E+01,1.61,0.1089,809,101.31,41.6,6047,4.47,1.002,11.36
CANDIDATE,5.3694084,0.837,3.949,4.00E+01,0.62,0.059,974,212.68,8,5753,4.538,0.869,13.786
CANDIDATE,5.65690281,0.014,3.583,3.22E+01,0.74,0.0619,1159,425.7,10.4,5687,4.191,1.32,12.715
FALSE POSITIVE,0.734573766,0.044,1.295,6.84E+01,0.86,0.0151,2061,4270.04,11.4,5602,4.325,1.051,14.617
FALSE POSITIVE,289.86046,0.3711,11.103,2.35E+02,1.5,0.8494,279,1.43,10.3,5914,4.451,0.971,13.696
FALSE POSITIVE,357.13089,0.1365,13.04,3.31E+02,1.62,0.9831,246,0.87,11.8,5838,4.529,0.897,15.271
FALSE POSITIVE,370.50684,0.0647,12.132,4.19E+02,2.06,1.0251,277,1.39,8.8,6360,4.458,0.999,14.851
FALSE POSITIVE,1.332580225,0.519,2.057,4.63E+01,2.18,0.0293,3111,22103.67,16.4,6858,3.731,3.096,13.922
CANDIDATE,7.4299322,0.826,4.013,1.65E+02,1.81,0.0738,1024,259.7,9.8,5635,4.23,1.252,15.128
CANDIDATE,79.334347,0.652,10.886,1.65E+02,1.56,0.3653,500,14.73,14.6,6384,4.33,1.15,13.815
CANDIDATE,5.68251605,0,3.479,8.12E+01,1.03,0.0627,1090,333.82,9.4,5753,4.319,1.157,14.878
CONFIRMED,7.99144696,0.94,3.639,1.45E+02,1.53,0.0783,901,155.95,12.8,5700,4.434,1.006,14.955
FALSE POSITIVE,2.9039446,0.686,10.542,1.31E+01,1.17,0.0525,2637,11446.75,32,7846,3.829,3.05,9.162
FALSE POSITIVE,68.538296,0.002,3.627,1.09E+03,25.77,0.3266,1031,267.17,11.3,4687,2.613,8.123,13.983
CANDIDATE,4.52628739,0.5,3.736,9.96E+01,1.02,0.0536,1089,332.79,12.5,5700,4.434,1.006,14.955
FALSE POSITIVE,369.7985,0.1382,12.564,1.11E+03,2.53,0.9359,225,0.61,11.1,5680,4.582,0.757,15.696
FALSE POSITIVE,6.5588346,0.7173,3.034,4.12E+01,0.7,0.0687,973,211.64,8.1,5780,4.438,1,10.609
FALSE POSITIVE,0.643007769,0.012,0.69,6.81E+01,0.35,0.011,1070,311.13,10.3,3925,4.825,0.421,14.8
CANDIDATE,0.597018404,0.44,0.4778,2.45E+02,1.09,0.0122,1578,1473.77,16.5,4985,4.675,0.63,15.509
FALSE POSITIVE,1.061937837,0.125,2.31,5.20E+01,0.68,0.0206,1757,2252.16,16.3,5893,4.505,0.941,14.171
CANDIDATE,4.82025124,0.538,2.129,9.41E+01,0.78,0.0531,1018,254.2,8.5,6035,4.591,0.777,14.639
CANDIDATE,12.4019263,0.924,4.043,2.11E+02,1.49,0.0984,713,60.93,9.5,5555,4.514,0.832,15.355
CANDIDATE,152.823896,0.119,7.734,4.56E+02,2.45,0.5895,395,5.77,9.9,6452,4.394,1.137,15.408
FALSE POSITIVE,15.07277287,0.891,0.7794,3.45E+02,1.73,0.1132,635,38.57,13,5521,4.594,0.771,14.269
FALSE POSITIVE,1.71659304,0.1534,1.154,1.38E+02,1.17,0.0285,1607,1577.89,9.5,6192,4.467,0.987,14.971
CANDIDATE,6.80899076,1.9253,2.077,1.19E+03,89.29,0.0655,795,94.48,11.5,4992,4.483,0.854,16.303
CANDIDATE,77.915425,0.448,8.274,1.79E+02,1.17,0.3331,367,4.28,9.2,5135,4.464,0.874,14.316
FALSE POSITIVE,358.818895,0.825,2.503,6.66E+02,2.66,0.9572,262,1.11,11.5,6056,4.47,0.918,13.919
FALSE POSITIVE,181.3537,0.5983,16.19,4.55E+02,2.11,0.6407,317,2.39,11.7,5900,4.509,0.951,15.914
CANDIDATE,284.727213,0.316,10.299,3.55E+02,2.02,0.8224,278,1.41,12.7,5497,4.332,1.08,14.636
FALSE POSITIVE,3.74786694,0.49,3.632,8.09E+01,0.89,0.0485,1176,451.72,19.1,5957,4.498,0.971,13.567
CANDIDATE,30.5392931,0.045,6.887,4.28E+02,2.72,0.1942,669,47.46,15,5803,4.211,1.328,15.271
FALSE POSITIVE,0.913244995,0.286,0.4931,4.78E+01,0.77,0.0185,1967,3541.46,10.2,5923,4.402,1.049,13.343
FALSE POSITIVE,2.97599368,0.243,4.023,5.50E+01,0.79,0.0406,1395,894.1,13,6202,4.394,1.055,14.11
CANDIDATE,8.31224474,1.111,2.663,7.08E+01,10.63,0.0726,801,97.64,12.2,5421,4.483,0.816,13.019
FALSE POSITIVE,0.584148495,0.584,1.6192,6.62E+01,0.87,0.013,2130,4882.9,21.9,5427,4.347,1.031,13.949
CANDIDATE,12.6362048,0.174,3.961,1.24E+02,1.1,0.1072,774,85.06,11.5,5772,4.457,0.992,14.241
FALSE POSITIVE,0.824180121,1.171,2.839,2.08E+02,17.8,0.0168,1912,3155.32,39.7,5977,4.514,0.883,14.638
FALSE POSITIVE,0.579770948,0.946,1.0377,4.68E+02,2.4,0.0135,1953,3425.06,44.3,5561,4.561,0.854,15.298
CANDIDATE,23.266633,0.092,8.315,4.99E+01,2.66,0.1821,1156,422.77,11.4,5758,3.456,3.775,13.047
FALSE POSITIVE,0.92225589,0.992,4.227,3.30E+01,1.29,0.0188,2206,5614.19,7.1,5631,4.114,1.485,12.352
CANDIDATE,7.94004281,0.004,3.282,8.19E+01,0.98,0.0813,1010,245.79,10.7,6278,4.425,1.081,13.757
CANDIDATE,2.85855049,0.972,2.341,8.54E+01,1.23,0.0378,1212,510.14,11.4,5441,4.415,0.964,14.636
FALSE POSITIVE,0.75499096,0.322,2.485,2.16E+02,1.39,0.016,1949,3403.34,9.9,5743,4.466,0.946,15.708
FALSE POSITIVE,353.40191,0.4702,6.681,9.48E+02,2.35,0.8982,202,0.39,9.1,4957,4.561,0.763,15.687
CANDIDATE,8.95294046,0.718,2.995,4.40E+01,0.86,0.0839,1012,247.66,13,6047,4.266,1.207,11.458
FALSE POSITIVE,1.428596987,0.7017,2.1401,5.00E+01,1.62,0.0273,2637,11425.1,26.1,6745,3.901,2.144,12.619
CANDIDATE,4.84350003,0.906,3.045,5.02E+01,0.9,0.0543,1121,373.1,10.4,5762,4.348,1.056,13.59
CANDIDATE,45.163025,0.2057,7.03,1.30E+02,2.35,0.2944,886,145.48,8.7,7675,4.051,2.015,11.069
CANDIDATE,36.7614011,0.984,15.982,1.61E+02,1.52,0.2,475,12,16.2,5305,4.504,0.823,15.598
CANDIDATE,4.373570433,0.1,0.623,3.66E+02,1.23,0.0448,727,66.12,14.5,4362,4.623,0.64,15.194
FALSE POSITIVE,2.21701025,0.0662,2.148,2.94E+01,1.16,0.041,2371,7467.21,11.7,7524,4.067,2.092,12.734
FALSE POSITIVE,43.0759115,1.256,90.95,3.45E+03,213.46,0.2453,1032,268.5,323.1,4766,2.919,5.915,9.927
CANDIDATE,154.674369,0.777,9.35,4.36E+02,2.29,0.5698,371,4.47,13.5,6338,4.449,1.002,15.015
FALSE POSITIVE,372.62637,0.5353,18.52,5.42E+02,2.38,1.0472,258,1.05,11.9,6014,4.486,0.993,15.412
FALSE POSITIVE,1.02087831,0.148,2.429,3.34E+01,0.64,0.0196,1903,3115.14,9.9,5750,4.337,1.106,14.103
FALSE POSITIVE,1.26132769,0.289,1.244,1.10E+02,0.14,0.0108,447,9.46,9.9,2900,5.224,0.132,15.918
FALSE POSITIVE,6.09406648,1.235,2.085,3.03E+03,54.54,0.0743,1417,953.63,19,6785,4.162,1.666,9.58
FALSE POSITIVE,1.1578141,0.564,3.253,5.48E+01,1.24,0.0204,2133,4895.77,27.8,5412,3.941,1.629,13.548
CANDIDATE,15.9513866,0.197,2.285,9.92E+01,1.17,0.1311,849,123.03,9.2,6451,4.375,1.168,13.629
FALSE POSITIVE,0.566800926,0.971,4.407,2.65E+02,2.19,0.0134,2200,5563.01,63.2,5780,4.438,1,10.624
FALSE POSITIVE,24.1876477,1.8212,2.654,1.95E+02,118.8,0.1728,782,88.31,11.4,6437,4.273,1.31,13.544
CANDIDATE,7.7859111,0.675,7.788,4.55E+01,0.68,0.0769,939,183.92,12,6045,4.479,0.954,13.515
FALSE POSITIVE,2.44926655,0.253,2.988,1.08E+02,0.76,0.032,1033,269.06,10.7,4840,4.551,0.749,15.238
FALSE POSITIVE,2.17812826,0.344,2.601,1.01E+02,0.81,0.0317,1206,500.27,10.4,5426,4.579,0.805,15.613
CANDIDATE,31.183688,0.8319,6.14,1.40E+02,3.21,0.2158,876,139.27,7.9,5947,3.814,2.407,13.931
FALSE POSITIVE,1.33259494,0.104,2.783,9.27E+01,0.89,0.0237,1665,1814.46,7.8,6063,4.51,0.918,15.165
FALSE POSITIVE,2.05048377,0.013,3.67,6.05E+01,0.66,0.0287,1339,761.65,14.3,5568,4.451,0.854,14.352
FALSE POSITIVE,1.19550618,0.483,3.337,2.69E+01,0.78,0.0228,2152,5062.04,13.3,6088,4.15,1.463,13.45
CANDIDATE,2.94242323,0.447,1.519,2.93E+02,1.42,0.039,1098,344.64,14.7,5436,4.573,0.819,15.907
FALSE POSITIVE,0.683082998,0.694,4.409,1.43E+02,9.92,0.0225,6757,492690.35,26.1,8247,3.17,7.762,8.163
FALSE POSITIVE,0.791771167,1.224,2.4463,5.09E+02,82.71,0.0198,3419,32163.04,82.4,6218,3.678,3.07,13.852
FALSE POSITIVE,0.894172544,0.162,0.8302,8.62E+01,0.68,0.0167,1461,1070.89,16.9,4982,4.591,0.736,14.251
FALSE POSITIVE,1.68207624,0.56,1.519,5.47E+01,1.01,0.0274,1980,3646.1,11.1,6495,4.191,1.311,13.753
FALSE POSITIVE,9.8480917,0.127,3.079,1.42E+02,0.88,0.0805,711,60.47,9.7,5289,4.546,0.748,14.791
FALSE POSITIVE,0.566800593,0.2,3.909,1.23E+01,0.48,0.0143,2783,14091.55,10.4,6476,4.255,1.353,12.318
FALSE POSITIVE,0.969602551,0.415,1.728,1.11E+02,0.69,0.017,1334,750.09,10.4,4856,4.643,0.66,15.522
CANDIDATE,13.0914878,0.145,2.037,3.75E+01,0.79,0.1104,892,149.52,8,5919,4.238,1.288,11.993
FALSE POSITIVE,9.25801294,0.186,2.854,8.81E+01,1.73,0.0908,1229,539.51,12.9,6200,3.977,1.834,13.49
FALSE POSITIVE,25.9554044,0.952,8.491,1.23E+02,1.46,0.172,656,43.9,11.6,6058,4.408,1.038,14.145
FALSE POSITIVE,3.74788208,0.09,4.183,1.53E+02,0.94,0.045,979,216.97,13.6,5340,4.593,0.777,15.527
FALSE POSITIVE,0.93479255,1.2,4.5838,2.48E+02,24.75,0.0178,2040,4108.03,78.3,6018,4.33,1.053,14.198
FALSE POSITIVE,361.43653,0.2175,9.08,2.72E+02,1.56,0.9233,268,1.22,10.8,6028,4.398,0.938,13.791
FALSE POSITIVE,0.89628253,0.176,1.397,8.64E+01,0.76,0.0176,1670,1848.85,13,5561,4.572,0.818,15.248
FALSE POSITIVE,1.67495622,0.399,2.994,3.59E+01,0.77,0.0289,1843,2732.19,15.3,6323,4.296,1.263,13.363
CANDIDATE,54.0812235,0.182,6.279,4.11E+02,1.54,0.264,431,8.19,11.6,5757,4.597,0.762,15.487
FALSE POSITIVE,8.2344072,0.812,2.808,5.92E+01,1.49,0.0803,1263,601.05,11.5,6148,3.964,1.741,12.88
FALSE POSITIVE,2.15052332,0.0303,3.447,1.16E+02,1.17,0.0327,1410,934.17,11,5780,4.438,1,13.322
FALSE POSITIVE,32.6122381,1.252,2.886,1.32E+03,31.96,0.2002,570,24.92,19.6,5780,4.438,1,11.486
FALSE POSITIVE,0.967073359,1.222,2.4875,7.74E+02,28.15,0.0189,1867,2870.56,92.4,5755,4.402,1.022,15.12
FALSE POSITIVE,3.5564279,0.359,6.998,1.31E+02,0.8,0.0417,972,211.41,12.3,5404,4.638,0.694,15.927
FALSE POSITIVE,0.942997994,0.153,1.1658,5.39E+02,1.56,0.0166,1283,639.03,29.2,4499,4.59,0.693,15.878
FALSE POSITIVE,0.566796775,0.974,5.471,1.44E+02,0.61,0.0096,931,176.94,32.2,3453,4.892,0.358,15.51
CONFIRMED,13.6471211,0.617,8.331,7.50E+01,1.25,0.1075,913,164.06,14.7,5771,4.106,1.382,13.897
CONFIRMED,16.473474,0.014,4.201,4.71E+02,1.63,0.1126,612,33.22,13,5364,4.529,0.754,15.889
FALSE POSITIVE,3.74788322,0.544,3.45,2.43E+02,1.32,0.046,1031,266.76,16.3,5514,4.569,0.826,15.817
FALSE POSITIVE,0.705455349,0.447,2.469,7.49E+01,0.64,0.0145,1693,1936.09,18,5383,4.614,0.736,14.837
FALSE POSITIVE,488.67353,0.432,12.35,6.91E+02,2.03,1.1542,188,0.3,8.2,5218,4.596,0.772,15.747
CANDIDATE,8.5291223,0.606,3.241,3.25E+02,2.08,0.08,911,162.94,12.8,5543,4.318,1.111,15.377
FALSE POSITIVE,1.08906057,0.29,2.743,7.62E+01,0.75,0.0194,1511,1235.96,10.4,5087,4.463,0.881,14.959
FALSE POSITIVE,1.48922187,0.393,1.882,6.14E+02,2.5,0.0256,1594,1524.19,10.8,5780,4.438,1,17.352
FALSE POSITIVE,0.716709761,0.986,0.6969,6.84E+01,1.42,0.0149,2394,7725.24,21.2,6109,4.229,1.173,10.047
FALSE POSITIVE,4.1083812,0.148,3.279,3.53E+02,1.62,0.0497,1058,295.63,11.4,5730,4.545,0.87,15.771
CONFIRMED,1.962282625,0.169,1.45,6.83E+01,0.81,0.0298,1448,1038.36,12.9,5726,4.418,0.979,13.885
FALSE POSITIVE,0.523629052,0.045,3.443,1.22E+02,46.33,0.0154,9801,2181689.59,61.4,4136,1.392,44.448,10.863
CANDIDATE,6.4546845,0.93,3.071,6.99E+01,1.38,0.0718,1244,565.72,10.8,6474,4.243,1.362,13.784
FALSE POSITIVE,1.04588635,0.204,2.833,1.03E+02,1.1,0.021,1972,3582.91,13.2,6249,4.428,1.076,15.805
FALSE POSITIVE,51.31346091,,3.94,,,,,,,,,,13.888
CANDIDATE,0.494247662,0.366,1.2443,2.25E+02,1.51,0.0127,2257,6096.15,18.1,5763,4.484,0.998,15.666
CANDIDATE,11.8299383,0.502,5.168,4.14E+01,1.6,0.1128,1177,453.44,11.7,5747,3.802,2.431,12.327
FALSE POSITIVE,419.92898,0.0299,14.55,2.34E+02,1.51,1.0835,255,1,7.5,6047,4.431,0.988,14.755
FALSE POSITIVE,1.23521458,0.458,0.918,8.95E+01,0.93,0.0229,1713,2032.78,5,5999,4.494,0.959,15.637
FALSE POSITIVE,1.085229874,0.439,0.652,2.38E+02,1.37,0.0203,1632,1675.45,7.6,5713,4.554,0.851,15.959
FALSE POSITIVE,1.540379557,0.329,2.026,7.69E+01,0.81,0.024,1581,1481.09,14.6,5812,4.408,0.914,14.298
CANDIDATE,5.30179786,0.357,2.24,1.97E+02,1.22,0.0587,973,211.8,11.5,5749,4.547,0.864,15.466
CONFIRMED,3.60011712,0.025,2.396,5.02E+01,0.5,0.0407,938,182.81,21.6,5051,4.562,0.721,8.717
CONFIRMED,9.32867952,0.035,1.572,3.54E+02,1.62,0.0856,806,99.6,12.7,5749,4.547,0.864,15.466
CONFIRMED,6.38671206,0.015,1.201,2.24E+02,1.19,0.0617,811,102.25,11.6,5071,4.505,0.811,14.58
FALSE POSITIVE,158.348345,3.655,10.55,8.99E+02,372.86,0.6312,409,6.61,17.6,6521,4.352,1.276,15.028
CANDIDATE,0.849362238,0.453,1.36,1.15E+02,0.85,0.0169,1498,1190.04,11.9,4973,4.595,0.788,15.357
CANDIDATE,0.741768294,1.201,0.4164,6.03E+01,72.36,0.0186,3380,30981.32,14,5897,3.637,3.147,13.469
FALSE POSITIVE,0.93376962,1.142,7.023,1.26E+02,16.3,0.0185,1937,3343.62,28.5,6056,4.448,0.975,15.318
FALSE POSITIVE,322.48381,0.938,22.99,1.02E+03,3.5,0.911,259,1.06,27,5968,4.534,0.881,14.76
CANDIDATE,61.083322,0.649,10.396,2.28E+02,1.61,0.3082,465,11.01,11.5,5803,4.444,1.015,14.748
CANDIDATE,3.5944891,0.041,2.557,8.99E+01,0.98,0.0447,1178,455.99,10.4,5523,4.364,1.046,15.033
FALSE POSITIVE,0.739404894,0.077,1.753,2.47E+02,0.94,0.0136,1256,589.06,21,4205,4.635,0.624,15.962
CANDIDATE,4.8608059,0.374,1.966,2.52E+02,1.21,0.0529,925,172.76,8.9,5541,4.6,0.757,15.933
CANDIDATE,4.04481159,0.393,2.479,3.30E+01,0.67,0.0511,1325,729.15,7.5,6358,4.359,1.141,13.778
FALSE POSITIVE,25.94964132,0.945,11.6411,6.78E+01,2.06,0.172,753,76.14,7.6,5109,3.873,1.922,13.956
FALSE POSITIVE,1.71051215,0.057,1.284,4.22E+01,1.04,0.027,2004,3820.16,11.2,5925,3.989,1.589,13.095
CONFIRMED,62.869463,0.954,6.842,3.42E+02,1.96,0.2829,349,3.51,16.2,4762,4.535,0.781,14.591
FALSE POSITIVE,84.8062818,1.265,9.0006,9.94E+03,36.51,0.3635,388,5.33,121.6,5735,4.525,0.853,15.808
CONFIRMED,29.9632816,0.855,2.6,8.93E+02,2.24,0.1614,391,5.55,17.7,4463,4.623,0.638,15.947
FALSE POSITIVE,17.99643716,1.122,4.164,3.69E+04,30.08,0.1167,468,11.31,123.5,4438,4.606,0.666,14.845
CONFIRMED,11.63486009,0.053,5.466,2.92E+02,2.61,0.1011,961,201.96,18.4,5570,4.066,1.548,15.035
CANDIDATE,4.8302364,0.316,7.983,2.25E+01,1.06,0.0536,1453,1052.42,11.6,5086,3.678,2.247,11.994
CANDIDATE,56.446465,0.874,7.371,1.48E+02,1.57,0.2871,522,17.5,12.4,5995,4.337,1.117,14.046
CANDIDATE,31.4202111,0.075,4.021,3.91E+02,1.45,0.1824,471,11.6,10.6,5269,4.603,0.748,15.809
CONFIRMED,10.8118317,0.896,2.627,7.68E+01,1.24,0.0994,922,170.74,9.5,6025,4.331,1.196,13.385
CANDIDATE,5.56676609,0.392,1.812,1.74E+02,1.12,0.0574,859,128.51,12,5032,4.479,0.859,15.223
FALSE POSITIVE,1.208528832,0.039,1.336,1.81E+02,1.25,0.0223,1725,2084.15,10.6,6072,4.51,0.923,15.912
FALSE POSITIVE,208.1871179,0.321,2.5404,3.95E+02,1.99,0.6889,307,2.1,4.2,5780,4.438,1,12.793
FALSE POSITIVE,0.93198504,1.19,2.0472,3.27E+02,17.72,0.0167,1647,1734.47,44.5,5470,4.509,0.777,14.477
FALSE POSITIVE,0.60818508,1.835,0.909,1.45E+02,96.03,0.0137,2298,6637.9,18.9,5981,4.372,1.043,14.538
CANDIDATE,5.38613715,0.197,1.943,1.69E+02,0.86,0.0542,846,121.37,8.9,5516,4.669,0.656,15.347
CANDIDATE,13.2965044,0.902,5.68,1.33E+02,0.88,0.0948,488,13.42,9.1,4352,4.671,0.613,15.073
CANDIDATE,21.8420304,0.208,3.843,7.95E+01,2.01,0.1622,1016,251.46,9.5,6194,3.813,2.241,13.547
FALSE POSITIVE,1.65320144,0.148,1.525,1.32E+02,0.74,0.0237,1059,296.8,6.7,4544,4.609,0.661,15.762
FALSE POSITIVE,3.37487541,0.389,3.085,5.38E+01,0.75,0.0451,1287,649.96,8.3,6181,4.464,1.006,13.858
FALSE POSITIVE,0.962825082,0.088,2.8464,1.18E+02,5.18,0.0216,3265,26811.24,40.7,4898,3.212,4.928,12.173
FALSE POSITIVE,309.494217,0.0542,13.716,2.92E+02,2.79,0.9402,399,6.01,14.5,6908,4.085,1.614,12.512
CANDIDATE,0.876850385,0.049,1.534,5.92E+01,1.35,0.0197,2543,9858.55,9.7,6102,4.069,1.756,14.878
FALSE POSITIVE,24.2382519,0.82,2.703,4.66E+02,2.19,0.1642,597,29.92,11.3,5763,4.527,0.904,15.752
FALSE POSITIVE,24.2416103,0.069,5.137,3.23E+02,1.61,0.1642,596,29.92,10.8,5763,4.527,0.904,15.752
CANDIDATE,413.51856,0.019,10.395,3.91E+02,1.96,1.0911,254,0.98,7.9,6031,4.45,0.992,15.106
CANDIDATE,20.7106368,0.604,2.693,1.43E+02,1.12,0.1421,626,36.18,11,5631,4.478,0.901,14.18
FALSE POSITIVE,69.3788597,0.539,3.807,5.30E+02,2.07,0.3241,421,7.4,16.8,5806,4.529,0.874,14.854
CONFIRMED,29.3493852,0.75,4.313,6.59E+02,2.02,0.1715,451,9.81,20.3,4987,4.613,0.722,15.689
CANDIDATE,3.43633133,0.114,0.675,4.74E+02,1.44,0.0384,945,188.22,14.5,5201,4.616,0.651,15.71
FALSE POSITIVE,449.57274,0.2059,9.328,2.21E+02,3.08,1.1848,333,2.89,14.1,5691,3.842,2.079,13.679
FALSE POSITIVE,245.059374,0.0927,9.549,1.65E+02,1.63,0.7065,356,3.81,15.1,6036,4.127,1.265,12.854
CANDIDATE,142.703888,0.062,5.808,2.26E+02,1.95,0.5812,440,8.88,11,6701,4.326,1.289,13.964
CANDIDATE,3.38080537,0.067,3.275,2.01E+02,1.69,0.0461,1362,814.73,11.6,6072,4.343,1.193,15.514
CANDIDATE,10.4716194,0.184,4.512,1.24E+02,1.74,0.0966,1035,271.12,11.7,5812,4.083,1.574,14.486
CONFIRMED,11.49500229,0.911,7.602,5.14E+01,1.53,0.1038,1105,351.79,22.9,6033,3.985,1.788,12.014
FALSE POSITIVE,0.708726708,0.28,0.753,3.14E+02,0.92,0.0125,1302,684.35,13.4,4607,4.733,0.515,15.986
FALSE POSITIVE,283.72675,0.3461,15.49,8.46E+01,1.18,0.8865,341,3.2,9.3,6496,4.301,1.257,12.768
FALSE POSITIVE,373.60683,0.588,8.752,5.35E+02,2.5,1.0494,271,1.28,9.3,6184,4.448,1.038,15.256
CANDIDATE,6.78788113,0.022,2.26,7.31E+01,2.44,0.0835,1679,1875.92,7.8,6537,3.76,2.829,13.36
CANDIDATE,5.47455167,0.931,3.71,7.32E+01,1.4,0.0603,1155,419.95,10.8,5611,4.19,1.312,14.211
CANDIDATE,3.43861067,0.629,1.264,4.68E+01,1.01,0.0435,1348,779.48,9.5,5383,4.112,1.401,12.192
CANDIDATE,4.8754765,0.084,1.902,3.96E+01,0.8,0.0546,1180,458.62,8.8,5513,4.179,1.286,12.207
FALSE POSITIVE,4.29388808,0.272,3.618,1.11E+02,1.68,0.0571,1532,1302.16,17.9,6615,4.173,1.574,12.209
FALSE POSITIVE,13.5437884,1.269,5.7076,6.61E+03,32.21,0.1066,658,44.22,114.4,5463,4.582,0.794,15.023
CONFIRMED,65.6491001,0.038,7.298,9.84E+02,2.52,0.3094,390,5.48,20.5,5436,4.573,0.819,15.858
CONFIRMED,25.1593389,0.035,5.198,3.58E+02,1.76,0.1694,619,34.7,13.1,5973,4.506,0.935,15.759
CANDIDATE,10.5071781,0.232,2.68,2.72E+02,1.41,0.0867,737,69.76,11.1,5290,4.46,0.865,15.654
CONFIRMED,31.7787564,0.29,8.093,2.62E+02,1.5,0.1803,564,23.96,25.9,5638,4.391,0.928,14.159
CANDIDATE,5.4398033,0.136,3.256,8.55E+01,1,0.0634,1112,361.47,8.4,6108,4.43,1.08,14.829
FALSE POSITIVE,1.332568744,0.751,3.755,2.41E+01,0.58,0.0245,1941,3346.25,29.1,6620,4.411,1.081,11.834
CONFIRMED,9.0194714,0.2805,5.92,1.92E+02,1.07,0.08,789,91.74,7.2,5775,4.59,0.768,15.514
CANDIDATE,8.8493948,0.819,6.928,4.38E+01,0.82,0.0839,978,216.18,12.1,6095,4.349,1.11,13.556
CANDIDATE,51.567801,0.554,5.514,2.10E+02,1.3,0.254,433,8.3,13.5,5285,4.467,0.876,13.882
CANDIDATE,16.4491515,0.866,6.696,7.09E+01,2.75,0.1437,1036,272.9,11,5334,3.712,2.789,12.999
CANDIDATE,0.428046051,0.041,0.776,1.26E+02,0.87,0.0104,2017,3877.26,14.1,5285,4.566,0.775,15.247
FALSE POSITIVE,0.814278961,0.451,2.087,7.20E+01,0.76,0.017,1762,2284.94,13,5537,4.539,0.886,15.367
CANDIDATE,19.254536,0.806,4.754,1.86E+02,1.32,0.139,625,36.02,9.2,5668,4.545,0.868,15.23
FALSE POSITIVE,2.1890751,0.048,2.365,9.48E+01,0.87,0.0327,1399,906.2,12.6,6077,4.526,0.891,14.92
CANDIDATE,384.6961,0.5221,6.167,7.87E+02,1.78,0.8823,157,0.14,8.2,4228,4.64,0.623,15.677
FALSE POSITIVE,2.42649862,0.673,2.014,2.92E+01,0.75,0.0347,1638,1705.27,15.2,6033,4.176,1.316,12.222
FALSE POSITIVE,8.80854183,0.993,34.7564,1.75E+02,2.69,0.0853,1000,236.05,137.3,6017,4.3,1.21,12.239
FALSE POSITIVE,219.74735,0.097,22.48,1.90E+02,3.24,0.6692,427,7.82,12.7,5127,3.602,2.38,12.821
FALSE POSITIVE,19.7639874,0.489,12.319,5.13E+01,1.19,0.1489,900,155.45,13.5,6195,4.072,1.617,12.25
CONFIRMED,6.05919881,0.438,1.365,1.54E+02,1.21,0.0646,976,214.55,11.7,5734,4.462,0.962,12.253
CONFIRMED,7.5143967,0.399,4.865,3.63E+01,0.96,0.082,1199,488.52,9.8,6206,4.159,1.573,11.684
CONFIRMED,33.1981761,0.826,4.709,3.37E+02,3.21,0.2034,678,49.9,11.8,5570,4.066,1.548,15.035
CONFIRMED,5.32784157,0.116,4.696,8.72E+01,0.86,0.0548,1023,259.32,15.9,5638,4.391,0.928,14.159
CANDIDATE,71.05457555,0.061,1.9162,4.85E+03,5.91,0.3102,390,5.45,95.9,5290,4.46,0.865,14.71
CANDIDATE,20.5512722,0.946,4.639,1.91E+02,1.64,0.1416,607,32.01,20,5401,4.464,0.918,13.55
CONFIRMED,31.827649,0.785,1.639,5.20E+02,4.98,0.1939,668,47.21,16.4,4774,3.838,1.954,14.41
CANDIDATE,7.5861587,0.858,4.32,1.17E+02,1.07,0.0693,928,175.29,10.8,5934,4.444,0.871,14.84
CONFIRMED,0.824000125,0.7697,0.855,1.83E+02,0.42,0.0113,746,73.09,12.3,3396,4.991,0.28,15.896
FALSE POSITIVE,0.772152075,1.009,1.78,4.36E+01,4.44,0.0163,2966,18277.6,13.6,5951,3.787,2.08,13.308
CANDIDATE,42.04952379,0.23,2.1372,6.08E+02,1.19,0.186,303,2,5.1,4281,4.761,0.48,15.263
FALSE POSITIVE,1.08469871,0.672,4.077,1.24E+02,1.11,0.0209,1757,2247.25,16.9,5942,4.506,0.938,15.824
CANDIDATE,6.60180003,0.204,2.624,2.13E+02,1.25,0.0684,875,138.25,8.1,5591,4.559,0.86,15.414
CANDIDATE,3.19938075,0.268,1.761,7.61E+01,0.62,0.039,1026,262.08,9.8,5483,4.632,0.702,14.261
CANDIDATE,3.04185157,0.176,1.434,6.90E+01,0.71,0.04,1184,465.54,11.1,5802,4.537,0.857,14.147
FALSE POSITIVE,5.660274452,1.092,0.9077,4.14E+02,11.02,0.0572,950,192.77,26.4,5615,4.478,0.842,12.049
FALSE POSITIVE,1.23512429,0.556,4.22,1.52E+01,0.38,0.0228,1642,1722.78,15.7,5798,4.507,0.941,11.438
FALSE POSITIVE,1.381257093,0.351,1.125,9.23E+01,1.1,0.0253,1728,2110.47,11,5861,4.385,1.131,14.943
CANDIDATE,1.89873195,0.197,1.382,7.80E+01,0.93,0.031,1524,1279.95,10.2,5942,4.439,1.05,14.457
CANDIDATE,11.39110963,0.569,2.749,5.93E+02,1.9,0.0926,632,37.65,12.1,4999,4.587,0.76,15.681
CONFIRMED,2.41810158,0.016,2.144,4.68E+01,0.85,0.0368,1602,1555.96,13.4,6258,4.307,1.239,12.278
CANDIDATE,7.13044117,0.068,2.566,3.19E+01,1.18,0.082,1400,908.79,10.5,6312,3.964,2.074,12.31
CONFIRMED,33.4203001,0.789,5.307,4.37E+02,2.46,0.2015,581,27.02,8.9,5731,4.372,1.066,12.325
FALSE POSITIVE,58.3437362,1.246,22.482,1.27E+03,93.55,0.3351,779,87.03,75,5896,3.65,3.006,12.33
FALSE POSITIVE,1.070982122,0.563,1.255,4.34E+01,0.98,0.0202,2122,4811.39,9,5717,4.109,1.433,12.334
CANDIDATE,18.0939004,0.445,3.294,4.67E+02,1.91,0.133,665,46.21,11.6,5904,4.543,0.867,15.739
CANDIDATE,34.9524256,1.225,1.717,6.77E+02,21.74,0.1993,429,8.02,15.8,4921,4.591,0.779,14.767
FALSE POSITIVE,23.81578356,0.958,3.7591,4.86E+03,8.4,0.1571,560,23.2,71,5561,4.572,0.818,16.029
CONFIRMED,31.1748311,0.016,3.79,2.00E+02,1.31,0.1942,585,27.62,17,6086,4.511,0.921,13.926
FALSE POSITIVE,0.474811162,0.44,1.169,2.05E+02,1.28,0.0118,2206,5603.32,17.4,5799,4.539,0.878,15.733
CONFIRMED,47.0568476,0.027,5.2232,1.53E+03,2.84,0.2388,411,6.72,38,5288,4.613,0.74,15.549
FALSE POSITIVE,367.73299,0.0064,10.158,5.04E+02,2.1,0.9905,266,1.19,11.2,6225,4.481,0.931,14.892
CANDIDATE,15.1516409,0.173,5.105,1.92E+02,1.38,0.1201,736,69.25,11.4,5780,4.438,1,11.843
CANDIDATE,7.4213444,0.1732,2.361,3.16E+02,1.73,0.0758,953,195.23,8.7,6032,4.485,0.973,15.85
FALSE POSITIVE,0.743495989,1.144,2.255,1.73E+02,11.82,0.0146,1617,1612.65,26,5345,4.639,0.686,15.222
FALSE POSITIVE,1.405887031,0.364,1.184,2.16E+02,0.95,0.0212,1086,329.99,13.8,4440,4.618,0.653,15.643
CANDIDATE,17.7412303,0.065,4.816,1.45E+02,1.14,0.1346,684,51.69,9.2,5817,4.491,0.956,14.641
CANDIDATE,2.63527677,0.646,1.997,7.04E+01,0.76,0.0354,1136,394.32,10.7,5215,4.496,0.864,14.342
FALSE POSITIVE,1.45728997,0.749,3.582,7.13E+01,0.93,0.0261,1665,1818.19,15.5,6063,4.476,1.012,14.561
CANDIDATE,147.388124,0.005,8.781,9.09E+02,3.03,0.5661,356,3.78,15.8,6046,4.478,1.007,15.817
CANDIDATE,4.11497357,0.396,3.025,1.54E+02,1.17,0.0504,1137,395.27,9.7,6011,4.507,0.927,15.392
FALSE POSITIVE,1.245331397,0.649,2.566,3.81E+01,1.61,0.0251,2678,12115.45,26.5,6106,3.781,2.477,12.341
FALSE POSITIVE,1.52593737,0.681,1.958,1.59E+02,1.39,0.0268,1697,1963.41,9.6,6184,4.448,1.038,14.943
FALSE POSITIVE,8.21429932,0.667,3.099,7.07E+01,1.66,0.0832,1312,701.11,19.7,6277,3.951,1.869,12.344
FALSE POSITIVE,1.54945486,0.228,6.698,2.18E+01,1.34,0.0329,3006,19304.93,20.9,7382,3.838,2.804,12.374
FALSE POSITIVE,8.42943991,0.82,2.441,8.91E+01,1.19,0.0839,1029,265.39,19.7,6353,4.375,1.132,12.385
CONFIRMED,10.60052083,0.729,4.509,6.09E+01,1.09,0.0948,987,224.28,17.4,6035,4.212,1.303,12.405
FALSE POSITIVE,0.9570701,,2.75,,,,,,,,,,14.446
CONFIRMED,21.8634638,0.502,3.542,8.71E+02,2.37,0.1466,551,21.77,9.9,5383,4.587,0.789,15.965
FALSE POSITIVE,86.4392931,1.28,6.534,1.18E+03,35.31,0.3937,442,8.99,20.5,6208,4.454,1.024,14.329
CONFIRMED,63.3354719,0.029,3.651,9.83E+02,1.18,0.2279,202,0.39,13,3526,4.866,0.383,15.921
FALSE POSITIVE,14.77820911,1.258,5.395,1.08E+04,44.48,0.1219,809,101.07,123.1,6258,4.442,1.046,15.696
FALSE POSITIVE,15.60862948,1.171,6.6957,3.44E+04,39.42,0.1191,648,41.71,186,5569,4.566,0.829,15.466
FALSE POSITIVE,389.14115,0.0973,7.93,3.47E+02,1.67,1.0198,250,0.92,10.1,6043,4.505,0.894,14.534
FALSE POSITIVE,365.78863,0.1564,12.76,8.85E+02,2.21,0.9272,215,0.5,10.5,5407,4.585,0.752,15.964
FALSE POSITIVE,2.4826619,0.731,2.115,3.70E+01,0.8,0.0367,1619,1627.36,10,6356,4.292,1.225,13.505
FALSE POSITIVE,2.17811908,0.3437,1.468,7.40E+01,0.8,0.0328,1412,938.51,9.8,6039,4.505,0.921,14.555
FALSE POSITIVE,1.11205787,0.008,1.459,1.19E+02,1.02,0.0208,1799,2484.64,16.1,6098,4.488,0.932,14.935
FALSE POSITIVE,224.447413,0.4162,4.986,6.51E+02,2.05,0.6907,260,1.08,7.9,5489,4.574,0.798,15.618
CANDIDATE,7.5019743,0.442,2.582,2.48E+02,1.19,0.0678,709,59.73,9.1,4807,4.546,0.758,15.562
FALSE POSITIVE,21.8660922,0.057,2.03,3.02E+02,1.88,0.1565,730,67.15,9.2,6309,4.402,1.077,15.019
FALSE POSITIVE,5.09506,0.691,5.73,2.36E+01,2.14,0.0717,2247,6030.14,7.6,6700,3.48,4.146,12.062
CANDIDATE,29.1206519,0.195,2.89,4.16E+02,1.6,0.1766,528,18.43,9.7,5671,4.582,0.788,15.536
CONFIRMED,0.689967868,0.119,1.1688,1.23E+02,0.78,0.0141,1539,1336.82,28.7,4872,4.615,0.726,12.411
FALSE POSITIVE,1.89132292,0.709,5.607,1.60E+01,0.9,0.0376,2799,14532.55,14.8,8482,4.089,2.106,12.417
CANDIDATE,6.91261536,0.656,2.359,3.44E+01,0.64,0.0701,981,218.66,12,5761,4.383,1.044,12.419
CANDIDATE,25.8616058,0.855,7.78,1.23E+02,1.12,0.1685,613,33.37,8.5,6067,4.524,0.884,15.183
FALSE POSITIVE,0.918420801,0.656,3.533,5.67E+01,1.14,0.0191,2374,7502.5,40.3,6210,4.166,1.434,12.434
FALSE POSITIVE,0.573709256,0.69,1.4932,1.31E+02,7.05,0.0159,4415,90258.45,37.5,5261,3.13,5.769,12.436
CONFIRMED,13.8353959,0.94,4.961,8.18E+02,3.78,0.114,809,101.05,10.3,6020,4.403,1.057,15.842
CANDIDATE,18.9060921,0.004,4.125,3.76E+02,0.87,0.1088,336,3.03,11.9,3751,4.813,0.45,15.931
CANDIDATE,25.6970688,0.943,3.739,8.35E+02,3.83,0.1723,658,44.24,6.4,6020,4.403,1.057,15.842
FALSE POSITIVE,46.9434911,0.213,1.368,1.01E+02,1.57,0.2637,669,47.27,6.6,6253,4.102,1.55,13.098
CONFIRMED,19.5906103,0.529,6.745,2.97E+02,2.64,0.1456,819,106.48,24.9,5794,4.118,1.496,15.024
CONFIRMED,8.23983041,0.012,5.619,2.51E+02,2.35,0.0817,1093,338.17,29.4,5794,4.118,1.496,15.024
CANDIDATE,6.07855,0.3408,3.408,1.03E+02,1.14,0.0653,1115,365.15,10.4,6119,4.346,1.114,14.458
FALSE POSITIVE,427.65334,0.4355,11.17,1.57E+02,1.97,1.0738,284,1.53,7.2,5325,4.004,1.565,13.776
FALSE POSITIVE,412.041857,0.1068,5.572,1.96E+03,3.77,1.0794,217,0.52,12.3,5485,4.556,0.867,15.403
CANDIDATE,2.131660527,0.036,1.8585,3.22E+01,0.56,0.0321,1438,1010.45,15.7,5849,4.426,0.997,11.893
CANDIDATE,5.75902182,0.329,2.687,7.08E+01,0.91,0.0654,1112,362.12,9.9,6247,4.433,1.066,14.199
CANDIDATE,0.903763067,0.0938,0.562,2.68E+02,1.08,0.0158,1254,585.15,12.6,4430,4.616,0.651,15.697
FALSE POSITIVE,0.9628348,0.309,2.259,9.28E+01,0.81,0.0186,1648,1734.83,7.6,5559,4.554,0.838,15.466
CANDIDATE,5.66494448,0.4638,4.173,4.60E+01,0.78,0.0593,1134,390.59,11.4,5888,4.269,1.13,13.221
FALSE POSITIVE,1.57017249,0.085,2.257,1.58E+02,0.82,0.0238,1232,543.06,10.2,5300,4.66,0.66,15.981
FALSE POSITIVE,0.566798364,0.487,3.172,3.86E+01,0.66,0.0135,2272,6280.34,14.1,5864,4.411,1.04,14.895
FALSE POSITIVE,3.22452656,0.0995,5.156,5.75E+01,24.48,0.0421,4883,134353.84,24.3,3857,1.338,34.674,12.474
FALSE POSITIVE,1.89127438,0.514,4.491,3.23E+01,2.03,0.0378,3342,29488.85,24.6,7919,3.663,3.46,12.481
FALSE POSITIVE,1.33256944,0.456,3.89,2.06E+01,0.46,0.0236,1624,1636.72,18.8,5655,4.431,0.998,12.496
CONFIRMED,66.6504521,0.433,5.744,5.37E+02,1.56,0.2875,308,2.14,27.1,4550,4.627,0.679,14.352
FALSE POSITIVE,55.7002642,0.2976,4.285,3.33E+02,1.18,0.2492,309,2.14,10.8,4267,4.608,0.67,14.807
CONFIRMED,3.54553077,0.143,4.143,1.19E+02,1.62,0.0466,1448,1039.47,18.1,5794,4.118,1.496,15.024
CANDIDATE,85.0624157,0.819,4.6964,4.19E+04,21.26,0.369,355,3.74,495.3,5223,4.52,0.875,15.954
FALSE POSITIVE,10.88241656,1.199,5.4674,1.66E+04,29.69,0.0851,632,37.81,265.2,4946,4.57,0.715,14.874
FALSE POSITIVE,25.19830439,1.069,5.1942,7.38E+04,46.14,0.1668,604,31.54,1669.4,5955,4.534,0.883,15.94
CANDIDATE,14.3196417,0.533,3.781,2.16E+02,2.06,0.1144,850,123.37,12.5,5562,4.151,1.373,15.076
FALSE POSITIVE,0.50727675,0.429,2.32,2.15E+02,1.7,0.0132,2449,8524.12,33.5,5970,4.399,1.143,13.639
CANDIDATE,5.2736268,0.595,5.291,8.61E+01,0.89,0.0595,1014,249.68,8.7,5851,4.515,0.918,15.374
CANDIDATE,24.5041103,0.178,6.065,1.20E+02,1.03,0.1568,574,25.59,11.3,5250,4.404,0.962,14.375
FALSE POSITIVE,1.316398648,0.392,1.169,1.83E+02,1.09,0.0215,1374,842.93,13.1,5088,4.508,0.806,15.797
FALSE POSITIVE,419.4596,0.0167,13.53,1.32E+02,2.1,1.0899,303,2,8.4,5248,3.886,1.869,13.846
CANDIDATE,9.97202023,0.401,1.425,3.30E+02,1.26,0.0797,627,36.53,8.6,4810,4.584,0.696,15.693
FALSE POSITIVE,14.2005007,1.106,5.232,8.06E+01,13.28,0.1169,843,119.41,10.6,6332,4.406,1.065,13.594
FALSE POSITIVE,1.318347743,0.427,0.871,1.13E+02,1.23,0.0238,1861,2827.4,10.6,6143,4.351,1.121,14.942
FALSE POSITIVE,5.5834987,0.7862,2.484,8.74E+01,1.41,0.0655,1317,711.41,11.8,6517,4.241,1.375,13.663
FALSE POSITIVE,1.12401084,0.297,3.052,4.36E+01,0.61,0.0212,1719,2058.79,10,5941,4.519,0.911,14.665
FALSE POSITIVE,1.21374652,0.57,3.371,2.89E+01,0.59,0.0225,1880,2945.61,17.4,6238,4.407,1.049,12.107
CONFIRMED,5.24970432,0.248,2.746,6.19E+01,0.67,0.0558,954,195.3,13.9,5528,4.499,0.853,13.404
FALSE POSITIVE,45.4333769,0.959,6.351,9.06E+02,2.23,0.2088,315,2.34,18.1,4371,4.712,0.559,15.773
CANDIDATE,40.3511707,0.079,3.97,5.34E+02,1.88,0.223,479,12.46,11.3,5665,4.568,0.82,15.676
CANDIDATE,72.9332762,0.106,3.829,7.70E+02,2.45,0.3271,389,5.44,11.3,5316,4.47,0.902,15.679
CONFIRMED,56.6746666,0.626,5.516,8.83E+02,4.01,0.2836,522,17.59,22.7,5541,4.189,1.295,14.682
FALSE POSITIVE,63.9005941,1.194,8.2789,1.71E+04,25.91,0.2677,353,3.68,110.8,5204,4.63,0.634,15.426
CANDIDATE,12.6878176,0.921,4.262,2.93E+02,2.16,0.1101,851,123.89,13.5,6258,4.442,1.046,15.813
CANDIDATE,483.36405,0.614,15.61,2.85E+02,1.27,1.1172,202,0.39,8.3,5700,4.626,0.718,14.861
CONFIRMED,16.2951259,0.494,3.678,1.98E+02,1.15,0.116,574,25.59,13,4915,4.512,0.812,15.061
FALSE POSITIVE,18.17304501,0.674,10.9113,6.99E+04,24.39,0.1332,650,42.19,1820.5,5799,4.548,0.86,15.927
FALSE POSITIVE,14.12678065,1.254,5.9303,7.65E+03,31.13,0.1088,670,47.56,127.1,5656,4.583,0.784,15.91
FALSE POSITIVE,358.56462,0.4108,11.64,1.70E+02,0.99,0.8778,219,0.55,9.6,5375,4.531,0.752,13.542
CANDIDATE,12.0729757,0.312,3.783,9.95E+01,1.69,0.1046,969,208.13,9.7,5436,3.993,1.707,14.216
FALSE POSITIVE,1.337561836,0.055,1.575,4.10E+01,1.11,0.0254,2322,6870.94,9.5,6406,4.056,1.715,14.217
FALSE POSITIVE,2.23755641,0.182,2.089,1.01E+02,0.93,0.0335,1397,897.8,7.3,6026,4.505,0.924,15.578
CANDIDATE,82.401274,0.703,6.48,4.31E+02,2.21,0.3806,421,7.42,10.1,5886,4.472,1,15.202
CANDIDATE,11.91256675,0.174,6.126,1.23E+02,2.61,0.1183,1242,562.27,27.8,6337,3.893,2.335,11.915
CANDIDATE,4.08197713,0.328,2.943,2.62E+01,0.6,0.0511,1372,836.88,9.3,6538,4.339,1.156,13.05
FALSE POSITIVE,1.035268597,0.3845,0.5663,1.12E+02,1.34,0.0206,2136,4922.79,15.1,6332,4.311,1.205,13.866
FALSE POSITIVE,359.3259,0.2279,9.836,2.46E+02,3.6,1.1329,410,6.69,13.5,6570,3.902,2.27,13.274
FALSE POSITIVE,0.566805268,0.069,3.721,3.57E+01,0.65,0.014,2492,9052.02,12.5,6403,4.418,1.086,15.061
CANDIDATE,0.912179022,0.038,1.332,1.45E+02,0.65,0.0155,1025,260.05,10.3,3880,4.722,0.555,15.783
CONFIRMED,12.27057043,0.026,3.002,2.96E+02,1.67,0.1058,811,102.25,18.7,6075,4.486,0.969,14.411
CONFIRMED,13.2274753,0.803,6.356,2.30E+02,1.94,0.1176,867,133.34,16.4,6269,4.405,1.155,15.05
CANDIDATE,76.87935893,0.864,2.3819,2.13E+04,7.71,0.2746,202,0.4,131,3638,4.828,0.436,15.949
FALSE POSITIVE,0.559517155,0.328,0.596,5.79E+01,1.04,0.0139,2762,13839.66,12.7,6462,4.266,1.309,13.741
CANDIDATE,13.0151826,0.852,3.613,3.32E+02,1.36,0.093,556,22.6,11.9,4794,4.622,0.643,15.961
FALSE POSITIVE,29.47316279,1.362,6.4327,1.26E+04,48.98,0.1864,565,24.07,179.3,5838,4.529,0.897,15.957
FALSE POSITIVE,0.580725004,0.137,2.071,1.05E+02,0.85,0.013,1939,3355.68,18,5471,4.53,0.841,15.236
FALSE POSITIVE,1.94468659,1.1592,18.22,4.56E+02,69.59,0.0384,3334,29219.04,17.1,7894,3.644,3.521,11.708
CONFIRMED,7.28116667,0.1,2.716,3.34E+02,1.4,0.0696,744,72.16,11.5,5008,4.572,0.788,15.993
FALSE POSITIVE,383.10017,0.1365,8.8,5.79E+02,2.18,1.0285,248,0.9,10,6011,4.522,0.902,15.339
CANDIDATE,2.87998334,0.22,1.658,1.17E+02,0.85,0.0366,1024,260.79,9.9,4951,4.523,0.806,14.712
FALSE POSITIVE,0.605556082,0.176,1.2399,1.02E+02,0.86,0.0137,2120,4796.94,15.3,6123,4.556,0.846,14.99
CONFIRMED,4.36125889,0.374,2.174,1.89E+02,1.2,0.0518,1000,236.01,10.7,5520,4.544,0.873,14.951
CANDIDATE,21.08678557,0.702,0.978,5.00E+02,2.08,0.1467,651,42.44,11,6084,4.542,0.863,15.185
FALSE POSITIVE,1.19087362,0.393,1.785,6.75E+01,0.73,0.0207,1489,1165.78,8,5158,4.464,0.888,15.28
FALSE POSITIVE,1.06484622,0.242,3.287,4.24E+01,0.72,0.0212,2034,4059.63,12.5,6445,4.417,1.087,14.772
FALSE POSITIVE,0.969824139,0.332,0.783,2.31E+01,0.49,0.0192,1839,2709.67,6.8,5780,4.438,1,11.563
FALSE POSITIVE,190.60563,0.0108,14.33,1.54E+02,1.6,0.6462,386,5.25,11.6,6200,4.214,1.287,13.431
CANDIDATE,5.19206571,0.847,3.716,6.66E+01,0.99,0.0611,1170,442.55,10.5,6322,4.426,1.075,14.423
CANDIDATE,449.01499,0.2182,12.58,9.42E+01,1.04,1.137,258,1.04,8.5,6031,4.368,1.068,12.291
FALSE POSITIVE,8.480305,0.766,6.19,3.04E+02,1.33,0.0742,661,45.21,11.5,4895,4.631,0.696,15.866
FALSE POSITIVE,410.11676,0.243,13.97,2.17E+02,1.41,1.0034,242,0.81,11.2,5587,4.372,0.965,13.736
CONFIRMED,54.5091549,0.94,5.125,6.22E+02,1.94,0.2401,308,2.13,17,4406,4.67,0.603,15.498
CANDIDATE,17.4532945,0.357,4.027,7.93E+01,0.76,0.1242,639,39.42,12,5528,4.499,0.853,13.404
CONFIRMED,14.1959621,0.786,3.605,1.96E+02,1.66,0.1209,818,105.7,14.1,6214,4.442,1.076,14.706
FALSE POSITIVE,11.52482874,1.205,1.724,5.78E+02,22.56,0.095,756,77.15,16.2,5592,4.472,0.892,15.595
FALSE POSITIVE,46.84008579,4.652,3.8198,6.29E+03,428.62,0.2427,552,22,147.9,6006,4.33,1.055,15.314
CANDIDATE,6.70242786,0.369,1.221,6.53E+01,1.82,0.0691,1367,827.56,8.8,5466,3.735,2.224,12.954
FALSE POSITIVE,0.992798625,1.219,3.5065,5.83E+02,29.26,0.0203,1967,3519.47,79.1,6055,4.407,1.098,15.04
CANDIDATE,7.79534033,0.282,3.406,1.02E+02,1.07,0.0798,985,222.52,10.2,6156,4.443,1.05,14.726
FALSE POSITIVE,186.72243,0.4736,13.35,3.26E+02,1.84,0.6547,329,2.77,11.5,6040,4.469,0.999,15.085
FALSE POSITIVE,118.4039,0.4062,5.593,4.26E+02,3.46,0.5031,517,16.83,4.4,6486,4.091,1.64,11.426
FALSE POSITIVE,182.281992,0.2425,8.828,5.09E+02,1.67,0.5563,280,1.46,8.7,5503,4.536,0.742,15.405
CANDIDATE,2.40174996,0.47,1.413,2.54E+02,0.65,0.0262,621,35.1,13.2,3606,4.855,0.399,15.737
FALSE POSITIVE,10.0102876,0.5667,5.33,1.27E+02,0.69,0.0762,522,17.56,7,4214,4.65,0.601,15.761
CANDIDATE,115.238544,0.965,7.653,5.17E+02,3.17,0.4558,372,4.52,10.6,5589,4.384,1.037,15.259
CANDIDATE,21.7434141,0.906,8.143,1.55E+02,2.23,0.1519,799,96.15,15.8,5767,4.082,1.497,13.816
FALSE POSITIVE,1.366964704,0.517,2.3181,5.97E+01,0.79,0.0242,1640,1705.64,3.3,5780,4.438,1,11.948
FALSE POSITIVE,0.77957913,0.183,2.457,7.04E+01,0.71,0.0163,1819,2585.39,11.1,5699,4.553,0.853,15.703
FALSE POSITIVE,0.544561598,0.214,1.6053,3.52E+01,44.9,0.0155,11804,4601339.96,31.1,3715,0.851,80.529,12.122
CANDIDATE,5.6795377,0.196,3.757,5.20E+01,1.16,0.0649,1420,961.1,12.5,6514,4.09,1.585,12.892
FALSE POSITIVE,17.4453133,0.23,5.14,3.28E+02,5.38,0.1263,1066,305.55,12.2,4927,3.417,3.04,15.807
FALSE POSITIVE,2.9788702,,9.3,,,,,,,,,,14.201
FALSE POSITIVE,1.97515457,0.027,2.633,6.61E+01,0.92,0.0306,1504,1207,9.2,5571,4.31,1.145,14.878
CANDIDATE,9.33955596,0.985,2.058,2.45E+02,2.67,0.0838,882,143.02,10.1,5516,4.308,1.101,15.03
FALSE POSITIVE,21.993112,1.249,8.616,1.02E+03,23.21,0.1437,523,17.75,37.3,5205,4.604,0.747,15.249
CONFIRMED,19.5489666,0.83,1.78,5.24E+02,1.89,0.1307,579,26.62,12.6,5549,4.6,0.732,15.717
CANDIDATE,7.41834569,0.049,2.462,2.34E+02,1.12,0.0685,800,96.9,11.2,5549,4.6,0.732,15.717
FALSE POSITIVE,27.6853358,0.897,4.661,1.66E+03,3.11,0.1592,461,10.67,49.3,5216,4.673,0.639,15.329
CONFIRMED,35.6225528,0.261,4.845,6.51E+02,2.24,0.2101,523,17.67,9.6,5799,4.539,0.878,15.332
FALSE POSITIVE,7.1403113,0.786,5.891,1.12E+02,1.18,0.0743,1036,272.78,11.8,6354,4.454,1.016,14.738
FALSE POSITIVE,2.69487041,0.554,2.553,6.21E+01,0.97,0.0377,1440,1020.03,10.3,5823,4.283,1.187,14.464
CONFIRMED,112.303136,0.248,5.869,5.02E+02,1.3,0.3874,241,0.79,13.1,4401,4.677,0.595,14.976
CANDIDATE,92.461135,0.083,14.344,1.22E+02,2.86,0.4267,564,23.91,20.7,5132,3.675,2.648,11.784
FALSE POSITIVE,49.5387264,1.223,2.238,7.41E+02,20.52,0.2472,436,8.52,10.3,5683,4.605,0.747,14.94
FALSE POSITIVE,3.39155966,0.182,3.87,2.84E+01,0.49,0.0442,1183,462.47,8.2,5896,4.516,0.914,13.773
CANDIDATE,9.2294726,0.076,2.446,1.99E+02,0.82,0.0734,601,30.83,7.5,4781,4.679,0.596,13.78
FALSE POSITIVE,1.33254897,0.241,3.083,5.92E+02,32.84,0.0295,4664,111977.04,16.2,4894,2.445,13.777,16.072
CANDIDATE,18.3721835,0.78,3.738,1.53E+02,1.12,0.132,657,43.96,9.5,5937,4.558,0.83,14.965
FALSE POSITIVE,18.2260472,0.378,3.664,3.61E+02,1.85,0.1344,648,41.67,10,5440,4.444,0.98,15.418
FALSE POSITIVE,0.630539713,1.2,1.7407,2.40E+02,21.07,0.0138,1936,3333.18,27.7,5458,4.482,0.894,15.476
CANDIDATE,17.99562529,1.2379,0.871,1.07E+03,28.98,0.1365,701,57.21,12.1,5999,4.494,0.959,15.822
FALSE POSITIVE,1.018347376,0.654,4.386,4.78E+01,1.92,0.022,2832,15153.38,33.3,5858,3.729,2.638,12.905
FALSE POSITIVE,0.659299289,1.2873,0.6908,1.12E+03,30.54,0.0142,1979,3623.47,108.6,5791,4.524,0.852,14.499
FALSE POSITIVE,101.9743513,,2.34,,,,,,,,,,15.968
CANDIDATE,63.095068,1.05,9.485,4.97E+02,11.67,0.3449,573,25.4,11.4,6622,4.331,1.325,15.765
FALSE POSITIVE,4.45540935,,4.14,,,,,,,,,,14.85
FALSE POSITIVE,37.32483952,1.263,6.9676,4.99E+03,30.32,0.2037,461,10.67,155.6,5306,4.55,0.79,14.727
FALSE POSITIVE,25.951984,1.266,20.585,2.34E+03,36.8,0.1799,626,36.39,131.4,5889,4.46,1.046,15.112
CANDIDATE,21.7203362,0.311,4.252,8.78E+01,0.8,0.1437,594,29.45,12,5528,4.499,0.853,13.404
CONFIRMED,42.9136635,0.403,5.227,1.61E+02,3.19,0.2697,810,101.56,18.2,6049,3.8,2.483,13.062
FALSE POSITIVE,88.1804682,0.026,5.033,1.14E+03,2.78,0.3819,359,3.94,17.5,5497,4.57,0.839,14.71
CONFIRMED,177.668663,0.772,9.298,9.01E+02,2.32,0.5594,233,0.7,12.7,4721,4.615,0.701,15.891
FALSE POSITIVE,0.98041685,0.446,0.919,1.06E+02,0.75,0.0172,1388,880.5,8.8,4861,4.572,0.722,14.484
CONFIRMED,92.263742,0.273,8.605,2.97E+02,2.22,0.4204,469,11.42,12.2,6084,4.287,1.283,15.015
CONFIRMED,6.64754478,0.235,1.961,2.89E+02,1.72,0.0717,999,235.89,12.4,6046,4.478,1.007,15.724
FALSE POSITIVE,1.23517588,0.625,5.476,2.33E+02,1.59,0.0226,1697,1955.7,19.3,5780,4.438,1,11.908
CANDIDATE,1.97650073,0.055,1.788,1.13E+02,0.97,0.031,1394,892.9,10.4,5792,4.514,0.923,15.608
CANDIDATE,3.79892774,0.13,4.112,4.70E+01,1.46,0.0547,1869,2888.6,8.3,6831,3.971,2.106,13.008
FALSE POSITIVE,0.416995408,0.089,0.8928,1.13E+02,0.84,0.0097,2433,8299.79,19.9,6150,4.498,0.781,14.964
CANDIDATE,14.7401061,0.116,5.637,2.38E+02,1.48,0.1195,750,74.65,10.3,5999,4.494,0.959,15.479
FALSE POSITIVE,256.52387,0.1065,9.07,1.26E+02,1.33,0.8082,338,3.1,7.5,6348,4.323,1.18,13.585
FALSE POSITIVE,3.0001191,0.635,6.61,7.70E+00,0.73,0.0522,2566,10247.93,7.3,8431,3.97,2.485,11.96
CONFIRMED,81.4160138,0.911,14.175,7.62E+02,4.63,0.4039,522,17.53,54.3,6352,4.267,1.401,12.146
CANDIDATE,4.7309013,0.362,2.889,2.29E+02,1.39,0.0552,1065,303.67,11.6,5941,4.519,0.911,15.68
CANDIDATE,21.3761817,0.017,8.543,1.04E+02,1.08,0.1427,717,62.37,12.1,5984,4.322,1.052,14.143
CANDIDATE,6.58753699,0.132,2.043,2.32E+02,1.51,0.0711,992,228.36,8.2,6014,4.486,0.993,15.652
FALSE POSITIVE,8.5900471,0.098,3.463,1.37E+02,0.8,0.0724,677,49.76,9.6,4914,4.575,0.707,14.832
FALSE POSITIVE,357.82544,0.636,9.12,1.53E+02,1.7,1.0224,306,2.08,11.1,6131,4.248,1.312,12.117
CONFIRMED,30.8278245,0.023,4.214,6.41E+02,2.42,0.1954,585,27.66,13.9,5982,4.493,0.96,15.765
CONFIRMED,47.1607932,0.028,4.003,7.23E+02,2.58,0.262,503,15.07,13.6,5936,4.501,0.965,15.57
CONFIRMED,49.2768448,0.022,3.787,1.13E+03,1.75,0.2126,271,1.28,17.8,3899,4.713,0.529,15.855
CONFIRMED,35.2330694,0.139,3.674,3.53E+02,0.97,0.1729,288,1.62,14.5,3749,4.743,0.524,14.467
FALSE POSITIVE,45.3965379,0.085,3.826,1.00E+03,1.97,0.2145,326,2.66,15.3,4266,4.626,0.643,15.984
FALSE POSITIVE,508.807642,0.016,4.495,2.13E+03,39.59,1.1612,595,29.54,14.8,4893,2.454,8.811,15.635
CANDIDATE,36.721576,0.097,7.758,5.38E+02,1.93,0.2115,498,14.51,10.2,5662,4.56,0.84,15.919
FALSE POSITIVE,362.69427,0.0774,9.7,4.40E+02,3.54,0.9442,315,2.32,11,5288,3.898,1.719,14.73
FALSE POSITIVE,370.35639,0.414,12.75,7.32E+02,2.82,1.0417,268,1.21,13,6117,4.457,1.025,15.189
CANDIDATE,96.81647,0.034,10.227,1.65E+02,3.19,0.4595,655,43.39,25.9,6404,3.793,2.467,11.816
FALSE POSITIVE,0.729724346,0.523,2.699,2.30E+01,0.51,0.016,2151,5081.58,14.3,6084,4.426,1.03,12.546
CANDIDATE,3.51413723,0.9353,3.919,3.27E+01,0.69,0.0461,1267,609.04,11.2,6201,4.472,0.989,13.474
CANDIDATE,4.96504981,0.655,2.212,5.07E+01,1.51,0.0566,1403,917.99,8.7,5339,3.823,2.011,12.739
FALSE POSITIVE,0.821472455,0.2579,2.433,1.27E+02,0.92,0.016,1559,1395.92,11.3,4889,4.503,0.836,15.758
FALSE POSITIVE,1.29019586,0.044,3.741,8.65E+01,0.78,0.0227,1530,1293.44,11.1,5693,4.558,0.842,15.274
CANDIDATE,1.141148847,0.062,1.629,7.31E+01,1.67,0.0227,2248,6008.73,12.7,5438,3.916,1.989,14.58
CANDIDATE,12.460565,0.015,3.903,1.44E+02,1.1,0.1017,726,65.72,10.2,5435,4.453,0.933,14.732
CANDIDATE,19.5945772,0.389,6.77,1.29E+02,1.18,0.1421,724,64.98,8.8,6118,4.416,1.023,15.451
FALSE POSITIVE,8.48032079,0.004,5.791,1.71E+02,0.95,0.0721,759,78.45,14.7,5415,4.556,0.728,14.879
CANDIDATE,409.87844,0.177,10.58,6.47E+02,2.72,1.1313,264,1.15,8.7,6167,4.444,1.064,15.731
FALSE POSITIVE,227.6258,0.2351,9.47,1.31E+02,1.79,0.7558,394,5.7,8.8,6240,4.103,1.549,13.607
CONFIRMED,18.1373788,0.945,3.844,3.11E+02,1.41,0.1132,433,8.31,11.3,4257,4.648,0.602,15.464
CONFIRMED,51.1104797,0.029,7.712,3.30E+02,1.6,0.2668,478,12.38,21.9,5968,4.534,0.881,14.06
CONFIRMED,47.9869119,0.873,5.342,8.59E+02,3.35,0.2495,493,14.01,25.7,5641,4.408,0.981,14.19
FALSE POSITIVE,359.047933,0.002,16.637,5.62E+03,7.76,0.9511,260,1.08,91.1,5609,4.346,1.048,14.215
FALSE POSITIVE,29.8042694,1.237,3.107,1.05E+03,24.73,0.1723,505,15.34,17.9,5223,4.488,0.827,15.945
CANDIDATE,7.08757462,0.371,3.342,1.87E+02,1.28,0.0724,955,197.02,11,6060,4.509,0.925,15.274
CANDIDATE,3.74318005,0.952,1.111,2.38E+02,1.75,0.045,999,235.28,10.5,5207,4.516,0.851,14.924
CANDIDATE,5.4169303,1.055,7.512,1.10E+02,8.17,0.0633,1173,447.24,11.3,6355,4.41,1.108,15.411
FALSE POSITIVE,1.003049079,0.568,7.9657,2.19E+05,42.5,0.0186,1714,2049.63,1766.7,5775,4.518,0.844,15.097
FALSE POSITIVE,0.933157032,1.046,2.614,8.78E+01,7.29,0.0198,2202,5565.35,15.2,6499,4.378,1.169,15.013
FALSE POSITIVE,37.1083458,0.612,4.112,3.67E+02,1.71,0.2162,492,13.84,7.9,5591,4.559,0.86,15.948
CANDIDATE,31.1920226,0.11,2.849,4.48E+02,1.65,0.1793,521,17.43,11.6,5675,4.554,0.777,15.401
FALSE POSITIVE,1.02104719,1.0867,6.39,2.46E+02,13.68,0.0214,2129,4852.49,18.5,6444,4.376,1.2,15.367
CANDIDATE,7.630545,0.021,3.63,3.65E+02,2.26,0.0797,1087,330.02,11.3,6407,4.358,1.179,14.12
FALSE POSITIVE,12.083457,0.1069,3.536,3.13E+02,2.09,0.1085,932,178.53,8.6,6422,4.364,1.175,14.12
FALSE POSITIVE,401.5907,0.1752,14.77,1.15E+02,1.01,1.0572,256,1.02,11.9,6170,4.482,0.939,13.376
CANDIDATE,6.6716723,0.167,2.693,1.54E+02,1.27,0.0702,1024,259.72,10.3,6086,4.435,1.021,15.134
FALSE POSITIVE,53.91278363,0.984,44.0504,2.17E+02,4.25,0.2994,697,55.85,56.4,6085,3.917,2.02,12.147
FALSE POSITIVE,1.23142395,0.187,2.186,1.96E+01,0.77,0.0227,2317,6786.33,10.8,6011,3.971,1.73,12.976
CANDIDATE,409.38645,0.0706,13.78,5.32E+02,1.78,0.9878,197,0.35,10.3,4955,4.517,0.799,15.149
FALSE POSITIVE,386.828262,0.953,5.045,1.02E+03,6.54,1.11,340,3.15,19.7,6384,4.107,1.615,13.637
FALSE POSITIVE,15.8733803,0.919,7.4672,4.09E+03,8.15,0.1131,830,111.99,136.5,6161,4.276,1.054,13.91
FALSE POSITIVE,42.3991752,0.965,7.251,4.84E+02,3.23,0.2439,580,26.75,36.9,6133,4.37,1.121,13.383
FALSE POSITIVE,25.95198823,1.269,14.602,5.10E+03,39.94,0.1764,680,50.51,125,6363,4.444,1.035,15.766
FALSE POSITIVE,25.9522401,1.375,20.813,2.90E+03,42.91,0.172,572,25.35,90.5,5659,4.528,0.904,14.691
FALSE POSITIVE,14.12809896,0.046,2.326,2.63E+02,1.6,0.1163,781,87.8,20.3,6072,4.47,0.988,14.284
CANDIDATE,17.7662938,0.909,3.079,1.81E+02,1.54,0.1342,670,47.74,10.1,5724,4.495,0.946,14.971
FALSE POSITIVE,13.6917833,0.142,4.198,1.45E+02,1.12,0.1064,770,83.37,14.2,5906,4.433,0.931,14.565
FALSE POSITIVE,25.95633,1.088,26.34,1.58E+02,9.75,0.1693,618,34.42,11.9,6139,4.53,0.881,14.876
CANDIDATE,11.56722589,0.242,2.507,3.74E+02,1.29,0.088,568,24.64,11.5,4597,4.59,0.691,15.674
FALSE POSITIVE,0.572937573,0.7866,2.576,8.08E+01,1.57,0.0156,3271,27058.33,32,7338,4.225,1.593,11.825
CANDIDATE,631.56889,0.636,14.37,7.89E+02,3.13,1.4908,237,0.75,20.7,6382,4.432,1.059,14
FALSE POSITIVE,14.15849823,1.204,46.356,3.47E+02,90.09,0.1531,1910,3145,225.1,8753,3.668,3.746,11.98
FALSE POSITIVE,207.471349,0.3093,7.469,2.29E+02,1.57,0.66,316,2.37,8,5731,4.359,1.033,13.749
FALSE POSITIVE,12.3748247,1.185,90.01,3.91E+02,81.01,0.1189,1253,583.24,85.7,5165,3.491,3.598,13.455
CANDIDATE,4.31724247,0.252,4.126,5.90E+01,1.01,0.0516,1332,743.6,11.3,5992,4.195,1.31,13.6
CANDIDATE,3.74099144,0.222,5.428,3.43E+01,1.85,0.0547,1733,2129.07,12.3,5110,3.611,3.231,13.096
CANDIDATE,302.779824,0.001,16.847,2.71E+02,1.31,0.8412,246,0.87,12.3,5734,4.572,0.797,14.16
FALSE POSITIVE,14.54178117,22.28,9.1151,1.44E+05,2722.92,0.1154,834,114.56,768.9,5997,4.304,1.148,16.709
FALSE POSITIVE,12.4261177,0.945,28.5357,1.23E+03,3.8,0.1031,724,64.95,89.9,5713,4.554,0.851,15.99
CONFIRMED,21.1876185,0.777,3.69,7.17E+01,0.79,0.1462,676,49.23,8.5,6355,4.547,0.849,13.827
FALSE POSITIVE,12.42560404,0.96,23.9402,4.59E+02,2.52,0.1054,733,68.44,40.8,5713,4.541,0.893,15.717
FALSE POSITIVE,30.9604688,1.208,14.992,4.61E+02,89.18,0.1761,1064,303.13,27.1,5367,3.216,3.558,13.405
FALSE POSITIVE,1.041619932,1.237,8.1218,1.84E+03,30.94,0.019,1858,2828.16,374.1,5838,4.374,0.991,13.606
FALSE POSITIVE,2.544594443,0.558,3.21373,3.49E+05,109.72,0.0368,1608,1582.68,608.9,5503,4.033,1.616,16.319
FALSE POSITIVE,56.40651043,0.625,18.4332,1.02E+05,21.93,0.2472,358,3.87,1597.3,5011,4.617,0.647,15.681
FALSE POSITIVE,7.964400574,1.121,4.4761,1.91E+05,61.54,0.0695,633,38.09,879.2,4478,4.578,0.715,16.2
FALSE POSITIVE,6.399101307,1.039,4.7439,8.33E+04,51.77,0.0687,1042,279.38,154.4,6233,4.472,0.988,14.798
CONFIRMED,34.9168399,0.026,7.343,5.00E+02,2.39,0.2199,602,31.13,15.4,6194,4.445,1.069,15.674
FALSE POSITIVE,0.56678228,0.153,4.725,1.47E+02,0.88,0.0121,1661,1814.33,15.1,4796,4.56,0.749,15.53
FALSE POSITIVE,8.480303653,0.195,7.48907,8.14E+04,22.25,0.0765,762,79.65,301.4,5385,4.565,0.787,13.183
CANDIDATE,94.094392,0.32,10.833,4.66E+01,0.9,0.4015,486,13.14,10.6,6099,4.193,1.308,11.049
CONFIRMED,22.1270885,0.956,4.472,4.18E+02,3.94,0.1525,721,63.98,12.6,5312,4.103,1.445,14.523
FALSE POSITIVE,10.6784787,0.271,2.307,2.01E+02,1.12,0.0912,712,60.7,9.4,5459,4.583,0.797,15.246
CANDIDATE,25.3736543,0.265,2.619,3.73E+02,1.88,0.1693,653,42.92,10.6,6195,4.47,0.966,15.056
CANDIDATE,10.08535311,0.532,1.75,2.23E+02,1.45,0.0914,843,119.67,10.7,5947,4.487,0.945,14.889
FALSE POSITIVE,42.55926555,0.775,3.36626,2.08E+05,51.86,0.2354,487,13.28,950,5764,4.548,0.863,15.831
CANDIDATE,10.2856373,0.378,3.043,1.35E+02,1.24,0.0942,864,131.91,10.4,5841,4.409,1.06,14.951
FALSE POSITIVE,24.2157996,0.207,4.359,3.22E+02,1.58,0.1552,596,29.84,13.6,5659,4.473,0.885,15.259
CONFIRMED,44.2018402,0.348,4.949,2.36E+02,1.14,0.2196,409,6.59,18.6,5002,4.543,0.753,13.509
CANDIDATE,393.95608,0.614,13.89,4.82E+02,2.27,1.0722,263,1.14,10.3,6217,4.472,0.989,15.622
CONFIRMED,15.0330623,0.896,6.326,1.32E+02,2.18,0.1236,928,175.74,14.9,5849,4.076,1.601,14.606
CANDIDATE,34.7496038,0.984,4.548,2.27E+02,3.51,0.2162,702,57.44,11.4,5849,4.076,1.601,14.606
FALSE POSITIVE,12.62530918,1.151,3.163,3.94E+04,87.2,0.1151,1214,514.08,32.5,6878,4.012,1.844,12.933
FALSE POSITIVE,124.9357674,0.542,7.5608,2.41E+05,49.34,0.4842,362,4.06,332.8,5887,4.477,0.941,12.338
FALSE POSITIVE,12.72029843,0.805,2.4599,2.84E+02,1.37,0.0982,589,28.37,12.7,4914,4.61,0.724,13.26
CANDIDATE,227.83457,0.56,21.59,1.55E+02,2.83,0.7638,449,9.59,13.1,6004,3.814,2.193,13.845
FALSE POSITIVE,119.6798032,0.527,32.1928,2.99E+05,193.91,0.6043,847,121.45,5357.7,8275,3.726,3.251,8.351
FALSE POSITIVE,6.399107136,0.245,5.21981,3.77E+05,59.15,0.0644,1031,266.9,4322.4,6133,4.435,0.935,13.718
FALSE POSITIVE,8.480304281,0.235,7.46159,8.31E+04,65,0.0947,1504,1210.22,5219.5,7059,3.946,2.21,7.631
FALSE POSITIVE,117.6813778,0.433,12.7591,4.54E+04,45.43,0.5065,575,25.76,2426.9,6429,3.899,2.079,12.112
FALSE POSITIVE,17.72722648,0.381,4.1376,1.47E+05,35.18,0.1317,692,54.32,922.1,6021,4.52,0.895,15.556
FALSE POSITIVE,1.71024931,0.508,2.833,9.86E+01,1.2,0.0301,1766,2298.2,9.4,6418,4.395,1.171,15.761
FALSE POSITIVE,100.4013273,0.436,9.7436,5.38E+04,26,0.4223,420,7.37,1331,5903,4.353,1.1,15.017
FALSE POSITIVE,11.32028788,0.526,4.82219,2.43E+05,59.23,0.0963,928,175.69,1539.9,6153,4.302,1.127,16.756
FALSE POSITIVE,1.219034103,0.455,2.4494,9.57E+04,40.46,0.0221,1977,3621.09,319.1,5914,4.217,1.271,14.371
CANDIDATE,24.352541,0.505,2.782,3.49E+02,1.52,0.1512,498,14.52,5.8,4891,4.516,0.805,14.779
CONFIRMED,5.94228603,0.097,2.169,2.50E+02,1.23,0.059,797,95.34,7.5,4891,4.516,0.805,14.779
CANDIDATE,382.30306,0.597,8.83,2.26E+02,4.05,1.1324,400,6.04,9.6,5993,3.733,2.59,13.104
CANDIDATE,58.1263775,0.016,4.018,2.72E+02,1.32,0.2869,404,6.28,13.8,5413,4.579,0.82,13.747
CONFIRMED,26.7575866,0.407,5.858,4.55E+02,2.28,0.1815,660,44.86,17.7,6215,4.44,1.052,15.42
FALSE POSITIVE,57.0599992,0.194,7.463,6.62E+04,22.31,0.2856,455,10.11,751.5,5931,4.545,0.863,15.936
CONFIRMED,14.5565618,0.031,4.554,1.04E+02,1.08,0.1228,787,90.4,17.1,6065,4.452,1.061,13.71
FALSE POSITIVE,0.837898153,0.071,2.104,2.69E+02,1.26,0.016,1478,1128.57,13.9,4748,4.526,0.797,15.72
FALSE POSITIVE,0.603086711,1.251,1.0869,1.24E+03,36,0.0147,2459,8675.9,170,6353,4.397,1.134,13.989
CONFIRMED,41.7084063,0.671,8.567,3.30E+02,2.19,0.2482,608,32.24,24.3,6434,4.394,1.138,14.155
CONFIRMED,33.0257179,0.044,6.032,5.07E+02,2.21,0.2049,564,23.95,12.2,5819,4.468,0.99,15.606
FALSE POSITIVE,25.36699067,0.86,5.9556,1.51E+05,56.02,0.1739,665,46.09,2206.5,6208,4.454,1.024,15.538
FALSE POSITIVE,428.3217393,0.531,40.5992,3.17E+05,49.76,1.0358,220,0.56,4594.8,5662,4.532,0.806,14.173
FALSE POSITIVE,82.13761,1.221,6.11904,2.11E+05,197.85,0.3914,640,39.55,3583.1,6395,3.904,2.012,12.261
FALSE POSITIVE,3.06026014,0.675,2.545,5.99E+01,0.83,0.0412,1284,642.06,10.1,5878,4.426,1.01,14.255
FALSE POSITIVE,24.0612744,0.461,19.9438,4.40E+05,83.77,0.1648,749,74.37,1161.1,6461,4.338,1.138,14.158
FALSE POSITIVE,66.36099916,0.486,20.0614,4.17E+05,61.42,0.2952,420,7.33,1866.7,5583,4.463,0.857,15.327
FALSE POSITIVE,8.939461148,0.558,6.19136,3.58E+05,153.32,0.0913,1407,926.24,2427.5,6461,3.846,2.225,14.002
FALSE POSITIVE,135.5860768,0.549,5.54241,3.63E+05,89.83,0.5643,429,7.99,6788.8,6401,4.324,1.301,13.674
FALSE POSITIVE,18.79862195,0.524,7.4782,3.80E+05,55.07,0.1331,575,25.91,551.3,5334,4.585,0.796,17.628
FALSE POSITIVE,6.30828538,0.69,2.48633,1.14E+05,29.34,0.0605,803,98.21,559.2,5069,4.524,0.78,16.515
FALSE POSITIVE,4.80912667,0.471,7.9331,1.34E+05,44.3,0.0587,1270,615.74,1033.2,6462,4.371,1.166,14.038
FALSE POSITIVE,2.33211505,1.747,2.96723,1.06E+05,140.22,0.0341,1594,1530.05,997.8,6384,4.348,1.094,14.087
CONFIRMED,0.53835407,0.334,1.5045,1.90E+02,1.67,0.0127,2386,7609.22,46.6,5539,4.244,1.207,14.498
FALSE POSITIVE,249.3621183,1.17,8.3559,3.58E+04,48.69,0.7359,308,2.14,846.1,5940,4.352,1.02,13.867
CANDIDATE,3.80675878,0.26,2.092,2.32E+02,2.75,0.052,1574,1449.04,10.4,6068,4.04,1.797,15.767
FALSE POSITIVE,0.664727127,0.382,1.561,1.62E+01,0.46,0.0149,2343,7149.67,7.6,6143,4.344,1.116,12.879
CONFIRMED,9.5084871,0.143,4.372,9.79E+01,1.65,0.0958,1131,386.61,13.3,6144,4.106,1.668,14.44
CANDIDATE,34.1086562,0.318,6.405,1.34E+02,1.95,0.2245,739,70.4,11.7,6144,4.106,1.668,14.44
CONFIRMED,47.0563327,0.361,4.807,7.62E+02,2.57,0.2524,497,14.43,12.1,5889,4.492,0.924,15.695
FALSE POSITIVE,179.8502233,,2.95,,,,,,,,,,14.372
CANDIDATE,10.0100312,0.07,1.35,3.76E+02,0.99,0.0725,506,15.56,12.4,4338,4.731,0.508,15.318
CONFIRMED,96.169569,0.049,7.496,8.95E+02,2.07,0.3771,321,2.52,20,5340,4.633,0.702,15.796
FALSE POSITIVE,1.55090374,0.817,3.028,1.13E+01,1.11,0.0329,3190,24453.38,11.8,7612,3.787,2.968,11.626
CANDIDATE,12.67143692,0.047,2.498,2.16E+02,0.76,0.0865,404,6.31,13.7,3705,4.721,0.529,13.693
CANDIDATE,60.32668824,0.974,1.6864,3.15E+03,4.98,0.2448,240,0.79,57,3705,4.721,0.529,13.693
CANDIDATE,2.63595435,0.005,1.309,9.37E+01,0.5,0.0304,682,51.07,9.2,3705,4.721,0.529,13.693
CONFIRMED,82.303914,0.859,15.404,7.37E+02,4.47,0.3704,485,13.05,22.3,5602,4.13,1.425,15.654
FALSE POSITIVE,131.9782774,0.58,7.14981,3.46E+05,147.83,0.491,457,10.32,3766.3,4916,3.717,2.182,14.313
FALSE POSITIVE,0.789171236,0.417,1.734,7.34E+01,0.69,0.0154,1527,1291.41,9,4776,4.516,0.811,15.352
CONFIRMED,17.9346606,0.976,6.25,1.43E+02,2.8,0.1419,1002,238.78,18.8,6426,4.013,1.775,13.474
FALSE POSITIVE,241.0707458,0.418,9.88863,7.03E+04,76.53,0.9788,699,56.58,4257.4,9414,3.883,2.777,10.656
FALSE POSITIVE,106.1759381,0.718,10.4168,1.65E+05,54.91,0.4163,441,8.94,7056.8,6038,4.254,1.141,13.742
FALSE POSITIVE,184.6467208,0.492,18.9869,4.10E+05,72.8,0.6329,320,2.49,1113.2,5713,4.414,1.023,15.603
FALSE POSITIVE,6.282033445,1.777,8.3777,1.82E+05,144.85,0.0662,1029,264.78,1178,6074,4.45,0.976,14.118
FALSE POSITIVE,5.519188936,0.459,7.1351,2.17E+05,43.06,0.0569,932,178.7,2270.6,5324,4.439,0.897,16.117
CANDIDATE,5.3360574,0.006,3.877,5.47E+01,1.52,0.0647,1667,1823.9,7,6742,3.925,2.032,12.691
FALSE POSITIVE,4.818863794,0.486,6.2625,6.59E+04,51.32,0.059,1595,1529.01,2048.7,6313,3.936,1.935,14.55
FALSE POSITIVE,178.2680204,1.135,5.86461,4.58E+04,34.07,0.5424,256,1.02,961.4,5126,4.578,0.696,14.16
FALSE POSITIVE,2.181555909,1.261,4.41739,8.54E+04,91.3,0.0351,1730,2119.28,1548.2,6584,4.331,1.246,14.182
FALSE POSITIVE,0.895276162,0.618,3.0518,3.19E+05,172.25,0.0183,2731,13121.22,932.1,5242,3.631,2.55,16.397
FALSE POSITIVE,244.8327497,1.047,4.37001,4.02E+04,38.3,0.7657,307,2.09,733.5,6105,4.443,0.993,13.556
CONFIRMED,30.4544418,0.929,6.896,4.72E+02,2.6,0.1939,624,35.92,17.3,6283,4.472,0.984,15.268
FALSE POSITIVE,10.26558924,0.663,3.879,2.55E+02,1.65,0.0927,828,111.18,18.8,5774,4.458,0.98,14.658
FALSE POSITIVE,18.9257333,1.155,6.149,1.89E+02,16.74,0.1288,639,39.47,16.2,5455,4.421,0.909,13.857
CONFIRMED,37.8862977,0.026,5.218,6.72E+02,2.09,0.2107,479,12.46,14.4,5513,4.551,0.818,15.848
CANDIDATE,10.54841329,1.017,1.872,1.03E+02,3.89,0.096,899,154.84,11.7,6047,4.387,1.092,13.204
CANDIDATE,133.6348207,0.438,1.584,4.21E+02,1.89,0.482,317,2.38,10.8,5202,4.434,0.918,13.623
FALSE POSITIVE,11.9615433,0.576,3.129,4.25E+02,2.24,0.107,847,121.71,12.4,6142,4.456,1.046,15.709
CANDIDATE,32.510844,0.421,3.254,3.62E+02,2.62,0.2108,680,50.56,12.6,6074,4.244,1.358,14.863
FALSE POSITIVE,0.56683399,,0.75,,,,,,,,,,14.792
FALSE POSITIVE,62.12767713,1.158,5.25005,3.74E+04,38.61,0.278,402,6.15,990.3,5344,4.494,0.807,14.822
FALSE POSITIVE,31.9730649,0.716,8.872,1.59E+02,1.09,0.19,530,18.59,15.6,5811,4.571,0.811,14.545
CANDIDATE,10.90752977,0.147,2.764,1.86E+02,1.58,0.1007,955,196.51,11.8,6414,4.377,1.147,14.056
FALSE POSITIVE,143.1188694,0.703,16.8109,2.56E+05,53.3,0.526,321,2.5,1638,5713,4.554,0.851,14.996
FALSE POSITIVE,76.81985465,0.728,5.16249,2.29E+05,46.61,0.3352,379,4.88,2314.5,5654,4.59,0.774,14.063
FALSE POSITIVE,165.40575,1.091,13.6363,6.64E+04,112.86,0.59,514,16.56,4958.6,6061,3.759,2.185,12.724
FALSE POSITIVE,71.66191516,0.612,6.33708,3.24E+05,55.04,0.3107,365,4.18,1804.1,5075,4.497,0.824,15.167
FALSE POSITIVE,9.44942685,0.395,6.40303,4.89E+05,68.38,0.0882,813,103.29,1246.3,5754,4.534,0.905,15.65
FALSE POSITIVE,0.715802309,1.251,1.5586,2.21E+03,25.52,0.0147,1656,1787.96,137.7,5239,4.6,0.757,15.579
FALSE POSITIVE,70.58284717,0.882,8.81169,1.51E+05,50.88,0.332,435,8.45,2424,5973,4.516,0.904,14.624
FALSE POSITIVE,2.995357359,0.843,6.57901,1.72E+05,112.12,0.0416,1791,2437.81,1467.6,5949,3.892,1.94,16.455
FALSE POSITIVE,3.840485025,1.189,2.8592,3.14E+04,39.38,0.0453,1077,318.66,259.4,5731,4.532,0.823,15.26
FALSE POSITIVE,1.92027188,,2.65,,,,,,,,,,15.26
CANDIDATE,10.5226374,0.806,3.864,6.89E+01,1.08,0.0962,976,213.96,8.9,6327,4.327,1.175,14.563
FALSE POSITIVE,10.4433418,0.707,3.94077,1.45E+05,44.35,0.0927,892,149.21,842.1,6137,4.421,1.005,16.51
FALSE POSITIVE,4.75307877,0.019,2.35,9.33E+02,505.94,0.0859,7040,580415.2,6.4,3486,0.5,180.013,13.524
FALSE POSITIVE,19.51501329,0.692,4.59379,2.56E+05,53.03,0.1369,588,28.31,1018.8,5349,4.531,0.851,16.739
CONFIRMED,1.772451066,0.006,2.4592,7.92E+01,1.02,0.0307,1685,1904.34,22.4,6243,4.406,1.149,12.949
CONFIRMED,19.9158863,0.748,6.191,1.43E+02,1.41,0.1467,728,66.31,28.3,6047,4.387,1.092,13.204
FALSE POSITIVE,54.06132811,1.336,4.48223,7.97E+04,88.28,0.2741,514,16.51,1012.2,5786,4.318,1.112,15.231
FALSE POSITIVE,34.52599018,1.087,4.47294,6.72E+04,54.35,0.2076,607,32.12,1008.1,6123,4.396,1.049,15.142
CANDIDATE,494.485085,0.017,3.905,3.85E+02,5.03,1.374,379,4.88,13.9,6303,3.774,2.553,12.088
FALSE POSITIVE,14.2821417,0.012,2.068,2.25E+02,1.08,0.1045,625,36.03,8.7,5374,4.588,0.726,15.13
FALSE POSITIVE,18.64532882,0.454,3.63893,4.34E+05,61.81,0.1345,656,43.71,1256.8,5931,4.554,0.845,15.511
FALSE POSITIVE,20.88212542,0.743,8.03365,2.33E+05,66.27,0.1542,737,69.67,3506.5,6335,4.427,1.072,15.6
CANDIDATE,14.0545718,0.121,4.066,2.74E+02,1.45,0.1132,711,60.49,11.6,5783,4.539,0.88,15.802
CONFIRMED,30.8609783,0.852,4.216,1.29E+02,1.08,0.1862,525,17.96,17.8,5627,4.552,0.833,12.988
FALSE POSITIVE,3.652810043,0.086,1.5132,1.19E+02,0.89,0.0427,1015,250.33,6,5213,4.489,0.831,15.602
FALSE POSITIVE,15.65134872,1.267,4.1553,3.10E+03,118.33,0.1409,1396,898.69,81.6,6552,3.586,3.289,12.429
CANDIDATE,6.86674226,0.405,4.216,4.72E+01,0.79,0.0745,1018,254.1,12.3,5914,4.396,1.135,13.046
CONFIRMED,8.37159554,0.983,5.252,9.80E+01,2.39,0.0854,1292,659.25,16.6,6426,4.013,1.775,13.474
FALSE POSITIVE,286.1755875,0.598,16.1025,3.29E+05,63.23,0.8405,276,1.38,765.3,5904,4.471,0.946,15.138
FALSE POSITIVE,152.151448,0.857,26.8612,1.52E+05,53.89,0.5687,362,4.04,2163.4,6217,4.472,0.989,14.61
FALSE POSITIVE,0.542636318,0.056,1.2536,7.46E+01,1.39,0.0125,2659,11844.28,17.3,5277,3.96,1.633,14.458
FALSE POSITIVE,29.91133406,0.559,7.26916,3.54E+05,47.83,0.1733,471,11.68,1349.8,5303,4.632,0.704,16.128
FALSE POSITIVE,5.877122485,0.547,4.71655,3.63E+05,125.68,0.0586,1402,913.57,1210.8,5702,3.807,1.821,15.177
FALSE POSITIVE,10.63630585,0.398,5.17212,2.16E+05,64.91,0.0977,1110,358.62,1419,6781,4.221,1.345,17.035
FALSE POSITIVE,2.1032389,1.209,6.4774,2.49E+04,36.63,0.0307,1238,555,625.1,5546,4.587,0.786,13.171
FALSE POSITIVE,46.69820093,1.131,3.57049,5.46E+04,38.79,0.2241,468,11.31,879,5772,4.518,0.756,15.267
CONFIRMED,15.99560373,0.088,3.471,2.22E+02,1.04,0.1141,550,21.54,20,4955,4.61,0.721,14.017
FALSE POSITIVE,4.39451798,1.566,2.9527,2.24E+05,65.76,0.0418,554,22.27,249.5,3695,4.773,0.483,16.705
FALSE POSITIVE,25.9518795,1.259,21.569,1.31E+03,35.1,0.1667,645,41,63.7,5753,4.335,1.078,14.997
CANDIDATE,29.7681831,0.739,9.425,1.60E+02,3.98,0.2144,917,167.51,13.2,5640,3.679,2.916,14.564
FALSE POSITIVE,56.04809669,1.161,4.04427,5.37E+04,42.62,0.2584,400,6.06,1003.7,5222,4.518,0.78,14.967
FALSE POSITIVE,2.25161215,0.647,2.1,2.39E+01,1.14,0.0442,2934,17529.42,9.2,9464,4.116,2.184,13.085
CANDIDATE,36.7662364,0.164,3.305,5.80E+02,1.28,0.1754,336,3.02,12.6,4342,4.699,0.54,15.903
FALSE POSITIVE,50.35545898,0.159,5.51863,1.07E+05,31.66,0.2737,492,13.81,1219.4,5936,4.501,0.965,15.724
CONFIRMED,14.0328775,0.044,6.684,2.11E+02,1.45,0.1168,783,88.83,11.8,6063,4.47,1.001,15.652
CONFIRMED,13.2226149,0.943,4.337,2.62E+02,1.75,0.1077,740,71.11,12.6,5931,4.545,0.863,15.208
CANDIDATE,2.53742164,0.285,1.563,1.05E+02,0.93,0.0355,1220,525.68,12.8,5447,4.481,0.917,14.8
FALSE POSITIVE,3.54828691,0.036,3.281,7.09E+01,1.69,0.0518,1795,2458.09,9.9,6573,4.01,1.987,13.79
CANDIDATE,62.596544,0.246,11.477,2.23E+02,2.25,0.3314,559,23.01,15.5,5934,4.173,1.509,14.451
FALSE POSITIVE,18.79852,0.936,4.795,4.87E+02,2.04,0.1243,509,15.82,11.2,4808,4.589,0.715,16.153
FALSE POSITIVE,156.516574,0.995,12.2259,1.13E+05,61.44,0.5627,367,4.31,2016.1,6002,4.354,1.084,13.375
FALSE POSITIVE,1.366946478,0.869,3.37701,1.59E+05,43.45,0.0215,1403,910.99,796.5,5353,4.527,0.757,15.002
FALSE POSITIVE,313.0927507,0.395,14.3447,4.46E+05,47.52,0.7828,207,0.44,1952.3,5067,4.596,0.673,15.638
FALSE POSITIVE,0.566813677,0.449,2.458,6.12E+01,0.77,0.0136,2269,6276.41,11.5,6106,4.487,0.966,15.644
FALSE POSITIVE,157.3226394,0.888,21.9232,1.54E+05,56.66,0.5815,351,3.61,1386.8,6109,4.472,0.989,15.291
FALSE POSITIVE,9.53040216,0.6046,5.95809,3.22E+05,60.49,0.0828,805,99.43,185.6,5501,4.438,0.912,14.689
FALSE POSITIVE,4.218512654,0.767,3.62939,2.34E+04,16.67,0.0522,1189,472.03,699.9,6185,4.472,0.991,15.232
FALSE POSITIVE,8.529991199,1.225,3.9954,2.01E+04,44.86,0.0834,940,184.92,389.8,6185,4.472,0.991,15.232
FALSE POSITIVE,3.47140045,,1.55,,,,,493.28,,,,,19.033
FALSE POSITIVE,1.922862476,1.001,3.4594,1.01E+05,70.65,0.0312,1827,2631.95,362.1,6408,4.246,1.303,15.925
CONFIRMED,16.00747237,0.975,1.267,2.78E+02,2.99,0.1241,838,116.46,14.7,5857,4.204,1.305,13.77
CONFIRMED,54.6493679,0.018,7.962,4.33E+02,2.64,0.2846,538,19.86,15.1,5751,4.234,1.282,15.335
CONFIRMED,100.8276725,0.676,8.39,1.78E+03,4.35,0.4029,364,4.16,36.7,5301,4.391,0.977,15.28
CANDIDATE,15.5764061,0.565,5.382,2.57E+02,1.79,0.1286,793,93.42,14.1,6214,4.442,1.076,15.491
CANDIDATE,10.00506974,0.148,3.481,1.43E+02,1.11,0.0873,849,122.48,11.4,5912,4.453,0.924,14.634
FALSE POSITIVE,0.905675699,0.008,1.701,7.32E+01,0.77,0.0182,1780,2374.98,10.2,5730,4.518,0.903,15.384
CANDIDATE,36.2580749,0.786,5.917,3.80E+02,1.82,0.2101,516,16.7,12.5,5818,4.554,0.848,15.553
CANDIDATE,12.4326997,0.212,7.81,2.40E+02,1.88,0.102,839,117.17,11.5,5480,4.22,1.229,15.916
CANDIDATE,30.9902997,0.397,9.454,3.22E+02,2.21,0.1875,619,34.68,10.7,5480,4.22,1.229,15.916
FALSE POSITIVE,15.9750417,1.211,3.549,6.44E+02,90.37,0.1403,1143,403.2,37.5,5220,3.52,3.456,13.933
CONFIRMED,16.0505464,0.135,3.171,9.44E+01,0.81,0.1234,630,37.12,14.6,5428,4.563,0.853,13.136
FALSE POSITIVE,0.805267592,0.082,0.887,1.47E+02,1.35,0.0179,2165,5216.79,9.8,6268,4.429,1.1,15.881
FALSE POSITIVE,11.08262263,0.207,6.62584,2.69E+05,48.38,0.0969,793,93.67,1725.6,5831,4.503,0.922,16.411
FALSE POSITIVE,421.4284819,0.356,8.60447,9.67E+04,54.16,1.1535,335,2.97,3162,6235,4.034,1.708,13.769
FALSE POSITIVE,1.096587245,2.623,3.0287,5.41E+02,168.68,0.0212,1726,2096.5,67.1,5869,4.513,0.942,13.954
FALSE POSITIVE,3.012476415,0.708,3.31903,1.98E+05,58.77,0.0397,1388,879.89,2060.3,6015,4.329,1.088,14.776
FALSE POSITIVE,204.7410476,0.596,20.5357,3.34E+05,97.39,0.7287,404,6.3,2000.2,6517,4.211,1.44,13.841
FALSE POSITIVE,0.759740194,0.497,3.252,4.25E+01,0.67,0.0169,2059,4245.86,13.7,6046,4.478,1.007,14.92
FALSE POSITIVE,4.664186517,0.29,4.0639,5.55E+05,278.81,0.063,1683,1896.44,445.7,5062,3.515,3.579,16.144
FALSE POSITIVE,1.092066399,0.488,2.97608,4.02E+05,40.74,0.0172,1164,432.44,1160.6,4556,4.67,0.576,15.896
FALSE POSITIVE,3.053578643,1.11,3.22884,5.29E+04,35.35,0.038,1035,271.46,661.4,5414,4.625,0.714,15.74
FALSE POSITIVE,2.992662857,0.001,2.5258,1.14E+05,60.35,0.0398,1476,1123.54,296.8,4927,3.883,1.837,16.328
FALSE POSITIVE,4.664188563,1.254,3.773,1.14E+04,52.09,0.0515,1221,525.46,272.6,5699,4.192,1.215,13.915
FALSE POSITIVE,0.954873008,0.578,1.0613,3.30E+01,0.81,0.0182,2325,6913.47,1.5,6092,4.114,1.363,11.8
FALSE POSITIVE,0.56493412,0.691,2.57621,2.53E+05,33.4,0.011,1458,1071.88,1361.5,4748,4.729,0.534,15.839
FALSE POSITIVE,1.674984844,0.731,4.92134,2.35E+05,150.48,0.0351,3055,20561.29,858.8,8285,3.971,2.451,14.567
CANDIDATE,35.8754482,0.026,3.972,3.67E+02,2.35,0.2283,668,47.15,12.6,6559,4.357,1.218,15.353
CONFIRMED,7.31945294,0.112,4.881,1.67E+02,5.05,0.0898,1682,1891.07,16.3,5745,3.499,3.955,13.489
CONFIRMED,35.8007112,0.043,8.219,4.17E+02,7.97,0.2588,991,227.68,25,5745,3.499,3.955,13.489
FALSE POSITIVE,0.790049989,0.185,2.794,7.08E+01,0.67,0.0156,1724,2082.67,12.3,5427,4.53,0.808,15.53
CANDIDATE,4.32710579,0.025,3.872,8.41E+01,3.58,0.0633,2004,3805.87,9.5,5745,3.499,3.955,13.489
FALSE POSITIVE,14.15402615,1.199,4.115,2.17E+04,29.61,0.0992,495,14.25,23.9,4352,4.61,0.661,15.056
FALSE POSITIVE,33.93754213,1.979,11.1677,3.30E+04,138.25,0.2103,618,34.42,1112,6220,4.414,1.066,15.191
CONFIRMED,20.7057153,0.922,9.678,1.16E+02,3.22,0.1629,967,206.73,13.5,5668,3.792,2.437,14.276
CANDIDATE,60.532988,0.618,7.086,4.68E+02,1.91,0.2961,420,7.36,23.8,5631,4.557,0.847,14.196
FALSE POSITIVE,3.7228679,0.8,9.557,5.21E+01,0.74,0.0472,1182,461.27,9.8,6046,4.509,0.927,15.202
CONFIRMED,58.0198583,0.951,5.348,1.29E+03,3.46,0.2711,354,3.7,66,4920,4.62,0.72,12.231
CANDIDATE,15.0617835,0.114,6.31,1.97E+02,1.61,0.1204,794,94.08,12.1,5806,4.321,1.158,15.386
FALSE POSITIVE,4.286103033,0.544,2.6422,1.73E+05,25.8,0.0432,686,52.42,397.1,4206,4.663,0.591,15.295
FALSE POSITIVE,290.7778719,0.761,12.0525,2.26E+05,45.27,0.7829,222,0.58,1836.8,5207,4.585,0.734,14.282
FALSE POSITIVE,5.017239915,0.191,4.36126,1.45E+05,41.75,0.0591,1229,538.77,970.9,6519,4.41,1.079,14.115
FALSE POSITIVE,0.937923475,0.515,3.164,4.04E+01,0.52,0.0181,1588,1503.05,12,5398,4.58,0.805,14.403
FALSE POSITIVE,204.0329342,0.49,17.5623,4.11E+05,57.35,0.654,272,1.29,884.9,5553,4.577,0.806,15.734
FALSE POSITIVE,2.148219541,0.424,2.94091,4.58E+05,49.6,0.0283,1009,244.99,619.8,4694,4.6,0.672,15.783
FALSE POSITIVE,58.62157882,0.896,8.52961,1.43E+05,40.43,0.2607,385,5.19,1887.7,5232,4.554,0.725,15.161
FALSE POSITIVE,3.125821128,1.269,2.2163,5.03E+03,110.58,0.048,2087,4481.76,245.2,6137,3.705,2.852,12.77
FALSE POSITIVE,1.032068851,1.014,2.1344,1.22E+05,44.35,0.0179,1221,523.01,140,4387,4.587,0.711,16.177
FALSE POSITIVE,6.6751871,0.251,2.372,1.78E+02,1.09,0.067,890,148.28,7,5774,4.567,0.818,15.554
FALSE POSITIVE,1.450205839,1.236,3.6373,2.59E+04,92.78,0.0295,2675,12063.44,419,7564,4.093,1.893,13.91
FALSE POSITIVE,3.224486463,0.421,4.61686,4.04E+05,79.08,0.0435,1456,1060.42,1905.1,6389,4.331,1.16,16.169
FALSE POSITIVE,44.14579777,0.864,4.088,2.24E+05,62.24,0.237,504,15.25,434.9,5876,4.492,0.896,16.442
FALSE POSITIVE,33.3239576,0.47,37.217,2.01E+03,2.55,0.1684,416,7.06,173.7,5192,4.707,0.555,15.213
CANDIDATE,17.9559673,0.979,6.237,1.37E+02,1.96,0.1317,750,74.61,11.9,5641,4.258,1.195,14.388
FALSE POSITIVE,0.94102954,0.119,4.415,3.45E+01,1.41,0.0204,2761,13794.93,13.3,5766,3.783,2.409,13.134
CONFIRMED,1.992812339,1.127,2.066,3.15E+02,6.81,0.0238,675,48.82,16.8,3638,4.844,0.42,15.855
FALSE POSITIVE,36.51437404,0.133,6.48255,1.12E+05,33.27,0.22,546,21.08,1701.1,5811,4.465,1,15.423
CONFIRMED,39.818832,0.6,10.757,1.99E+02,2.23,0.2285,650,42.32,29.4,5710,4.073,1.524,13.102
CONFIRMED,25.4337864,0.232,6.514,3.02E+02,2,0.1707,667,46.8,14.3,5806,4.321,1.158,15.386
FALSE POSITIVE,67.451045,1.01,8.9387,7.06E+03,36.7,0.3169,562,23.61,205.4,4847,3.726,2.191,13.342
CANDIDATE,2.69339974,0.279,1.936,1.48E+02,1.04,0.0363,1151,415.96,8.7,5355,4.511,0.863,15.673
CANDIDATE,10.43003118,0.283,2.029,1.20E+02,1.14,0.0962,906,159.58,10.6,6277,4.449,1.031,14.412
CANDIDATE,27.63714708,0.669,1.7277,7.36E+02,6.96,0.193,816,104.6,27.4,5214,3.766,2.427,13.851
CONFIRMED,52.6095103,0.102,8.202,2.04E+02,1.83,0.2846,553,22.13,15.3,5881,4.259,1.294,14.192
CONFIRMED,198.7106251,0.026,8.638,2.09E+03,3.56,0.6253,258,1.05,62.1,5180,4.548,0.8,14.443
FALSE POSITIVE,15.8733806,3.454,8.0429,2.08E+05,630.53,0.126,962,202.23,978.2,5622,3.907,1.895,14.679
CANDIDATE,50.563697,0.779,5.381,5.05E+01,1.57,0.3102,761,79.36,6.8,6759,4.018,2.022,10.948
FALSE POSITIVE,65.58366557,0.72,5.01216,2.42E+05,41.22,0.2858,371,4.5,1649.5,5516,4.65,0.666,15.743
FALSE POSITIVE,394.6781627,0.708,6.05443,2.53E+05,52.16,0.9797,235,0.72,1500.7,5780,4.505,0.83,15.207
FALSE POSITIVE,111.3198052,0.234,23.0078,6.27E+04,63.68,0.4352,539,20.01,3433.7,5022,3.562,2.58,12.439
FALSE POSITIVE,110.2951268,0.248,16.5339,1.76E+05,37.88,0.4397,362,4.06,2084.3,5753,4.503,0.895,15.258
FALSE POSITIVE,95.17831793,0.761,3.60125,1.29E+05,28.75,0.352,272,1.29,2279.1,4523,4.615,0.653,14.401
CONFIRMED,31.2543238,0.019,5.662,4.38E+02,2.29,0.2053,635,38.54,14.7,6246,4.433,1.092,15.82
FALSE POSITIVE,61.4911479,0.681,9.745,5.87E+04,22.76,0.302,438,8.7,1421.7,5830,4.54,0.876,15.523
CONFIRMED,110.2867031,0.675,4.427,1.45E+02,1.41,0.4393,414,6.96,16.4,5931,4.322,1.101,11.818
CONFIRMED,11.8061737,0.905,4.472,8.81E+01,2.87,0.1216,1407,926.72,10.1,6900,3.843,2.599,12.082
CONFIRMED,6.15828666,0.595,6.329,5.77E+01,1.2,0.0658,1212,510.35,16.4,5710,4.073,1.524,13.102
FALSE POSITIVE,10.82882574,0.137,0.7275,9.21E+01,0.76,0.0912,758,78.3,4.8,5862,4.584,0.785,13.492
CONFIRMED,82.292865,0.195,7.048,3.71E+02,1.82,0.3679,400,6.07,13,5626,4.467,0.957,14.828
CONFIRMED,92.436978,0.943,6.432,9.55E+02,2.89,0.3729,348,3.46,17.8,5595,4.606,0.741,15.449
CANDIDATE,65.427645,0.004,9.404,3.19E+02,1.65,0.3178,453,9.94,15.6,6014,4.504,0.926,14.821
FALSE POSITIVE,11.08260553,0.966,6.23,6.01E+02,7.34,0.0915,1108,355.64,51.3,5125,3.674,2.196,13.566
FALSE POSITIVE,22.7832776,0.626,4.194,1.20E+02,1.33,0.1663,759,78.41,18.2,6517,4.382,1.159,12.972
FALSE POSITIVE,23.73795284,1.004,8.50818,9.59E+04,53.27,0.1564,620,34.94,1221.2,5559,4.394,1,15.147
FALSE POSITIVE,21.4618453,1.139,5.675,1.22E+02,19.89,0.1527,722,64.17,13.4,5806,4.283,1.213,13.798
FALSE POSITIVE,75.13194883,0.487,20.8729,1.22E+05,26.21,0.3164,359,3.94,3625.5,5365,4.586,0.729,14.658
CANDIDATE,369.069345,0.929,5.832,9.46E+02,3.07,0.9231,197,0.35,11.7,4855,4.542,0.778,14.521
FALSE POSITIVE,243.8212213,1.029,10.9312,5.68E+04,56.63,0.7812,365,4.18,2804.3,6370,4.228,1.316,13.297
FALSE POSITIVE,0.77459856,,2.71,,,,,,,,,,14.737
FALSE POSITIVE,16.22754867,0.795,5.08666,1.93E+05,46.52,0.1208,599,30.52,1870,5297,4.587,0.795,15.901
FALSE POSITIVE,47.189437,0.5357,11.555,3.71E+05,66.71,0.2402,484,13.01,804,5458,4.381,0.972,15.624
FALSE POSITIVE,1.501760172,0.518,5.85519,3.88E+05,90.92,0.0277,1905,3110.42,2624,6327,4.315,1.29,11.825
FALSE POSITIVE,4.05325447,15.329,4.0116,1.11E+05,1668.79,0.0517,1191,475.36,446.1,6022,4.453,1.039,15.537
CONFIRMED,7.68433346,0.951,1.4346,1.18E+03,2.58,0.0634,583,27.35,28.5,4402,4.682,0.572,14.265
FALSE POSITIVE,1.549979213,0.486,7.5945,3.71E+05,136.64,0.0255,2141,4986.15,672.7,5408,3.777,2.058,13.939
CANDIDATE,11.16622885,0.176,3.389,3.54E+02,1.56,0.0955,725,65.16,13.6,5552,4.562,0.836,15.927
FALSE POSITIVE,10.99381963,1.274,3.7889,1.69E+03,40.17,0.101,978,216.57,102.9,6553,4.366,1.157,13.427
FALSE POSITIVE,10.9938087,0.924,5.0403,1.46E+03,5.33,0.101,978,216.57,100.4,6553,4.366,1.157,13.427
CANDIDATE,23.1334494,0.954,3.602,4.56E+02,2.55,0.1453,638,39.2,21.6,5712,4.382,0.932,14.656
CANDIDATE,8.9539656,0.656,4.898,7.04E+01,0.84,0.0823,923,171.51,12.2,6168,4.452,0.947,13.776
CANDIDATE,13.7281373,0.748,5.304,1.07E+02,1.06,0.1094,800,97.06,15.4,6168,4.452,0.947,13.776
CONFIRMED,16.5860329,0.167,7.043,2.31E+02,2.09,0.127,821,107.25,14.6,5626,4.149,1.389,15.589
CANDIDATE,26.83771808,0.917,1.6162,8.51E+03,12.68,0.1845,658,44.22,101.4,6194,4.445,1.069,14.426
CONFIRMED,16.7525077,0.763,3.174,3.38E+02,3.65,0.1262,801,97.43,18.2,4807,3.906,1.802,14.534
CANDIDATE,3.53105835,1.213,1.778,3.11E+02,10.61,0.0348,558,22.83,11.7,3638,4.844,0.42,15.855
FALSE POSITIVE,49.61275752,0.929,7.07603,1.30E+05,57.08,0.2723,536,19.46,2070.3,6241,4.45,1.031,15.217
CANDIDATE,6.32589574,0.181,1.383,1.93E+02,1.14,0.0647,901,156.27,8.8,5749,4.568,0.818,15.421
CANDIDATE,11.9378354,0.036,4.652,2.46E+02,1.15,0.0954,671,47.91,9.6,5469,4.611,0.738,15.954
CANDIDATE,32.715906,0.25,10.79,1.36E+02,3.68,0.233,902,156.74,13.1,5527,3.627,3.192,14.462
CONFIRMED,15.3317719,0.802,5.467,1.79E+02,1.91,0.1216,821,107.44,13.3,5726,4.228,1.285,15.098
CANDIDATE,82.331756,0.027,8.664,2.83E+02,2.08,0.3864,474,11.96,11.9,5997,4.304,1.242,14.872
CONFIRMED,84.704139,0.01,10.393,6.56E+02,4.17,0.4089,537,19.59,17,6085,4.115,1.634,15.169
FALSE POSITIVE,0.755105584,0.732,5.02374,2.50E+05,76.26,0.0173,2412,7996.1,2158.5,6592,4.369,1.19,11.638
FALSE POSITIVE,101.2633628,0.944,17.8951,7.28E+04,44,0.4344,435,8.47,3573.1,6309,4.413,1.062,14.319
FALSE POSITIVE,120.5816718,0.845,8.2904,1.93E+05,41.71,0.4322,291,1.7,1184.8,5294,4.651,0.673,15.777
FALSE POSITIVE,1.558544209,0.507,3.3727,2.26E+05,35.12,0.0234,1182,460.09,421.6,4868,4.582,0.708,14.498
FALSE POSITIVE,2.63757408,1.107,5.9626,1.70E+05,76.02,0.0382,1242,563.22,1471.6,5639,4.509,0.953,15.902
FALSE POSITIVE,8.64636188,0.294,8.73607,2.18E+05,54.24,0.0859,1033,268.95,2441.7,6444,4.382,1.134,14.097
FALSE POSITIVE,125.288206,0.066,3.695,2.42E+02,1.5,0.4972,363,4.1,9.4,5881,4.48,0.973,14.179
FALSE POSITIVE,112.4635889,0.523,31.8273,2.42E+05,129.04,0.5519,692,54.2,1374,7426,3.903,2.463,10.967
CANDIDATE,27.0965146,0.769,8.42,2.08E+02,2.13,0.179,700,56.79,16.4,5775,4.193,1.352,14.886
CANDIDATE,11.5474983,0.495,6.684,1.16E+02,1.48,0.1014,930,176.97,12.3,5775,4.193,1.352,14.886
FALSE POSITIVE,42.39930429,0.336,18.3609,2.06E+05,44.7,0.2409,542,20.46,2261.9,6153,4.487,0.962,15.747
CANDIDATE,83.2664103,0.029,2.813,6.20E+02,2.89,0.3654,439,8.78,10.9,5538,4.266,1.18,14.97
FALSE POSITIVE,5.91039905,,3.85,,,,,,,,,,15.169
CONFIRMED,11.6044881,0.118,3.409,2.68E+02,1.88,0.0981,841,118.5,14.5,5533,4.275,1.166,15.254
FALSE POSITIVE,27.00980738,0.949,1.96698,6.79E+04,22.32,0.1448,330,2.82,541.3,3900,4.727,0.534,15.483
CONFIRMED,15.0219784,0.96,5.068,9.69E+01,1.77,0.1197,874,137.91,7.4,5831,4.162,1.382,13.109
CANDIDATE,11.8237228,0.698,8.518,2.13E+02,1.25,0.0978,703,57.62,14.2,5559,4.578,0.803,15.353
CONFIRMED,91.078624,0.901,10.304,7.39E+02,3.26,0.3982,415,7.02,20.8,5915,4.437,1.008,15.214
CONFIRMED,85.272459,0.965,13.31,7.68E+02,3.85,0.3677,443,9.1,18.9,5922,4.349,1.057,15.417
FALSE POSITIVE,12.42592675,0.973,29.1701,4.10E+02,2.66,0.1071,790,92.32,63.7,5952,4.489,0.971,14.936
CANDIDATE,19.0689513,0.98,12.462,1.69E+02,1.63,0.129,627,36.63,19.1,5418,4.436,0.889,14.371
FALSE POSITIVE,89.7398137,1.026,3.26371,8.11E+04,38.01,0.3682,363,4.1,296,5777,4.608,0.747,14.294
FALSE POSITIVE,90.08255562,0.099,19.7301,4.33E+04,49.2,0.437,666,46.58,3571.6,6523,3.835,2.343,12.963
FALSE POSITIVE,0.759768478,0.583,2.824,5.74E+01,0.64,0.0158,1737,2149.06,12.9,5481,4.574,0.815,15.318
FALSE POSITIVE,42.2011587,1.225,8.479,1.78E+02,37.39,0.2409,671,47.85,15.9,6200,4.135,1.449,13.294
FALSE POSITIVE,15.65129028,0.507,6.7631,3.99E+05,78.3,0.1288,792,93.1,359.7,6137,4.418,1.103,16.666
FALSE POSITIVE,9.014220178,0.802,2.76441,3.41E+04,15.49,0.0763,661,45.03,1109.2,4842,4.573,0.73,13.57
FALSE POSITIVE,1.824653341,0.845,4.25512,1.77E+05,55.44,0.0267,1680,1880.22,1833.7,6413,4.372,0.941,15.048
FALSE POSITIVE,3.185090259,0.465,4.80188,4.23E+05,92.5,0.0432,1564,1414.18,1909.2,6516,4.249,1.279,15.519
FALSE POSITIVE,372.76888,0.909,23.27,1.16E+03,3.66,0.9978,242,0.81,22.8,5800,4.514,0.894,15.422
CONFIRMED,5.70940795,0.751,1.622,5.87E+02,1.51,0.052,644,40.66,20.2,4402,4.682,0.572,14.265
FALSE POSITIVE,2.086076372,13.376,2.4032,5.89E+04,1543.74,0.0302,1645,1728.2,159.3,6124,4.265,1.119,14.554
CONFIRMED,3.63898953,0.32,2.252,2.10E+02,1.68,0.0453,1238,555.71,16,5533,4.275,1.166,15.254
CONFIRMED,38.1303324,0.562,6.53,1.80E+02,1.54,0.2322,613,33.43,11.6,6370,4.41,1.106,14.633
CONFIRMED,14.42735088,0.977,4.857,1.17E+02,1.53,0.116,783,88.9,21.5,5929,4.403,1.04,13.359
CANDIDATE,6.2253374,0.692,4.388,1.09E+02,1.92,0.0694,1378,851.73,11.8,6263,4.024,1.726,14.918
CONFIRMED,12.90235874,0.382,2.446,3.54E+02,1.49,0.103,675,48.99,15.7,5530,4.586,0.788,15.487
CONFIRMED,36.4337867,0.25,4.388,4.07E+02,2.2,0.2108,561,23.35,16.2,5566,4.329,1.099,15.246
FALSE POSITIVE,58.5850357,1.309,3.5939,7.55E+04,149.98,0.3156,707,59.16,656.5,6379,3.925,1.994,13.061
CANDIDATE,12.5014905,0.43,3.882,2.20E+02,2.24,0.1085,952,194.3,10.8,5821,4.127,1.492,15.589
CANDIDATE,40.6511021,0.682,11.282,1.36E+02,1.7,0.249,651,42.54,17.3,6297,4.26,1.369,13.935
CANDIDATE,89.945828,0.171,2.286,3.36E+02,3.46,0.3781,509,15.86,6.6,5115,3.819,1.924,13.64
CANDIDATE,40.1454757,0.491,5.2,3.11E+02,13.01,0.3196,1640,1708.38,5.2,7852,3.159,7.162,13.201
CONFIRMED,265.47847,0.956,10.28,1.04E+03,4.2,0.7733,291,1.7,18.1,5792,4.375,1.005,15.321
FALSE POSITIVE,1.546222068,0.503,7.998,4.94E+01,0.77,0.0264,1578,1465.41,56.6,5611,4.388,1.073,12.16
FALSE POSITIVE,89.3313828,0.899,11.919,2.18E+03,8.02,0.4317,558,22.89,169.5,6860,4.233,1.467,13.68
FALSE POSITIVE,22.2941485,0.709,3.188,1.01E+02,1.5,0.164,760,78.93,13.6,5915,4.223,1.392,13.03
CANDIDATE,1.048130894,0.216,5.6707,1.92E+02,4.52,0.0246,3871,52952.95,5.2,7673,3.679,3.214,11.86
CONFIRMED,46.7162336,0.266,7.259,3.46E+02,2.03,0.2588,531,18.74,15.4,5856,4.386,1.092,15.223
CANDIDATE,17.6062701,0.923,6.134,1.46E+02,1.72,0.1342,753,75.96,10.4,5808,4.326,1.159,15.135
FALSE POSITIVE,43.56225858,1.295,3.6873,5.13E+04,80.02,0.2498,624,35.83,163.6,6411,4.307,1.216,13.676
FALSE POSITIVE,198.443477,1.149,9.9776,3.99E+04,41.72,0.6367,279,1.44,464.2,5420,4.502,0.868,13.76
FALSE POSITIVE,17.90766473,2.79,5.58652,2.65E+05,282.86,0.1386,746,73.31,1731.4,6173,4.447,1.041,16.107
FALSE POSITIVE,2.4044122,0.559,4.575,4.27E+01,0.85,0.036,1662,1805.11,10.8,6398,4.276,1.249,13.894
FALSE POSITIVE,22.77196484,0.603,8.3476,3.25E+05,104.17,0.159,835,114.9,305.2,6049,4.067,1.557,15.018
FALSE POSITIVE,184.5201539,0.886,15.3564,4.93E+04,23.38,0.5682,275,1.36,1759.1,5341,4.514,0.776,14.07
CONFIRMED,82.175197,0.015,8.664,5.46E+02,2.24,0.373,441,8.92,20.8,6247,4.489,0.954,15.292
FALSE POSITIVE,29.01585293,12.223,7.19844,7.14E+04,1183.06,0.1745,592,29.11,1268.8,5783,4.415,0.941,15.546
FALSE POSITIVE,77.36241476,0.995,12.1317,9.66E+04,41.66,0.3362,362,4.08,1246.3,5359,4.57,0.79,15.673
FALSE POSITIVE,495.71095,0.718,4.514,4.43E+02,4.41,1.2788,330,2.8,8.5,6054,3.911,1.953,13.867
CONFIRMED,10.35857039,0.074,2.577,2.74E+02,1.68,0.0932,860,129.28,15.1,5893,4.423,1.02,15.408
CANDIDATE,20.0679247,0.849,5.236,4.82E+02,2.25,0.1442,662,45.49,13.8,5997,4.522,0.904,15.59
CONFIRMED,30.2541186,0.122,2.134,5.76E+02,2.8,0.2043,660,44.87,12.3,6277,4.402,1.161,14.296
FALSE POSITIVE,17.08120242,0.915,7.20617,1.34E+05,39.24,0.1189,585,27.61,1524.8,5431,4.623,0.708,15.863
CONFIRMED,20.034708,0.193,6.49,1.24E+02,2.24,0.1557,967,207.16,22.9,6120,3.934,2,13.266
CANDIDATE,541.92452,0.95,21.4,1.50E+03,3.15,1.098,144,0.1,18.1,4378,4.64,0.614,15.671
CONFIRMED,3.15722086,0.001,3.762,4.97E+01,1.41,0.0454,1791,2436.47,17.4,6120,3.934,2,13.266
CANDIDATE,58.7701045,0.551,6.995,2.24E+02,1.57,0.2893,508,15.78,13.2,6158,4.397,1.013,14.324
CANDIDATE,6.685438,0.853,5.09,8.92E+01,1.25,0.0704,1040,276.02,9.7,5808,4.326,1.159,15.135
CONFIRMED,23.2385587,0.355,8.432,1.61E+02,2.18,0.1753,903,157.09,15.5,6602,4.108,1.685,13.932
CANDIDATE,8.5433774,0.748,6.149,7.51E+01,1.58,0.09,1260,595.97,10.3,6602,4.108,1.685,13.932
FALSE POSITIVE,118.314913,0.522,4.79,2.16E+02,7.23,0.5752,786,90.09,7,6190,3.34,4.763,13.172
CONFIRMED,20.35971899,0.925,2.1521,3.46E+02,0.8,0.1025,276,1.38,26.8,3419,4.904,0.344,13.393
FALSE POSITIVE,43.798566,1.182,6.401,2.90E+02,48.52,0.2626,721,63.8,26.1,5611,3.842,2.227,12.963
FALSE POSITIVE,131.7363049,0.871,5.28476,5.84E+04,54.38,0.495,413,6.89,1241,5102,3.962,1.669,13.395
FALSE POSITIVE,4.301031137,0.79,5.65214,2.04E+05,93.01,0.0581,1454,1056.61,1526.2,6386,4.208,1.548,14.573
FALSE POSITIVE,198.0137918,0.88,9.72673,1.43E+05,38.49,0.583,260,1.09,1411.3,5359,4.566,0.708,15.546
FALSE POSITIVE,10.9938268,0.471,5.0746,4.19E+05,52.69,0.0868,627,36.46,469.5,4856,4.554,0.743,16.751
CANDIDATE,11.7201693,0.292,2.399,1.54E+02,1.34,0.1052,870,135.43,7.5,6193,4.434,1.067,15.171
CONFIRMED,1.682934607,0.681,1.8846,1.43E+02,1.06,0.0272,1270,615.67,24.5,5201,4.573,0.834,13.733
FALSE POSITIVE,114.9086242,0.78,7.66397,1.96E+05,42.78,0.4163,259,1.06,1179.7,4412,4.565,0.737,15.927
CONFIRMED,11.55532445,0.96,3.499,2.50E+02,1.7,0.0911,674,48.88,16.1,5149,4.506,0.803,14.598
CANDIDATE,11.5706005,0.416,3.073,2.12E+02,1.33,0.0964,771,83.39,9.6,5718,4.479,0.9,15.089
CANDIDATE,16.2953228,0.587,4.882,2.29E+02,1.6,0.1264,773,84.23,12.9,6187,4.432,1.013,15.11
CANDIDATE,8.5073512,0.223,2.266,2.10E+02,1.38,0.0819,891,148.86,8.9,5914,4.483,0.955,15.33
CONFIRMED,26.0841212,0.092,6.141,2.60E+02,1.35,0.1681,598,30.24,13.8,6083,4.563,0.835,15.44
FALSE POSITIVE,52.80276758,1.473,5.6184,5.21E+04,75.82,0.268,472,11.73,1238.8,5835,4.492,0.901,15.193
FALSE POSITIVE,39.20680865,0.81,6.24701,1.87E+05,50.2,0.222,516,16.82,1274.3,5945,4.545,0.861,15.545
CONFIRMED,64.6589166,0.083,7.71,2.35E+02,2.12,0.3211,535,19.39,13.9,5821,4.172,1.395,14.694
CANDIDATE,15.8283833,0.623,3.643,2.28E+02,1.8,0.1213,758,78.2,9.8,5596,4.298,1.145,15.364
FALSE POSITIVE,27.6760342,0.071,4.234,2.67E+02,5.15,0.1821,951,193.23,14.4,5123,3.442,3.224,13.33
CONFIRMED,8.74192361,0.025,4.235,2.96E+02,1.94,0.0817,924,172.38,18.5,5596,4.298,1.145,15.364
FALSE POSITIVE,26.936878,0.2807,4.969,2.47E+02,1.57,0.1763,617,34.24,8.8,5878,4.442,0.998,15.364
FALSE POSITIVE,53.34418038,,3.62,,,,,,,,,,12.059
FALSE POSITIVE,12.4281308,0.33,6.79,1.31E+02,0.85,0.0979,715,61.78,9.4,5940,4.621,0.729,15.056
CONFIRMED,9.10969334,0.761,5.3181,1.26E+02,1.32,0.0862,873,137.45,47.8,5611,4.388,1.073,12.16
FALSE POSITIVE,0.96283264,0.4963,2.947,9.63E+01,0.74,0.0178,1686,1908.55,16.4,5955,4.617,0.733,15.056
CONFIRMED,73.7502765,0.127,13.309,2.33E+02,3.78,0.3859,677,49.76,33.9,6056,3.797,2.481,13.214
CANDIDATE,4.7482669,0.673,4.947,3.56E+01,1.57,0.062,1690,1927.62,12.1,6056,3.797,2.481,13.214
FALSE POSITIVE,210.3064436,1.155,6.68665,4.65E+04,101.13,0.8208,525,17.94,1081.7,7591,4.05,2.017,12.504
FALSE POSITIVE,8.268081087,1.099,3.47103,7.15E+04,50.31,0.0797,863,130.83,1320.5,5749,4.502,0.922,15.768
FALSE POSITIVE,3.564614021,0.989,3.44204,9.43E+04,46,0.0427,1187,470.37,728.8,5891,4.45,0.892,15.671
FALSE POSITIVE,533.47707,0.418,23.71,2.11E+02,2.6,1.2719,315,2.33,15.3,6077,3.931,1.759,13.294
FALSE POSITIVE,5.877122413,1.238,3.7369,1.56E+04,45.95,0.0601,1061,300.43,287.6,5778,4.325,1.043,13.147
FALSE POSITIVE,1.036592635,0.898,2.40749,1.25E+05,463.05,0.0231,4194,73013.77,444.7,4884,2.737,8.747,14.441
CANDIDATE,10.10404351,0.951,1.0022,1.32E+03,4.05,0.0876,752,75.32,39.5,5530,4.541,0.831,14.031
FALSE POSITIVE,91.4999978,0.736,19.5818,6.55E+04,21.86,0.3715,335,2.98,1018.4,5263,4.572,0.774,14.801
CONFIRMED,65.9407869,0.332,7.776,5.80E+02,2.33,0.3244,454,10.04,19.8,5982,4.493,0.96,15.502
FALSE POSITIVE,406.45737,0.428,9.554,2.84E+02,1.96,1.1085,278,1.42,12.7,6217,4.364,1.141,13.079
FALSE POSITIVE,30.47639859,0.92,17.9728,1.31E+05,43.01,0.1823,542,20.39,236.2,5913,4.585,0.787,14.84
CONFIRMED,14.53260546,0.112,2.4212,3.29E+02,1.69,0.1173,746,73.37,29,6003,4.507,0.932,13.785
CONFIRMED,153.348739,0.261,12.205,3.88E+02,2.14,0.5545,377,4.78,12.7,6127,4.356,1.08,15.224
CANDIDATE,13.9248005,0.021,5.016,1.95E+02,0.9,0.1013,588,28.27,11.2,5271,4.669,0.648,15.712
CANDIDATE,19.6001405,0.971,8.613,2.82E+02,2.08,0.1432,676,49.23,19.7,6003,4.507,0.932,13.874
FALSE POSITIVE,361.526458,0.971,6.947,5.25E+02,5.7,1.1533,410,6.67,14,7196,4.064,1.923,13.151
CONFIRMED,48.0506878,0.186,7.999,2.75E+02,2.36,0.2528,564,23.9,15.1,5332,4.083,1.453,15.033
CANDIDATE,34.08429351,1.28,1.3521,3.75E+03,36.05,0.1935,506,15.46,28.7,5252,4.428,0.922,15.417
FALSE POSITIVE,9.44942628,1.217,6.3064,1.21E+03,75.22,0.0947,1192,476.13,81.1,5092,3.689,2.664,13.819
FALSE POSITIVE,0.933489066,1.243,1.41864,1.43E+04,48.01,0.0178,1979,3648.49,374.5,5758,4.307,1.084,16.428
FALSE POSITIVE,1.908525084,0.015,4.169,2.19E+02,3.74,0.0397,3191,24558.81,26.9,9174,4.013,2.471,11.721
FALSE POSITIVE,0.798467681,0.331,0.86,1.21E+02,0.82,0.015,1718,2064.49,9.4,5575,4.557,0.733,15.89
FALSE POSITIVE,0.867721348,0.987,4.8783,9.77E+04,67,0.0173,2089,4487.7,587.9,5510,4.186,1.276,16.09
FALSE POSITIVE,161.252567,0.869,23.626,2.91E+03,5.04,0.56,318,2.41,94.7,5985,4.574,0.811,14.72
CONFIRMED,3.90863457,0.111,1.7704,8.67E+02,1.86,0.0418,787,91.01,36.6,4518,4.613,0.653,15.646
CONFIRMED,77.086191,1.227,4.77,9.43E+02,29.77,0.367,464,11,12.9,6228,4.441,1.049,15.886
FALSE POSITIVE,1.673662758,1.186,2.3135,3.16E+02,23.42,0.0285,1729,2106.67,33.4,6444,4.433,1.053,14.576
FALSE POSITIVE,5.93717724,6.282,5.355,2.55E+04,594.32,0.0643,1005,241.6,56.3,5780,4.438,1,18.358
FALSE POSITIVE,3.89043062,0.025,6.596,1.95E+02,1.24,0.0454,1106,354.22,14.4,5646,4.449,0.896,15.204
FALSE POSITIVE,16.8282542,0.7071,39.098,6.55E+02,2.66,0.1319,668,46.95,78.3,5575,4.496,0.972,14.889
FALSE POSITIVE,2.489549075,1.33,2.4345,2.83E+03,59.57,0.0359,1708,2007.56,160.6,6184,4.138,1.406,13.368
CONFIRMED,1.644221032,0.942,2.9122,4.78E+01,1.18,0.0293,1897,3071.95,24.1,6297,4.26,1.369,13.147
FALSE POSITIVE,4.469731089,1.268,5.257,3.16E+03,84.63,0.0574,1614,1604.34,286.7,5758,3.808,2.318,13.246
FALSE POSITIVE,1.731803197,0.63,5.6803,4.46E+04,22.87,0.0285,1526,1285.11,221.1,5761,4.426,1.029,15.449
FALSE POSITIVE,2.64830047,0.873,2.6395,1.27E+04,126.54,0.0457,3042,20225.84,79.8,4839,2.761,9.278,12.858
CONFIRMED,17.2653659,0.007,5.02,6.79E+01,1.16,0.1412,888,146.92,13.9,6388,4.244,1.402,12.556
FALSE POSITIVE,3.486318703,1.138,2.7904,6.01E+04,54.53,0.0451,1201,491.1,190.7,5780,4.438,1,17.914
FALSE POSITIVE,1.705780649,1.231,1.6271,1.55E+04,25.95,0.0234,1101,348.32,31.8,4970,4.665,0.591,15.77
FALSE POSITIVE,7.45306683,10.337,4.7617,4.66E+04,1044.28,0.0748,932,178.53,84.3,5780,4.438,1,17.3
FALSE POSITIVE,2.929299629,1.025,7.102,8.39E+04,51.67,0.0402,1272,618.11,374.6,5780,4.438,1,17.382
FALSE POSITIVE,5.50811352,1.215,2.9516,4.04E+04,34.03,0.054,778,86.57,100.5,5188,4.687,0.624,17.065
FALSE POSITIVE,0.569115097,0.444,3.5028,5.86E+05,156.15,0.0152,3357,29827.37,229.6,7174,4.13,1.705,16.747
FALSE POSITIVE,2.529073751,1.263,1.8827,1.57E+03,25.8,0.0344,1137,395.83,73.4,5465,4.598,0.766,15.573
CANDIDATE,202.1168173,0.906,4.683,2.70E+03,5.8,0.6666,286,1.59,56.3,5536,4.498,0.917,13.922
FALSE POSITIVE,0.916326699,0.988,3.1427,9.64E+04,50.7,0.0188,1917,3196.67,251.6,6046,4.486,0.972,15.896
CONFIRMED,33.0405509,0.431,3.3613,5.77E+02,2.36,0.1943,561,23.4,27.5,5688,4.415,0.971,14.534
FALSE POSITIVE,1.306723495,1.229,6.606,1.25E+04,27.42,0.0202,1170,443.02,311.7,4651,4.612,0.657,15.984
FALSE POSITIVE,0.7967202,0.839,4.25304,1.68E+05,56.89,0.0169,1964,3497.4,716.6,5780,4.438,1,17.656
FALSE POSITIVE,359.102042,1.201,16.949,1.10E+03,28.76,1.0368,290,1.67,26.5,6355,4.41,1.108,13.906
CONFIRMED,160.130899,0.791,13.775,1.18E+03,6.67,0.6276,450,9.68,32.4,6092,4.056,1.759,15.13
FALSE POSITIVE,2.69634575,0.54,3.785,1.85E+02,1.46,0.0362,1287,650.06,35.4,5418,4.335,1.051,14.544
FALSE POSITIVE,2.553924603,1.258,9.835,1.68E+03,32.67,0.0377,1352,789.69,100.5,5993,4.489,0.986,15.755
FALSE POSITIVE,8.487871809,0.941,4.19829,1.19E+05,46.24,0.0805,798,96,483.9,5553,4.558,0.855,16.947
FALSE POSITIVE,5.50817321,0.739,3.6845,2.27E+05,39.18,0.0541,768,82.55,268.7,5051,4.663,0.644,17.779
FALSE POSITIVE,6.142812722,0.477,6.0751,9.66E+04,31.9,0.0658,994,230.71,316.1,5780,4.438,1,16.152
FALSE POSITIVE,175.0658609,1.149,4.5181,4.51E+04,40.63,0.5936,312,2.24,320.6,6021,4.57,0.819,15.62
FALSE POSITIVE,20.8392148,0.894,2.3321,1.78E+05,51.9,0.1341,584,27.45,197.6,5378,4.488,0.812,16.583
FALSE POSITIVE,9.50158045,0.444,5.0701,4.43E+05,73.07,0.088,860,128.99,314.9,5780,4.438,1,18.347
FALSE POSITIVE,19.226055,0.2579,2.949,3.27E+03,3.52,0.124,513,16.32,10.1,5193,4.689,0.621,17.065
FALSE POSITIVE,2.050435466,1.275,8.0122,7.77E+03,34.84,0.0291,1278,629.98,445.8,5440,4.496,0.825,14.808
CANDIDATE,10.72725536,1.056,1.7541,5.62E+04,12.85,0.0612,307,2.1,160.5,3324,5.006,0.268,16.415
FALSE POSITIVE,1.507101452,1.246,5.2005,1.58E+04,39.32,0.0238,1573,1453.29,273.5,5884,4.453,0.876,14.848
FALSE POSITIVE,1.274841686,1.128,3.5903,5.03E+04,63.68,0.0235,2025,3957.46,353,6211,4.247,1.281,14.034
CONFIRMED,4.02582434,0.017,2.8059,2.65E+02,1.79,0.0483,1169,440.08,23.9,5509,4.308,1.116,14.523
FALSE POSITIVE,2.845746618,0.126,13.0719,5.58E+05,135.99,0.0396,1667,1822.75,829.1,5641,3.948,1.776,15.833
FALSE POSITIVE,2.30120705,1.262,25.08,1.69E+03,28.64,0.0335,1254,583.42,132.5,5641,4.554,0.85,15.818
FALSE POSITIVE,337.377514,1.245,12.136,6.11E+03,37.23,0.958,271,1.28,60,6029,4.452,0.998,15.36
FALSE POSITIVE,389.2807504,,12.52,,,,,,,,,,15.36
FALSE POSITIVE,8.58965725,1.249,8.9793,1.16E+03,27.86,0.0822,828,111.01,107.8,5697,4.539,0.892,14.649
CANDIDATE,2.508116,0.472,2.504,1.88E+02,12.28,0.033,3662,42618.46,18.3,5096,2.435,8.769,15.357
FALSE POSITIVE,8.56751264,1.182,5.449,3.48E+02,23.05,0.0838,972,210.83,17.9,6212,4.42,1.054,14.943
FALSE POSITIVE,1.061934313,1.218,3.194,6.07E+02,15.14,0.0167,1104,352.77,70,4304,4.675,0.566,15.454
FALSE POSITIVE,2.406574511,1.187,3.4382,7.38E+02,26.22,0.0373,1481,1140.2,63.9,6167,4.428,1.107,15.42
FALSE POSITIVE,28.64338839,0.968,1.2246,6.24E+02,5.82,0.1917,871,136.32,23.1,6507,4.002,1.767,12.642
FALSE POSITIVE,96.231257,0.442,2.488,9.38E+02,29.26,0.4773,965,204.8,8.8,4895,2.674,9.529,13.648
FALSE POSITIVE,30.5528701,1.134,5.3367,6.35E+04,63.57,0.2007,685,51.9,510.8,6441,4.367,1.165,16.245
CONFIRMED,26.2347447,0.985,3.536,1.97E+02,2.76,0.1859,754,76.31,22,6297,4.26,1.369,13.147
CONFIRMED,160.8845197,0.284,10.8771,7.59E+03,9.09,0.5416,346,3.39,526.1,5650,4.313,1.044,12.888
FALSE POSITIVE,4.04506346,0.529,3.22222,3.60E+05,67.94,0.0498,1143,402.77,483.9,5780,4.438,1,17.705
CONFIRMED,141.2415405,0.12,6.7645,1.30E+04,11.49,0.5205,352,3.62,380.9,5705,4.397,1.017,14.524
CONFIRMED,217.8318429,0.004,21.306,9.15E+03,11.17,0.7545,343,3.29,1244.4,6259,4.385,1.167,11.69
CANDIDATE,16.0988294,0.017,5.686,1.60E+02,1.14,0.114,705,58.53,10.9,5657,4.401,0.911,14.55
FALSE POSITIVE,1.433262145,0.933,5.6316,1.85E+03,5.67,0.0237,1769,2319.46,159.3,5977,4.318,1.068,14.888
FALSE POSITIVE,0.782046543,0.633,1.9874,3.40E+05,43.07,0.0139,1372,836.18,534,4768,4.661,0.591,16.784
FALSE POSITIVE,5.663604992,0.785,1.4283,1.63E+05,54.55,0.0623,1021,257.36,169.4,5780,4.438,1,17.93
FALSE POSITIVE,18.07661035,1.074,3.1396,6.53E+04,39.16,0.1228,533,19.14,380.6,4848,4.55,0.764,16.636
FALSE POSITIVE,6.47173281,0.267,7.1964,6.47E+03,13.68,0.0731,1338,757.69,94.5,6318,4.079,1.685,14.35
FALSE POSITIVE,1.031100362,0.293,2.9759,1.29E+05,27.35,0.0187,1584,1491.65,178.5,5666,4.601,0.752,17.022
FALSE POSITIVE,0.597933142,0.634,3.47133,2.84E+05,63.46,0.0139,2161,5169.99,1490.3,5780,4.438,1,16.377
FALSE POSITIVE,5.36652724,0.985,8.367,3.12E+03,7.97,0.0588,982,219.72,50.7,5858,4.553,0.849,15.48
FALSE POSITIVE,1.540392098,1.184,3.7271,1.02E+03,17.63,0.0232,1210,506.98,87.2,4911,4.564,0.724,14.449
CONFIRMED,47.1484324,0.668,3.1347,1.11E+03,2.58,0.2317,391,5.5,54.5,4975,4.579,0.734,12.86
CONFIRMED,2.50475282,0.13,2.376,1.81E+02,1.48,0.0352,1369,828.59,18.9,5509,4.308,1.116,14.523
CONFIRMED,59.3627946,0.001,13.972,2.34E+02,2.23,0.2987,566,24.33,51.5,5786,4.106,1.471,12.07
CANDIDATE,247.891041,0.002,18.363,9.57E+02,4.74,0.833,367,4.27,34.6,6121,4.163,1.536,14.948
FALSE POSITIVE,2.199076661,1.22,6.11,7.77E+02,21.72,0.0312,1179,457.33,56.2,5310,4.565,0.791,15.339
CONFIRMED,1.79110997,0.028,2.0917,1.68E+02,1.29,0.0296,1549,1356.76,24.3,6040,4.469,0.999,14.496
FALSE POSITIVE,7.77241144,0.317,5.272,2.87E+02,1.69,0.0793,938,183.58,18.9,6014,4.486,0.993,15.327
CANDIDATE,1.99469354,0.643,5.297,7.51E+01,0.46,0.0249,758,78.2,8.9,3799,4.738,0.51,15.846
CONFIRMED,10.51421162,0.877,3.877,8.54E+01,1.25,0.1,943,187.06,21.6,6259,4.385,1.167,11.69
FALSE POSITIVE,11.34434745,0.692,5.9738,2.58E+05,62.52,0.099,810,101.92,437.2,5780,4.438,1,17.953
CONFIRMED,214.3120439,0.016,16.2938,4.52E+03,9.17,0.7655,380,4.93,562.8,6471,4.287,1.357,12.04
FALSE POSITIVE,0.876826336,0.481,3.6097,1.38E+05,37.24,0.0181,2042,4095,1338.1,6344,4.481,0.962,12.29
FALSE POSITIVE,208.8690972,1.056,4.5707,2.13E+04,29.95,0.6745,316,2.34,413.8,5914,4.421,0.987,14.461
CONFIRMED,7.2593226,0.366,6.1394,2.48E+02,1.57,0.0718,967,206.88,40.1,5914,4.421,0.987,14.461
FALSE POSITIVE,1.98663794,1.105,4.7585,6.32E+04,134.5,0.0411,3234,25932.61,193,9191,3.973,2.619,14.726
FALSE POSITIVE,13.54208867,0.985,4.9406,2.89E+04,26.65,0.1031,727,66.01,137.6,5496,4.405,0.927,16.9
FALSE POSITIVE,7.549303633,1.253,2.3665,1.02E+04,34.45,0.0734,794,93.96,177,5402,4.581,0.815,15.992
FALSE POSITIVE,0.77544539,1.272,1.8764,6.79E+03,35.53,0.0163,1883,2974.07,205.1,5861,4.546,0.865,15.64
CANDIDATE,164.950399,0.724,30.86,2.45E+04,11.23,0.5088,252,0.95,65.7,5001,4.603,0.664,15.473
FALSE POSITIVE,308.255238,0.018,11.959,6.37E+02,18.98,1.0759,576,26.05,13.8,4852,2.896,7.797,13.444
FALSE POSITIVE,3.46724809,0.953,11.01,1.32E+03,2.52,0.0369,841,118.15,107,4969,4.713,0.543,15.889
FALSE POSITIVE,7.4413445,1.286,2.8754,2.23E+03,43.5,0.0763,1136,393.59,66.4,6540,4.321,1.183,14.114
FALSE POSITIVE,4.618309224,1.247,3.6752,1.19E+03,25.43,0.0525,947,190.56,68.5,5452,4.572,0.815,15.757
FALSE POSITIVE,0.677761275,1.205,3.7085,8.78E+02,22.15,0.0148,1906,3136.01,120.8,5699,4.553,0.853,14.382
FALSE POSITIVE,2.845739012,1.213,11.9327,2.44E+04,44.7,0.0399,1294,663.42,488.6,5982,4.493,0.96,15.362
FALSE POSITIVE,175.358905,0.034,5.34,2.15E+02,2.9,0.5813,420,7.36,9.1,5109,3.757,2.02,13.385
CANDIDATE,0.582895412,1.011,1.0528,5.88E+02,5.87,0.014,2347,7152.6,87,6263,4.46,1.009,14.972
CANDIDATE,0.496069986,0.269,1.5568,1.29E+02,10,0.0112,6285,369989.68,22.1,5096,2.435,8.769,15.357
FALSE POSITIVE,12.42618005,0.935,28.1949,1.52E+03,3.48,0.0937,551,21.8,113.1,4624,4.619,0.684,15.889
FALSE POSITIVE,2.189090653,1.238,5.2094,1.03E+03,23.25,0.0314,1185,466.32,78.3,5401,4.593,0.777,15.875
CONFIRMED,5.33905606,0.02,1.6415,7.56E+02,1.9,0.0525,817,105.25,28.9,5057,4.573,0.704,15.362
FALSE POSITIVE,1.99492332,0.772,5.898,7.77E+01,0.94,0.0319,1451,1044.18,11.1,5957,4.498,0.971,15.634
CONFIRMED,23.2218115,0.913,2.744,2.10E+02,2.42,0.1622,746,73.08,16.9,5808,4.185,1.374,14.128
FALSE POSITIVE,3.351573993,0.011,2.8758,5.45E+04,24.15,0.0438,1282,638.3,192.4,5984,4.408,1.033,17.279
FALSE POSITIVE,8.097050622,0.592,5.6736,6.56E+04,24.01,0.0724,891,149.48,404.9,5753,4.423,0.894,16.474
FALSE POSITIVE,2.119107262,0.933,7.5384,1.25E+05,77.23,0.0329,1851,2775.75,347.3,6381,4.155,1.423,15.812
CANDIDATE,5.24088367,0.65,3.3656,8.53E+03,12.74,0.0607,1320,716.85,385.7,6452,4.241,1.305,14.014
FALSE POSITIVE,0.887691177,0.419,1.644,3.73E+01,1.53,0.02,2709,12704.16,20.8,5500,3.775,2.491,12.386
CONFIRMED,142.545,0.015,8.75,9.05E+02,2.52,0.5177,318,2.42,13.7,5642,4.542,0.846,15.99
CONFIRMED,240.7990472,0.647,16.666,5.02E+03,10.31,0.7655,342,3.22,170.1,5758,4.168,1.385,14.822
FALSE POSITIVE,0.888584158,0.453,2.25012,4.13E+05,43.7,0.0153,1211,507.14,691.2,4324,4.639,0.616,17.375
FALSE POSITIVE,0.865959015,3.068,1.9058,2.91E+05,144.5,0.014,1162,434.65,620.8,4561,4.788,0.469,16.44
FALSE POSITIVE,0.594276199,4.038,2.0188,2.21E+05,266.99,0.012,1564,1414.7,285.2,4756,4.603,0.667,15.985
FALSE POSITIVE,1.527491117,1.164,7.9136,3.35E+04,27.85,0.0217,988,224.31,298.6,4273,4.652,0.595,15.935
FALSE POSITIVE,0.566814046,0.633,4.049,4.21E+01,0.56,0.0127,2039,4073.9,23.8,5724,4.53,0.827,14.225
FALSE POSITIVE,0.61496383,0.506,1.93053,3.58E+05,44.79,0.0123,1460,1074.84,806.5,4509,4.612,0.663,17.453
FALSE POSITIVE,161.253747,0.912,25.322,2.60E+03,4.98,0.5559,295,1.8,54.7,5570,4.573,0.803,15.397
FALSE POSITIVE,2.974163938,0.736,1.7423,9.03E+04,34.74,0.0406,1266,605.99,88.6,5780,4.438,1,19.294
FALSE POSITIVE,15.84131693,1.247,1.8156,2.62E+03,670.04,0.1883,2252,6085.07,38.2,4993,2.399,19.695,13.724
CANDIDATE,6.13074243,0.9407,2.84,1.46E+02,1.26,0.0636,916,166.78,9.9,5741,4.556,0.833,14.523
CONFIRMED,9.2075634,0.898,3.365,1.24E+03,5.5,0.0865,972,211.08,43.4,5678,4.215,1.303,14.026
CONFIRMED,2.5903958,0.725,2.088,3.31E+02,2.55,0.0371,1484,1147.44,18.3,5678,4.215,1.303,14.026
CONFIRMED,5.3235335,0.804,2.714,3.42E+02,2.69,0.06,1167,438.71,14.6,5678,4.215,1.303,14.026
FALSE POSITIVE,0.831741499,1.298,2.297,1.23E+03,41.62,0.0185,2198,5501.14,110.9,6343,4.408,1.14,15.61
FALSE POSITIVE,4.44737112,0.978,19.45,2.24E+02,2.06,0.0501,1068,307.65,93,5472,4.382,0.981,14.016
FALSE POSITIVE,12.89301802,1.241,3.30029,1.60E+04,62.52,0.1108,1004,240.5,453,6387,4.178,1.408,15.517
CANDIDATE,5.44085762,0.735,2.119,1.38E+02,0.97,0.0568,892,149.44,9.3,5519,4.59,0.762,14.81
FALSE POSITIVE,4.532416322,1.183,3.2864,3.50E+04,62.25,0.0562,1328,735.27,175.6,6306,4.283,1.281,16.028
FALSE POSITIVE,2.26631937,,3.16,,,,,,,,,,16.028
FALSE POSITIVE,1.160153553,1.258,2.16452,1.23E+04,60.47,0.0217,2183,5363.78,552.8,6200,4.161,1.382,15.149
FALSE POSITIVE,4.032760214,1.224,2.7194,1.08E+04,378.61,0.068,2582,10499.43,150.9,4969,2.899,9.433,14.734
FALSE POSITIVE,3.723552982,0.629,3.5632,4.01E+04,18.83,0.046,1176,452.71,145.7,6063,4.51,0.89,16.72
CANDIDATE,6.714247798,0.557,3.3304,3.22E+04,14.78,0.0634,809,100.94,145.9,5159,4.508,0.8,17.376
FALSE POSITIVE,2.21396079,0.143,3.452,1.19E+02,0.87,0.0308,1123,375.04,9.6,4922,4.505,0.823,15.844
FALSE POSITIVE,11.35501209,0.473,14.557,1.97E+04,8,0.0815,534,19.29,221.4,4594,4.679,0.567,14.772
FALSE POSITIVE,1.195515251,1.281,5.0834,8.05E+03,49.33,0.0214,1959,3469.7,309.1,6040,4.271,1.155,13.998
CANDIDATE,2.60720833,0.644,2.6452,3.15E+03,7.31,0.04,1561,1403.43,185.3,6366,4.352,1.236,14.103
FALSE POSITIVE,5.80184753,0.478,3.9551,2.21E+04,14,0.0593,989,225.81,118.1,5687,4.426,0.921,16.605
FALSE POSITIVE,2.38404983,0.611,3.2849,3.13E+05,66.14,0.035,1363,815.42,195.3,5780,4.438,1,19.319
FALSE POSITIVE,5.24078259,1.223,5.238,5.93E+02,24.73,0.0586,1080,322.16,58.1,6192,4.503,0.917,14.483
FALSE POSITIVE,5.26641416,0.774,2.4404,2.24E+02,2.62,0.062,1421,964.18,37.8,6338,4.087,1.602,12.859
CONFIRMED,1.847892736,0.036,1.8904,3.23E+02,1.51,0.0288,1374,843.8,53.3,5763,4.557,0.842,14.216
FALSE POSITIVE,0.604358764,1.197,1.0423,3.87E+04,23.28,0.0106,997,235.63,236.8,3569,4.82,0.427,16.182
FALSE POSITIVE,11.3775281,1.415,12.918,1.65E+03,82.26,0.1124,1177,453.61,38.2,6943,4.162,1.66,13.93
FALSE POSITIVE,0.7981968,0.67,2.22035,2.58E+05,62.38,0.0169,1963,3497.4,453.9,5780,4.438,1,17.579
FALSE POSITIVE,0.695954898,0.103,1.469,3.18E+02,2.58,0.0168,2740,13264.33,8.5,6737,4.243,1.425,13.496
FALSE POSITIVE,0.948951607,0.959,4.3809,4.58E+05,115.31,0.0189,1853,2796.38,437.1,5780,4.438,1,18.241
FALSE POSITIVE,19.37070781,1.2,2.2466,6.53E+02,108.54,0.1714,1180,458.92,38.4,5321,3.416,4.335,12.956
FALSE POSITIVE,14.46993942,1.027,7.455,1.24E+03,85.84,0.1345,1713,2033.61,41.9,4735,2.715,9.043,14.962
FALSE POSITIVE,1.278555003,0.979,1.4247,1.48E+03,5.19,0.0223,1515,1241.92,93.8,5636,4.557,0.827,15.643
CONFIRMED,1.226223959,0.005,2.1689,5.61E+01,1,0.0218,2024,3973.86,18.9,5855,4.148,1.34,13.8
FALSE POSITIVE,2.244600029,1.185,1.9204,8.61E+03,27.47,0.0304,1190,475.37,42.6,5256,4.502,0.802,14.731
FALSE POSITIVE,181.8521773,1.189,5.7725,2.76E+04,46.38,0.6523,333,2.91,293.8,6063,4.476,1.012,15.684
FALSE POSITIVE,223.1127475,1.266,8.9683,1.15E+04,46.33,0.7194,332,2.87,224.5,6211,4.389,1.056,14.38
FALSE POSITIVE,15.64064161,0.522,6.4524,2.73E+05,77.18,0.134,921,169.73,206.3,6517,4.279,1.374,18.231
CONFIRMED,6.8873113,0.489,2.214,8.53E+01,0.72,0.0657,788,90.91,8.1,5208,4.563,0.772,12.957
FALSE POSITIVE,1.103978,,0.74,,,,,105.8,,,,,17.362
FALSE POSITIVE,43.8496474,0.02,2.217,4.52E+02,21.42,0.2921,1286,645.68,8.3,4893,2.644,10.363,13.457
FALSE POSITIVE,0.752158047,1.157,2.42733,3.79E+04,106.66,0.0175,2869,15978.36,510,5770,3.844,2.221,14.082
FALSE POSITIVE,3.796488133,1.306,11.0659,3.01E+03,40.83,0.049,1233,547.94,193.4,6137,4.46,1.018,15.534
CANDIDATE,17.7476059,1.25,5.066,8.77E+02,146.63,0.1904,1998,3768.37,7.6,8992,3.535,4.832,11.5
FALSE POSITIVE,1.233076007,1.312,12.506,1.39E+03,31.39,0.0218,1513,1237.97,129.3,5602,4.571,0.817,15.402
FALSE POSITIVE,21.5135234,2.441,77.983,1.58E+03,534.47,0.165,1006,242.54,171.5,5088,3.508,3.318,10.63
FALSE POSITIVE,19.4444573,0.634,5.509,1.82E+02,1.53,0.1477,749,74.47,7.1,6278,4.425,1.081,15.835
FALSE POSITIVE,1.1910489,1.257,1.3738,1.39E+03,22.76,0.0192,1348,781.99,46.1,5089,4.58,0.693,15.637
FALSE POSITIVE,0.546248198,0.946,2.1081,1.15E+05,54.23,0.0131,2227,5820.72,263.1,5780,4.438,1,18.55
CANDIDATE,2.18565886,0.394,1.966,3.56E+01,0.44,0.0307,1087,329.49,11.1,4997,4.598,0.746,12.906
FALSE POSITIVE,1.811966339,1.24,3.792,4.08E+02,95.19,0.0343,2573,10360.38,36.3,5904,3.602,3.348,13.493
FALSE POSITIVE,66.1539783,0.873,5.896,6.95E+03,9.69,0.3283,468,11.3,57.7,6077,4.471,0.999,15.52
FALSE POSITIVE,158.3226379,1.323,2.1881,4.86E+03,25.41,0.4719,211,0.47,34.5,4340,4.67,0.572,15.557
CONFIRMED,3.93276627,0.37,2.9403,2.35E+02,1.5,0.047,1140,399.84,30.7,5688,4.415,0.971,14.534
CONFIRMED,198.680859,0.746,8.282,6.45E+02,2.79,0.6364,297,1.83,16.6,5330,4.366,1.013,15.001
FALSE POSITIVE,1.592634161,0.877,8.9488,1.55E+05,100.2,0.0292,2255,6128.09,1207.6,6574,4.061,1.768,14.915
FALSE POSITIVE,3.31577795,0.633,4.2349,9.46E+04,27.77,0.0415,1104,349.78,124.6,5528,4.516,0.849,17.772
FALSE POSITIVE,2.990252395,1.117,7.8462,2.16E+05,89.85,0.0407,1264,603.02,541.7,5780,4.438,1,17.9
FALSE POSITIVE,2.08043378,5.106,7.708,6.86E+03,510.48,0.0334,1629,1661.27,289.1,6377,4.399,1.119,13.858
FALSE POSITIVE,4.944046127,0.964,4.50334,1.13E+05,54.29,0.0569,1069,308.53,537.2,5780,4.438,1,16.237
FALSE POSITIVE,4.464565251,1.046,4.0221,7.41E+04,43.21,0.0522,1024,259.97,286.4,5743,4.553,0.853,17.296
FALSE POSITIVE,1.523298835,0.41,5.9083,1.95E+05,38.95,0.0241,1404,919.42,174.4,5311,4.469,0.866,17.38
FALSE POSITIVE,3.539631353,1.091,1.5372,1.23E+03,39.34,0.0514,2214,5689.3,163.5,7021,3.759,2.629,12.305
FALSE POSITIVE,6.195861785,3.38,2.6078,3.51E+03,215.89,0.0638,883,143.74,83.5,5608,4.573,0.813,15.431
FALSE POSITIVE,0.566805514,0.027,4.367,8.53E+01,0.82,0.0127,1920,3193.9,25.1,5115,4.439,0.917,14.943
FALSE POSITIVE,27.961084,1.02,3.8741,6.27E+03,21.5,0.1916,796,94.86,106,6770,4.249,1.361,14.069
FALSE POSITIVE,186.5168116,0.972,3.1968,5.75E+03,37.5,0.7185,452,9.83,126.9,5018,3.639,2.99,13.529
FALSE POSITIVE,197.1455327,1.251,2.1145,5.66E+03,72.16,0.7904,498,14.53,56.8,7214,4.093,1.935,12.962
FALSE POSITIVE,0.532087933,0.279,3.45028,5.10E+05,74.83,0.0129,2247,6002.61,1069.5,5780,4.438,1,18.852
FALSE POSITIVE,3.204222652,1.258,2.7952,8.98E+02,23.55,0.0397,979,217.46,45.5,5139,4.609,0.741,15.341
FALSE POSITIVE,0.687898282,0.337,3.96401,2.94E+05,55.58,0.0153,2062,4267.13,1571.6,5780,4.438,1,17.49
FALSE POSITIVE,2.178154774,1.223,3.5302,6.63E+02,19.46,0.0303,1180,457.16,89.2,5515,4.624,0.712,14.489
FALSE POSITIVE,0.99466172,1.244,1.576,1.37E+03,31.84,0.0182,1898,3078.85,21.5,5750,4.332,1.021,14.997
FALSE POSITIVE,359.00688,1.263,32.16,2.02E+03,28.57,0.9456,237,0.74,35.3,5715,4.537,0.834,15.164
CONFIRMED,1.138548215,0.545,2.1482,6.62E+01,1.45,0.022,2537,9805.45,31.5,6520,4.01,1.713,13.194
FALSE POSITIVE,121.0598037,1.2,3.112,1.56E+03,1680.99,0.5714,1792,2437.81,16.6,3942,1.101,60.688,13.353
FALSE POSITIVE,0.721335207,0.103,1.509,3.18E+01,0.54,0.0158,2162,5166.26,12,6328,4.489,0.948,13.982
FALSE POSITIVE,3.28274272,0.967,8.9,2.93E+02,1.85,0.0408,1136,392.7,68.2,5741,4.533,0.82,14.518
FALSE POSITIVE,1.231361934,0.972,5.433,4.71E+02,2.93,0.0217,1839,2707.51,94.7,6095,4.378,1.016,15.277
CONFIRMED,89.7224125,0.742,10.963,2.64E+02,2.21,0.394,508,15.69,25.6,6429,4.241,1.262,13.838
CONFIRMED,7.12766417,0.125,2.491,2.29E+02,1.21,0.0692,784,89.24,16,5159,4.548,0.821,14.839
FALSE POSITIVE,2.080431782,0.771,7.4997,8.94E+05,345.7,0.0387,2719,12956.98,1585.2,8344,4.04,2.115,16.448
CANDIDATE,3.52364689,0.004,3.439,7.42E+01,0.94,0.0469,1330,739.8,8.5,6269,4.412,1.085,14.46
FALSE POSITIVE,1.157804607,0.26,4.66082,6.06E+05,118.11,0.0231,2255,6116.99,1837.9,6510,4.219,1.425,14.62
FALSE POSITIVE,19.979098,0.576,10.5638,3.84E+04,22.98,0.1399,739,70.59,449.1,5907,4.296,1.126,16.299
FALSE POSITIVE,1.433262401,0.382,6.2205,4.29E+05,136.47,0.0281,2691,12427.14,599.8,7311,4.013,1.959,17.719
FALSE POSITIVE,23.8706941,1.293,3.4812,6.39E+03,49.6,0.1628,711,60.38,114.8,6022,4.308,1.166,14.219
CANDIDATE,4.78850084,0.343,2.099,6.65E+01,0.63,0.0515,889,147.95,7.2,5208,4.563,0.772,12.957
FALSE POSITIVE,0.566769068,0.773,3.011,4.00E+01,1.06,0.0127,2661,11897.94,14.9,5496,3.998,1.533,14.447
FALSE POSITIVE,6.2820426,0.989,7.941,1.41E+03,23.76,0.0797,2021,3938.81,103.3,6635,3.511,3.798,11.059
FALSE POSITIVE,0.97430309,1.169,2.1088,3.50E+04,37.62,0.0183,1643,1728.18,224,5688,4.583,0.786,15.783
CANDIDATE,141.7340306,0.912,1.5851,7.74E+03,10.3,0.5185,329,2.77,157.4,5606,4.478,0.918,13.891
FALSE POSITIVE,119.686505,1.221,29.33,8.43E+02,23,0.4546,341,3.21,27.1,5715,4.537,0.834,15.164
FALSE POSITIVE,53.556625,0.879,16.18,3.96E+03,26.31,0.3551,1076,317.03,22.1,7643,3.639,3.618,11.142
CANDIDATE,433.220461,0.178,2.725,7.25E+02,2.07,1.0084,203,0.4,9.5,5232,4.519,0.777,14.546
CONFIRMED,1.210693626,0.597,1.434,1.59E+02,0.99,0.0203,1351,784.51,41.6,5014,4.559,0.756,12.914
CONFIRMED,1.090011003,0.531,1.5,1.75E+02,1.04,0.0197,1402,911.28,12.6,5081,4.596,0.77,15.753
CANDIDATE,18.2572722,0.412,3.434,1.58E+02,0.94,0.1236,547,21.16,17.3,5014,4.559,0.756,12.914
CONFIRMED,34.2115022,0.034,4.947,2.74E+02,1.15,0.1894,427,7.82,20.7,4955,4.61,0.721,14.017
FALSE POSITIVE,7.061149921,0.912,3.33515,1.31E+05,43.71,0.0683,842,118.87,631.5,5585,4.564,0.798,17.115
FALSE POSITIVE,2.682767439,0.509,4.58143,3.94E+05,70.67,0.0379,1310,695.41,508.4,5780,4.438,1,17.743
FALSE POSITIVE,3.711012492,1.272,3.3394,7.56E+03,46.24,0.0478,1310,695.05,257.4,6141,4.365,1.117,13.789
FALSE POSITIVE,1.780982447,0.002,3.4297,3.58E+05,60.45,0.0288,1502,1204.3,324,5780,4.438,1,16.485
FALSE POSITIVE,1.815632406,1.04,3.35773,6.16E+04,108.78,0.0395,3429,32652.55,1413.9,9954,4.07,2.408,14.42
FALSE POSITIVE,205.5833309,1.215,6.0353,2.49E+04,42.69,0.6826,323,2.58,216.1,6328,4.516,0.915,15.247
FALSE POSITIVE,4.309067482,1.993,2.21,2.36E+04,101.41,0.0474,882,142.6,82,4897,4.526,0.789,16.77
FALSE POSITIVE,36.4721523,0.738,2.673,5.26E+01,0.7,0.2145,527,18.29,7.7,5853,4.529,0.895,11.894
FALSE POSITIVE,111.0396205,0.851,25.751,9.36E+03,8.6,0.4038,335,2.97,201.9,5470,4.509,0.777,14.587
FALSE POSITIVE,3.187087241,0.665,7.2897,1.29E+05,928.96,0.0598,4037,62743.06,197,4599,2.137,23.673,16.988
FALSE POSITIVE,1.023470248,1.409,2.3804,1.30E+05,100.39,0.0199,1807,2522.39,262.2,5780,4.438,1,17.506
FALSE POSITIVE,0.875267982,1.258,1.6038,1.17E+04,39.19,0.0162,1910,3157.34,44.9,5821,4.402,0.898,15.207
FALSE POSITIVE,5.55260695,1.174,4.1178,7.28E+02,2674.69,0.0601,6436,404932.04,60.7,3306,0.273,116.965,9.687
FALSE POSITIVE,2.347479696,1.051,26.25,8.20E+04,60.5,0.034,1502,1207.51,261.1,5891,4.305,1.138,14.177
FALSE POSITIVE,1.13353095,0.117,3.17,1.85E+01,0.49,0.0216,2006,3840.87,11.1,6318,4.36,1.121,13.145
FALSE POSITIVE,0.890745373,0.599,1.9215,1.20E+05,36.92,0.0182,1892,3015.62,239.6,5780,4.438,1,18.59
CONFIRMED,440.7843755,0.424,21.693,2.58E+03,7.23,1.1455,308,2.14,181,6340,4.163,1.393,13.771
FALSE POSITIVE,2.723858181,0.913,1.4313,5.50E+03,7.13,0.0344,900,154.53,23.8,4416,4.57,0.733,15.561
FALSE POSITIVE,0.635441862,0.872,1.9827,1.48E+05,56.3,0.0145,2118,4750.98,317.1,5780,4.438,1,16.675
FALSE POSITIVE,3.255189932,0.447,2.7117,1.19E+02,1.39,0.0427,1390,880.52,38.3,5807,4.23,1.256,13.088
FALSE POSITIVE,2.531140101,1.249,20.399,1.18E+04,32.12,0.0342,1100,346.06,304.2,5325,4.607,0.75,15.209
CONFIRMED,0.938750221,0.013,1.3568,2.81E+02,1.46,0.0185,1676,1874.28,47.4,5497,4.527,0.886,14.86
FALSE POSITIVE,2.992704682,0.647,1.2585,3.61E+02,7.86,0.0491,2328,6932.19,39.9,5908,3.497,3.915,13.957
FALSE POSITIVE,6.12810722,1.159,2.824,2.34E+03,39.52,0.0744,1513,1237.9,17.5,7245,4.158,1.667,13.186
FALSE POSITIVE,2.115511511,1.278,8.5116,2.58E+04,36.16,0.0281,897,152.34,153.3,4188,4.615,0.661,15.582
FALSE POSITIVE,2.446736567,0.477,5.0201,4.16E+05,71.52,0.0356,1351,788.17,1037.3,5780,4.438,1,17.991
FALSE POSITIVE,21.3779536,0,24.872,2.55E+05,173.18,0.1447,1062,300.32,101.9,4905,3.3,3.484,19.065
FALSE POSITIVE,4.350460215,4.203,2.5276,5.04E+04,533.08,0.0552,1472,1107.34,247.2,6585,4.208,1.416,15.929
FALSE POSITIVE,22.77194512,1.263,10.1995,3.02E+04,251.93,0.1468,1254,584.54,208.6,5073,3.02,4.61,13.436
CONFIRMED,67.844689,0.368,11.757,2.11E+02,2.65,0.3473,592,29.08,18.9,5878,4.005,1.812,13.996
CONFIRMED,27.3214242,0.983,4.836,2.80E+02,3.61,0.1777,705,58.35,14.9,5592,4.115,1.451,14.513
FALSE POSITIVE,9.84883968,1.25,5.7425,2.20E+04,63.42,0.0955,1134,390.19,236.6,6938,4.281,1.31,16.35
FALSE POSITIVE,10.23335969,,7.55,,,,,,,,,,11.614
FALSE POSITIVE,227.6625222,1.25,5.5072,1.39E+04,44.24,0.7201,319,2.46,227.5,6124,4.414,1.007,14.984
FALSE POSITIVE,1.06100873,0.882,2.6715,6.37E+03,9.14,0.0193,1568,1434.99,174.9,5080,4.417,0.947,15.564
FALSE POSITIVE,0.623393802,1.137,1.40392,3.02E+04,28.21,0.0123,1379,849.08,867.8,4330,4.628,0.639,16.18
CONFIRMED,0.65355361,1.226,1.63,4.60E+03,22.95,0.0129,1437,1004.07,217.4,4550,4.622,0.66,15.692
CONFIRMED,2.3702932,0.003,1.666,2.25E+02,1.29,0.0344,1256,588.1,7,5668,4.545,0.868,15.54
FALSE POSITIVE,0.566793534,0.06,4.714,9.24E+01,122.64,0.0146,14667,10947554.55,40.4,3420,0.269,138.056,11.476
FALSE POSITIVE,1.873380717,0.27,10.1083,5.39E+05,89.79,0.0294,1669,1830.27,1513.7,5992,4.283,1.171,14.807
FALSE POSITIVE,1.87337894,0.883,9.1328,5.44E+03,51.11,0.0292,2925,17342.01,223.1,4740,2.9,5.721,12.708
FALSE POSITIVE,7.50023955,1.194,2.916,2.73E+02,21.06,0.0754,901,155.6,29,5849,4.517,0.919,13.61
FALSE POSITIVE,23.6270348,1.096,11.481,8.43E+03,21.71,0.1499,560,23.17,78.4,5305,4.477,0.857,16.375
FALSE POSITIVE,0.716709897,1.182,0.7466,9.33E+02,66.73,0.0146,3124,22605.13,47.6,5173,3.471,2.742,12.224
FALSE POSITIVE,2.248063246,1.225,5.1297,6.32E+02,30.38,0.0353,1566,1421.38,87.9,6325,4.409,1.112,14.434
FALSE POSITIVE,63.3278636,0.003,47.0744,1.15E+04,54.17,0.3047,896,152.49,619.6,4919,2.979,5.198,10.42
CONFIRMED,219.3215562,0.244,12.4124,3.63E+03,6.11,0.7391,313,2.27,93.8,6063,4.476,1.012,15.273
FALSE POSITIVE,245.4382021,1.001,14.502,1.13E+04,19.17,0.731,289,1.66,844.7,5637,4.383,0.99,12.777
FALSE POSITIVE,178.4129899,0.936,2.9298,3.75E+04,33.24,0.634,361,4,535.1,6078,4.346,1.148,13.944
FALSE POSITIVE,178.44973,,12.86,,,,,,,,,,13.944
FALSE POSITIVE,2.192004364,1.003,3.075,9.96E+04,37.56,0.0301,1118,369.54,298.7,5306,4.642,0.687,16.654
FALSE POSITIVE,3.900109346,0.733,3.9037,1.26E+05,40.37,0.047,1160,427.83,448,5791,4.424,0.969,16.597
FALSE POSITIVE,1.471060209,0.895,4.3708,1.48E+05,165.15,0.0318,3693,43941.18,563,8749,3.806,2.911,15.009
FALSE POSITIVE,0.73553763,,2,,,,,,,,,,15.009
FALSE POSITIVE,213.3990406,0.981,6.5043,1.39E+04,35.2,0.7882,468,11.32,370.9,6960,4.069,1.83,13.381
FALSE POSITIVE,6.40802979,1.287,2.9288,7.78E+03,51.44,0.068,1157,424.01,108.2,6261,4.293,1.194,14.078
CANDIDATE,2.38920105,,3.15,,,,,752.42,,,,,15.366
FALSE POSITIVE,0.962835804,0.836,4.9844,1.43E+04,458.02,0.0197,7100,602806.92,209.2,3982,1.464,32.244,10.82
FALSE POSITIVE,4.639602084,0.634,3.4636,2.51E+04,19.96,0.052,1285,643.95,131,6078,4.223,1.194,16.803
FALSE POSITIVE,2.991885335,0.95,7.4319,1.36E+03,3.94,0.0369,1209,505.77,160.2,5750,4.464,0.839,14.011
FALSE POSITIVE,1.327471395,0.897,5.2334,5.67E+03,7.08,0.0213,1395,892.4,218.7,5232,4.519,0.777,15.818
FALSE POSITIVE,0.566792595,0.068,2.637,1.99E+01,0.5,0.0132,2548,10020.28,9.4,6277,4.322,1.121,12.982
FALSE POSITIVE,1.247156944,25.224,2.6779,1.35E+05,26042.9,0.0252,4120,68223.38,92.4,4770,2.605,9.67,17.474
CANDIDATE,288.3128666,0.525,5.419,1.12E+04,13.21,0.846,300,1.93,96.8,5672,4.252,1.22,15.999
FALSE POSITIVE,2.119100054,1.247,8.2163,1.65E+03,34.34,0.0337,1571,1435.29,195.7,6292,4.426,1.078,13.835
FALSE POSITIVE,1.466535757,0.824,0.8222,1.35E+03,4.28,0.0246,1671,1849.31,86.1,5888,4.387,1.02,15.446
FALSE POSITIVE,8.870415578,1.206,1.2864,8.73E+02,39.46,0.0807,1151,414.26,43.8,6022,4.027,1.514,13.579
FALSE POSITIVE,1.49131759,0.467,4.721,2.58E+01,1.26,0.0279,2475,8873.77,10.3,6014,3.782,2.429,13.953
CONFIRMED,19.57783279,0.694,1.9857,4.33E+02,1.96,0.1409,621,35.14,37.2,5620,4.533,0.884,12.624
FALSE POSITIVE,3.04476607,1.159,9.568,2.73E+02,15.7,0.0398,1126,379.01,67,5627,4.568,0.818,14.506
CONFIRMED,70.9672087,0.545,6.9623,7.85E+02,2.84,0.3392,438,8.66,69.3,5818,4.464,0.986,12.72
FALSE POSITIVE,4.45543346,0.469,5.116,2.46E+05,51.69,0.0531,1106,354.27,508.6,5780,4.438,1,17.046
FALSE POSITIVE,14.32388995,1.073,4.83729,6.91E+04,45.93,0.115,720,63.62,834.3,5853,4.529,0.895,16.095
FALSE POSITIVE,20.42723232,5.499,3.46429,1.22E+05,601.32,0.148,749,74.27,526.6,6167,4.354,1.121,16.677
CANDIDATE,106.18732,0.027,10.29,2.66E+02,231.85,0.4546,2660,11829.18,8.6,3287,0.114,152.969,10.028
CONFIRMED,105.6552651,0.371,9.39,1.37E+03,4.22,0.4389,407,6.51,42.3,5741,4.331,1.136,15.356
FALSE POSITIVE,4.029803201,0.17,4.4301,1.91E+05,47.58,0.0501,1233,545.64,352.3,6024,4.385,1.078,16.936
FALSE POSITIVE,1.303858554,0.928,4.36797,1.27E+05,73.29,0.0238,2080,4438.11,904,6282,4.207,1.343,15.475
CANDIDATE,9.74765878,0.658,2.62,1.02E+02,0.78,0.0834,679,50.3,11.6,5176,4.612,0.738,14.29
CONFIRMED,3.18899015,0.526,2.722,6.62E+01,0.98,0.0434,1309,693.65,18.4,5700,4.327,1.176,13.351
CANDIDATE,309.89103,0.569,16.4,3.21E+02,2.15,0.9485,314,2.3,10.7,6450,4.386,1.155,14.706
FALSE POSITIVE,1.570518376,1.295,3.2035,2.21E+03,450.76,0.0385,4106,67267.85,76.7,5314,2.782,11.82,10.055
FALSE POSITIVE,115.9943364,0.028,2.4136,3.76E+04,13.66,0.4185,265,1.16,102.4,4530,4.566,0.735,15.852
FALSE POSITIVE,0.623441636,1.2127,1.46001,1.93E+04,29.19,0.0123,1711,2025.22,164.7,5319,4.612,0.654,15.626
FALSE POSITIVE,14.5417471,1.214,5.6067,1.09E+03,163.25,0.1308,1494,1176.23,71.2,5032,3.042,5.922,13.763
FALSE POSITIVE,2.81753381,1.373,2.1551,3.84E+03,52.91,0.0381,1494,1180.61,39.3,6313,4.325,1.098,14.248
CONFIRMED,0.762132307,0.399,1.22,6.37E+01,0.75,0.0162,1872,2913.14,11.5,5594,4.489,0.934,14.305
FALSE POSITIVE,56.6993107,1.264,7.0706,5.82E+03,539.16,0.3702,1261,598.36,76.3,4727,2.497,13.547,11.356
FALSE POSITIVE,161.252247,0.892,23.467,2.19E+03,4.49,0.5299,303,2,84.1,5555,4.502,0.811,14.178
FALSE POSITIVE,0.867719291,1.27,6.323,2.65E+03,37.79,0.0179,2106,4662.2,157.1,6220,4.398,1.056,14.445
CANDIDATE,1.803697292,0.405,1.5922,6.97E+01,1,0.0296,1783,2385.75,25.8,6438,4.33,1.166,10.762
FALSE POSITIVE,0.84112187,1.0871,2.0431,7.51E+04,39.34,0.0153,1514,1240.91,89.7,5048,4.571,0.707,16.055
FALSE POSITIVE,0.828326025,1.3292,1.42721,1.07E+04,49.67,0.0163,1845,2739.59,164.5,5400,4.382,0.978,15.044
FALSE POSITIVE,1.219324537,0.489,4.7501,3.79E+05,60.62,0.0211,1569,1432.21,241,5455,4.458,0.897,16.4
FALSE POSITIVE,2.401751509,5.25,2.0835,2.50E+04,268.75,0.0288,888,146.91,83.1,4577,4.688,0.557,15.927
FALSE POSITIVE,36.97709537,0.75,5.2063,2.17E+05,59.66,0.2177,546,21.08,204.9,5780,4.438,1,17.066
FALSE POSITIVE,16.37188364,1.066,3.44467,6.59E+04,70.73,0.1241,840,117.9,639.8,5642,4.114,1.415,15.879
FALSE POSITIVE,2.617284592,0.743,9.5545,2.31E+05,162.67,0.0386,2013,3885.11,1215.2,5510,3.641,2.649,16.304
FALSE POSITIVE,10.14873521,0.965,5.603,1.16E+05,71.11,0.0937,1045,281.19,250.9,6366,4.239,1.296,16.798
FALSE POSITIVE,2.897436854,0.642,3.2833,2.90E+05,64.69,0.0399,1277,627.44,274.2,5780,4.438,1,17.687
CONFIRMED,5.546083089,0.902,2.717,2.21E+03,22.27,0.078,2336,7027.09,56.4,7358,3.538,4.037,12.252
FALSE POSITIVE,6.87366398,0.958,7.0845,9.77E+03,12.01,0.0681,859,128.52,143.2,5662,4.575,0.805,15.933
FALSE POSITIVE,6.87366412,,4.85,,,,,,,,,,15.933
FALSE POSITIVE,0.668483494,0.773,2.4129,7.23E+05,138.76,0.015,2082,4439.53,334.3,5780,4.438,1,18.792
FALSE POSITIVE,1.070272827,1.269,4.2844,9.89E+03,28.73,0.0182,1224,528.52,284,4628,4.651,0.653,15.926
FALSE POSITIVE,0.977170246,0.646,3.4842,1.51E+02,5.08,0.0231,3226,25506.22,94.5,5596,3.48,3.938,12.439
FALSE POSITIVE,1.135930136,1.282,4.5036,2.72E+04,52.05,0.0215,1836,2683.57,551.7,6247,4.489,0.954,15.524
FALSE POSITIVE,1.801863222,0.681,7.2492,2.63E+05,145.36,0.0342,2721,12930.1,463.4,7479,3.919,2.324,12.796
FALSE POSITIVE,54.77145968,0.637,37.1871,7.22E+03,34.32,0.3299,777,86.12,751.1,5145,3.466,3.866,13.939
FALSE POSITIVE,1.674690886,1.212,2.0179,5.27E+02,29.78,0.028,1813,2558.96,118.6,6397,4.331,1.157,13.593
CANDIDATE,1.013774136,1.161,1.2774,3.39E+04,18.59,0.0147,827,110.51,166.8,3644,4.871,0.389,16.758
CANDIDATE,290.1401717,0.935,2.1583,4.84E+03,11.58,0.8431,304,2.02,69.1,5631,4.212,1.263,13.906
CONFIRMED,161.515617,0.001,6.548,2.22E+03,2.88,0.503,211,0.47,25.2,4243,4.637,0.641,15.561
FALSE POSITIVE,2.112405306,1.207,2.5845,4.89E+02,19.01,0.0303,1225,533.2,42.2,5562,4.601,0.756,14.811
FALSE POSITIVE,1.870990236,1.193,1.8432,6.43E+02,26.1,0.031,1668,1824.38,37.4,6384,4.419,1.086,15.546
FALSE POSITIVE,5.56648691,0.935,10.931,6.95E+02,43.67,0.0795,2618,11089.75,103.6,4694,2.564,12.701,9.837
FALSE POSITIVE,1.33253834,0.164,3.737,6.24E+01,0.64,0.023,1453,1051.03,9.7,5520,4.572,0.818,15.627
FALSE POSITIVE,1.241483276,1.227,2.195,1.41E+02,27.25,0.0226,1847,2761.35,32,6140,4.394,1.053,13.482
FALSE POSITIVE,3.01551943,0.851,3.1713,1.60E+05,155.81,0.0447,1837,2692.16,367.3,5299,3.672,2.761,17.357
FALSE POSITIVE,2.112395777,1.285,2.7714,2.63E+05,115.26,0.0323,1419,957.45,243.2,5780,4.438,1,17.388
CONFIRMED,14.8444836,0.149,6.091,1.78E+02,2.49,0.1329,1092,336.06,10.5,6642,4.057,1.846,12.345
FALSE POSITIVE,2.252417903,1.198,1.9767,3.23E+04,27.09,0.0274,782,88.43,129.5,3979,4.699,0.544,15.625
FALSE POSITIVE,2.900613144,0.334,3.7357,1.65E+05,38.63,0.039,1289,650.9,617.7,5977,4.472,0.931,16.943
FALSE POSITIVE,174.7697122,1.036,2.3569,6.81E+04,38.79,0.588,294,1.77,100.4,5704,4.575,0.804,15.549
FALSE POSITIVE,31.43284649,0.815,5.3541,1.79E+05,57.21,0.1953,577,26.19,154,5780,4.438,1,17.481
CANDIDATE,1.72110057,0.767,1.922,2.97E+01,0.7,0.0288,1607,1575.2,9.3,5700,4.327,1.176,13.351
FALSE POSITIVE,9.72675447,4.676,19.6214,6.64E+03,995.22,0.102,1363,815.99,366.4,6327,3.84,2.433,13.211
FALSE POSITIVE,8.096939227,0.786,2.8833,1.43E+05,68.48,0.0835,1194,481.48,177.9,6572,4.208,1.418,17.637
FALSE POSITIVE,0.64234865,0.966,2.1184,3.96E+04,25.76,0.0136,1829,2653.37,231.7,5441,4.553,0.791,16.639
FALSE POSITIVE,130.4194187,1.258,4.165,2.29E+03,57.51,0.4888,473,11.79,90.4,5770,3.946,1.685,11.241
FALSE POSITIVE,1.78526527,1.262,6.2233,1.73E+03,41.19,0.0307,1815,2563.99,123.1,6505,4.342,1.228,14.026
FALSE POSITIVE,4.8591441,0.932,3.8588,2.18E+03,6.9,0.06,1303,681.41,81.6,6586,4.361,1.207,14.113
FALSE POSITIVE,5.95077813,0.881,5.6,7.62E+02,32.26,0.0897,2366,7394.55,71.9,5122,2.886,9.828,12.861
FALSE POSITIVE,99.673478,11.6846,0.968,2.50E+03,576.14,0.3403,262,1.11,12.6,4932,4.777,0.492,15.801
CANDIDATE,4.7425521,0.851,1.11,3.58E+03,7.27,0.0579,1159,426.49,10.9,6161,4.454,1.053,15.432
FALSE POSITIVE,0.955297055,1.193,1.7405,8.46E+02,18.16,0.0168,1550,1367.42,67.3,5319,4.548,0.734,15.45
FALSE POSITIVE,280.476576,0.974,32.24,6.51E+02,3.16,0.8331,268,1.22,38.7,5869,4.528,0.892,13.608
FALSE POSITIVE,152.8255989,0.409,22.688,2.17E+03,34.85,0.676,734,68.47,98.9,4991,2.933,7.506,13.226
CANDIDATE,47.1096306,1.23,5.741,7.52E+02,78.98,0.2648,751,75.4,35.1,5258,3.597,2.78,13.731
CONFIRMED,2.41660149,0.035,1.9699,8.36E+01,0.92,0.036,1343,770.05,33.7,5705,4.444,1.026,12.737
FALSE POSITIVE,4.252082243,1.268,2.7543,8.29E+03,33.14,0.0459,1064,303.48,254.8,5802,4.492,0.794,15.286
FALSE POSITIVE,14.18022831,0.795,4.5344,1.73E+05,62.41,0.1154,873,137.11,472.3,6289,4.33,1.142,17.427
CONFIRMED,282.5253558,0.248,10.7965,9.75E+03,8.98,0.836,264,1.15,696,5725,4.506,0.913,12.62
FALSE POSITIVE,1.87887673,0.441,6.60887,8.24E+05,148.25,0.0304,1846,2750.37,3176.9,6569,4.281,1.235,13.244
FALSE POSITIVE,17.79391159,0.692,4.3194,9.34E+04,33.3,0.1337,697,55.88,247,5780,4.438,1,16.328
FALSE POSITIVE,7.942583252,1.522,7.0612,8.83E+04,219.02,0.0781,1285,644.35,855.4,5516,3.765,2.178,15.994
FALSE POSITIVE,15.85231085,6.286,4.8707,4.38E+05,679.44,0.1238,725,65.17,252.4,5780,4.438,1,17.518
FALSE POSITIVE,2.415925551,0.511,9.7769,5.61E+05,300.82,0.0445,3329,29070.1,1598.3,8796,3.711,3.278,14.467
FALSE POSITIVE,0.656201038,1.439,4.17901,1.75E+05,112.77,0.0152,2157,5094.25,2065.8,6025,4.472,0.999,15.168
FALSE POSITIVE,2.617280959,3.651,9.661,3.09E+03,395.94,0.038,1689,1918.98,262.4,6432,4.207,1.345,13.306
CANDIDATE,18.577903,0.105,20.11,9.98E+01,1.36,0.1402,879,140.97,6.6,6432,4.207,1.345,13.306
FALSE POSITIVE,1.412524016,0.846,5.74859,1.76E+05,68.92,0.0261,1978,3627.17,1475.4,6690,4.375,1.174,14.964
FALSE POSITIVE,5.77676732,1.273,6.822,5.79E+03,26.2,0.0542,670,47.55,74.1,4401,4.621,0.645,15.466
CONFIRMED,88.40678718,0.535,12.3079,1.72E+03,4.55,0.392,410,6.65,328,5611,4.388,1.073,12.16
FALSE POSITIVE,3.635723653,0.677,2.1862,8.00E+01,1.23,0.0476,1478,1126.72,43.1,6422,4.249,1.295,11.826
FALSE POSITIVE,369.181947,0.021,3.239,9.13E+02,2.6,0.9894,245,0.85,9.9,5959,4.546,0.859,14.433
FALSE POSITIVE,45.3968385,1.235,4.477,1.36E+03,21.23,0.2293,437,8.62,38.9,5649,4.633,0.705,15.024
FALSE POSITIVE,15.160166,0.228,5.856,3.08E+02,2.09,0.1212,821,107.59,26.1,5940,4.3,1.191,13.59
FALSE POSITIVE,2.63009438,1.195,11.226,3.89E+02,25.55,0.0389,1480,1135.97,69.4,6338,4.418,1.091,14.651
FALSE POSITIVE,9.40527028,1.212,2.076,4.71E+02,25.39,0.0888,938,182.72,20.7,6347,4.464,0.996,14.685
FALSE POSITIVE,4.15713766,0.121,1.808,7.70E+01,1.17,0.055,1401,908.82,9.2,6470,4.301,1.324,12.28
FALSE POSITIVE,3.2136904,0.57,2.205,5.58E+01,1.22,0.0464,1591,1515.7,19.2,6184,4.151,1.579,12.618
FALSE POSITIVE,2.87066026,0.286,1.541,4.51E+02,1.72,0.0378,1196,484.17,13.2,5910,4.578,0.796,15.413
FALSE POSITIVE,31.24611088,,4.76,,,,,,,,,,14.706
FALSE POSITIVE,82.37208458,,6.35,,,,,,,,,,14.688
FALSE POSITIVE,0.991105114,0.623,2.2137,2.86E+05,36.87,0.0162,1257,589.31,273.8,4769,4.673,0.578,16.948
FALSE POSITIVE,12.42558039,1.222,57.2012,1.13E+03,21.34,0.0961,563,23.83,58.8,4594,4.58,0.743,14.652
CONFIRMED,138.944022,0.195,10.611,5.30E+02,2.57,0.5329,384,5.13,28,6014,4.362,1.115,14.208
FALSE POSITIVE,12.4260454,0.967,27.7691,5.82E+02,2.64,0.1015,706,58.88,55.7,5645,4.569,0.817,15.604
FALSE POSITIVE,12.4260002,0.971,30.1966,4.69E+02,2.39,0.1015,706,58.88,47.8,5645,4.569,0.817,15.604
FALSE POSITIVE,1.50650136,0.556,3.1126,6.69E+01,0.8,0.0238,1562,1403.44,41.9,5607,4.381,0.948,12.903
CANDIDATE,0.968026356,0.055,0.7143,2.13E+02,1.78,0.0207,2167,5205.91,32.6,6469,4.385,1.193,14.479
FALSE POSITIVE,1.179969562,1.244,1.9745,1.11E+03,120.02,0.0262,2960,18136.88,277.9,5500,3.491,3.899,12.989
FALSE POSITIVE,10.10176739,1.251,2.1267,6.02E+02,26.09,0.09,829,111.86,28.8,6058,4.54,0.867,14.694
CANDIDATE,10.57910009,0.404,1.4553,3.29E+02,2.03,0.0986,929,175.79,17.9,6323,4.418,1.093,14.572
CONFIRMED,1.480283464,0.058,2.486,6.05E+01,0.97,0.0257,1822,2597.27,21.3,5897,4.25,1.259,13.522
FALSE POSITIVE,15.42040937,0.955,2.3707,1.48E+04,16.62,0.1173,661,45.03,268.5,5468,4.505,0.88,15.596
CONFIRMED,9.97682072,0.022,3.4873,9.67E+02,2.85,0.0849,802,97.85,31.3,5500,4.416,0.928,14.943
FALSE POSITIVE,61.4913415,0.92,9.627,3.69E+03,4.57,0.256,323,2.58,70.5,4796,4.656,0.598,15.943
CANDIDATE,5.0263815,0.185,4.384,7.72E+01,0.84,0.0551,1065,305.12,8.5,5783,4.418,0.962,14.877
FALSE POSITIVE,16.00351679,1.209,4.001,6.68E+02,18.01,0.11,586,27.83,29.9,5283,4.594,0.695,14.733
FALSE POSITIVE,1.86390886,1.2,4.414,1.76E+02,77.99,0.035,2902,16718.87,18.3,6689,3.594,3.381,13.027
FALSE POSITIVE,2.03743942,0.102,3.103,1.13E+02,0.82,0.0295,1299,673.94,16,5751,4.577,0.774,15.047
FALSE POSITIVE,332.74984,0.1296,14.77,5.18E+02,2.55,0.9616,302,1.97,8.7,6372,4.375,1.112,15.487
FALSE POSITIVE,45.60304785,,8.35,,,,,,,,,,15.206
FALSE POSITIVE,2.4681015,0.689,2.83,1.73E+02,1.22,0.0334,1244,564.74,22.1,5516,4.466,0.872,14.874
FALSE POSITIVE,12.53449909,,6.02,,,,,,,,,,15.725
FALSE POSITIVE,215.15218,0.2999,19.97,2.64E+02,1.36,0.6824,287,1.61,6.7,5914,4.563,0.828,15.075
FALSE POSITIVE,3.17275711,0.03,5.404,3.13E+02,1.27,0.0394,966,206.07,30.1,5058,4.61,0.739,15.936
CANDIDATE,6.68231249,0.892,3.251,4.87E+01,2.09,0.0764,1350,784.74,12.3,5343,3.764,2.506,13.052
FALSE POSITIVE,0.73619448,0.689,1.1148,2.47E+02,1.84,0.0167,2268,6218.56,27.2,6355,4.418,1.09,15.145
FALSE POSITIVE,10.18670759,0.677,7.498,2.61E+02,0.95,0.0756,477,12.29,35.5,3995,4.694,0.555,14.651
FALSE POSITIVE,365.994154,0.8353,13.071,6.99E+02,2.87,0.9997,263,1.14,23.8,6074,4.466,0.965,14.05
FALSE POSITIVE,0.54028956,1.181,3.619,2.94E+02,21.45,0.0134,2279,6356.72,58.4,5997,4.483,0.993,14.568
FALSE POSITIVE,2.49047468,0.522,2.2003,2.22E+02,1.53,0.0358,1413,940.43,20.7,6067,4.433,0.997,15.429
FALSE POSITIVE,2.17257963,1.107,1.5794,3.36E+02,13.55,0.0299,1518,1254.52,27.1,6038,4.34,0.971,14.845
FALSE POSITIVE,3.307669761,0.602,1.672,2.43E+02,3.87,0.0486,1840,2710.89,66.7,5959,3.829,2.382,12.936
FALSE POSITIVE,3.183961388,0.677,3.7875,3.93E+04,37.22,0.0429,1615,1608.01,339.2,5716,3.963,1.76,12.678
FALSE POSITIVE,48.507991,0.944,8.984,2.89E+02,2.06,0.2621,511,16.08,11.4,6031,4.476,0.966,15.365
FALSE POSITIVE,0.759766456,1.238,5.323,4.81E+02,29.02,0.0168,2128,4850.1,73,6174,4.455,1.026,15.932
FALSE POSITIVE,1.219034472,0.075,2.151,6.92E+03,9.82,0.0232,1845,2734.97,99.2,5833,4.333,1.192,14.914
FALSE POSITIVE,7.37339245,1.104,2.883,1.25E+02,13.73,0.0741,1098,344.18,36.6,6484,4.36,1.093,12.197
FALSE POSITIVE,4.70847097,0.418,6.0503,3.26E+04,19.58,0.0552,1202,493,607.2,6214,4.391,1.061,14.417
FALSE POSITIVE,2.404556949,0.97,7.4918,4.09E+02,4.69,0.0372,1958,3474.41,147.1,6426,4.013,1.775,13.474
CANDIDATE,66.119119,0.256,3.086,8.62E+02,3,0.3322,452,9.89,9.8,5828,4.462,1.028,15.978
CANDIDATE,0.982090079,1.278,1.44892,5.40E+03,29.95,0.0176,1568,1426.18,304.1,5472,4.573,0.742,15.933
FALSE POSITIVE,2.972047661,1.207,1.198,5.95E+03,24.74,0.036,881,142.01,20,4491,4.58,0.711,15.772
FALSE POSITIVE,2.237180102,0.374,1.4734,4.94E+02,1.75,0.031,1134,390.02,23.3,5080,4.538,0.793,15.938
FALSE POSITIVE,0.93374232,1.188,6.552,3.51E+02,18.29,0.018,1638,1706.25,49.1,5553,4.577,0.806,15.239
FALSE POSITIVE,134.76309,,8.77,,,,,,,,,,14.922
FALSE POSITIVE,0.495434094,0.009,1.2496,2.88E+02,1.57,0.012,2151,5088.43,57.2,5529,4.471,0.936,14.672
FALSE POSITIVE,8.48031302,0.765,5.988,1.07E+02,2.74,0.0887,1510,1229.56,20.2,6541,3.778,2.43,13.124
FALSE POSITIVE,5.40534383,,2.32,,,,,,,,,,14.313
CANDIDATE,0.66682654,0.856,0.7847,5.12E+02,1.49,0.0123,1183,461.55,33.4,3993,4.696,0.554,15.745
FALSE POSITIVE,0.882131829,0.968,6.8106,3.62E+03,8.13,0.0175,1963,3510.31,70.6,6168,4.482,0.911,15.039
FALSE POSITIVE,0.489682339,0.441,1.7495,4.32E+05,37.47,0.01,1251,580.4,628.2,3898,4.735,0.53,16.946
CONFIRMED,364.751562,0.875,13.057,1.48E+03,2.89,0.8507,166,0.18,25.5,4386,4.629,0.63,15.188
FALSE POSITIVE,2.189098506,1.258,5.1498,2.53E+03,29.7,0.0325,1288,651.22,194.9,5681,4.551,0.859,15.753
FALSE POSITIVE,0.7088055,1.238,3.6789,1.76E+04,41.08,0.0153,2035,4055.22,195.6,5989,4.5,0.908,15.036
FALSE POSITIVE,88.821421,1.6227,9.35,3.94E+02,234.99,0.4209,634,38.13,7.8,5081,3.484,3.365,13.747
FALSE POSITIVE,1.507761203,1.292,3.096,2.77E+03,31.77,0.0242,1301,675.11,153.1,5069,4.53,0.818,15.583
FALSE POSITIVE,1.506019633,0.528,2.408,1.37E+02,1.08,0.0242,1628,1660.03,18.8,6065,4.454,0.896,15.005
FALSE POSITIVE,0.572513875,0.04,2.353,4.93E+01,0.52,0.0125,1779,2365.45,10.2,5171,4.576,0.76,15.078
FALSE POSITIVE,35.14578122,1.276,2.253,6.79E+03,32.5,0.1951,480,12.6,86.8,5437,4.554,0.783,15.838
FALSE POSITIVE,3.690317047,1.151,1.3784,4.66E+02,20.23,0.0469,1280,634.09,43,6120,4.395,1.054,14.336
CONFIRMED,105.9566815,0.322,6.9988,2.29E+03,3.79,0.4217,324,2.59,51.8,5327,4.581,0.8,15.795
FALSE POSITIVE,2.95600563,0.408,2.6717,7.61E+01,0.81,0.039,1211,509.55,35.5,5668,4.472,0.916,12.58
FALSE POSITIVE,11.80570754,1.015,2.0494,2.05E+03,18.48,0.1018,1153,417.85,124.9,6065,3.888,1.891,12.829
FALSE POSITIVE,25.3710555,0.742,3.739,7.86E+01,1.43,0.174,779,87.17,8.3,6029,4.127,1.494,13.78
CANDIDATE,1.38680229,1.115,1.7065,2.42E+02,29.33,0.0288,2530,9703.01,84.4,6823,4.04,2.037,12.655
FALSE POSITIVE,8.58966893,0.012,6.962,4.30E+02,155.18,0.0958,4900,136317.25,47.5,3837,0.829,80.307,13.866
FALSE POSITIVE,4.468456599,1.207,1.4195,9.07E+02,24.81,0.0541,1081,321.94,39.1,5869,4.513,0.942,13.954
FALSE POSITIVE,0.933754669,0.728,4.048,8.93E+01,1.48,0.0192,2475,8881.31,43.2,6443,4.146,1.457,13.343
FALSE POSITIVE,86.79876649,,2.99,,,,,,,,,,15.092
FALSE POSITIVE,164.5750675,,9.57,,,,,,,,,,13.215
FALSE POSITIVE,1.71030803,0.282,2.718,2.16E+02,1.32,0.028,1449,1039.18,21,5790,4.528,0.9,15.862
FALSE POSITIVE,79.9201319,0.623,4.482,1.33E+03,1.81,0.2851,217,0.53,21.9,3812,4.767,0.476,15.577
FALSE POSITIVE,199.3113,0.689,6.43,3.84E+02,1.64,0.6348,278,1.42,6.5,5662,4.577,0.789,15.37
FALSE POSITIVE,157.82131,0.1495,12.42,1.92E+02,1.59,0.5821,377,4.75,6.9,6082,4.342,1.147,14.856
FALSE POSITIVE,2.28612573,1.188,12.408,3.02E+02,22.63,0.0353,1433,993.96,45.3,6063,4.476,1.012,15.116
CONFIRMED,199.66876,0.046,8.996,2.52E+02,1.45,0.6193,305,2.06,13.9,5678,4.409,0.921,14.033
FALSE POSITIVE,1.33254971,0.741,4.69,1.58E+02,1.36,0.0233,1782,2377.19,35.3,6150,4.41,1.004,15.271
FALSE POSITIVE,0.469334634,0.95,0.8864,3.40E+02,2.4,0.0115,2432,8264.27,49.1,5888,4.394,1.008,14.67
FALSE POSITIVE,0.849277809,1.187,3.137,6.91E+02,20.11,0.0173,1781,2366.84,17.1,5743,4.553,0.853,15.845
CONFIRMED,71.4523167,0.017,6.276,2.17E+02,2.19,0.3475,561,23.44,16.6,6148,4.132,1.488,13.781
FALSE POSITIVE,1.752564549,0.741,3.503,1.17E+02,1.38,0.0293,1741,2174.09,38,6221,4.333,1.18,13.608
FALSE POSITIVE,0.566816802,0.414,1.981,9.40E+01,0.68,0.0119,1585,1483.43,12.9,4665,4.584,0.704,15.678
FALSE POSITIVE,1.752553762,0.346,3.877,4.15E+02,1.06,0.023,933,178.74,32.5,4408,4.713,0.529,15.828
FALSE POSITIVE,2.065351521,0.63,2.661,1.73E+02,1.03,0.0282,1196,485.51,25.3,5266,4.536,0.749,14.788
FALSE POSITIVE,2.253551793,0.761,3.66,1.20E+02,1.7,0.036,1812,2547.01,42.1,6526,4.217,1.426,13.121
CONFIRMED,1.06378861,0.466,1.072,2.52E+02,1.61,0.0198,1650,1761.19,21.5,5265,4.4,1.002,14.229
FALSE POSITIVE,123.1149477,,17.24,,,,,,,,,,9.473
FALSE POSITIVE,1.854493861,1.279,4.2367,1.29E+03,29.39,0.029,1291,657.94,108.2,5431,4.563,0.843,14.898
FALSE POSITIVE,1.020713389,0.425,0.873,1.02E+02,0.9,0.0193,1724,2079.36,11.3,5815,4.52,0.87,15.186
FALSE POSITIVE,2.1990638,0.489,3.197,3.45E+02,1.33,0.0291,1087,330.97,19.3,5003,4.572,0.707,15.957
FALSE POSITIVE,132.1331011,0.606,26.715,7.96E+03,75.08,0.6194,809,101.41,284.3,5067,2.877,8.121,9.715
FALSE POSITIVE,1.120646438,1.182,1.7664,3.23E+02,89.35,0.0251,2783,14127.22,45.7,4972,3.449,4.034,13.695
FALSE POSITIVE,1.710279417,0.473,2.252,2.29E+02,1.57,0.0292,1524,1272.5,19.9,5834,4.472,1.023,15.795
FALSE POSITIVE,65.238281,0.1471,5.756,1.97E+02,5.18,0.3753,734,68.49,10.3,5254,3.506,3.761,11.479
FALSE POSITIVE,0.56679641,0.322,2.324,2.67E+01,0.46,0.0134,1940,3349.38,14.1,5403,4.54,0.888,13.686
CONFIRMED,9.88736642,0.383,4.23,6.80E+01,0.68,0.0872,768,82.32,14.6,5693,4.57,0.816,13.461
CONFIRMED,42.3520039,0.659,7.773,5.13E+02,6.3,0.2743,938,182.91,30.5,6864,3.783,2.632,12.852
CONFIRMED,0.789160884,0.376,0.9268,2.15E+02,0.91,0.0142,1244,564.46,23.6,4258,4.635,0.622,15.031
FALSE POSITIVE,2.399081606,1.276,4.384,6.07E+03,40.6,0.0351,1360,810.78,89.9,5780,4.438,1,16.494
FALSE POSITIVE,5.14072621,1.159,27.24,1.46E+02,19.28,0.0575,1076,317.19,44.5,5751,4.389,1.035,13.753
FALSE POSITIVE,0.566798545,0.331,5.224,3.69E+01,0.53,0.0134,2004,3787.58,23.3,5629,4.553,0.87,13.519
CONFIRMED,1.44445234,0.162,0.9753,2.01E+02,2.03,0.0245,1800,2479.44,20.9,5305,4.088,1.449,14.536
FALSE POSITIVE,3.55653637,0.712,8.7,2.03E+02,1.7,0.0474,1272,619.57,23.1,5950,4.395,1.114,14.377
FALSE POSITIVE,9.60853601,1.229,3.672,5.84E+02,31.99,0.0946,984,221.77,19.3,6377,4.398,1.158,15.974
FALSE POSITIVE,0.933747751,0.741,3.9236,7.66E+01,2.07,0.0214,3112,22250.69,49.5,6985,3.936,2.187,13.369
FALSE POSITIVE,3.17463577,1.059,10.988,4.06E+02,9.32,0.0415,1296,667.65,83.1,5999,4.417,0.996,14.934
FALSE POSITIVE,0.902222843,0.508,2.0516,2.97E+01,48.23,0.0224,10340,2710661.9,5.1,3705,0.798,89.806,13.547
FALSE POSITIVE,22.4685309,1.032,3.034,2.42E+02,20.05,0.177,1040,276.85,21.3,5461,3.566,3.301,13.301
FALSE POSITIVE,10.16104834,0.031,3.0448,9.09E+02,2.72,0.0881,800,96.98,36.8,5636,4.462,0.913,15.047
FALSE POSITIVE,2.743978797,1.138,6.442,4.00E+04,38.11,0.0348,1136,392.49,56.5,5334,4.492,0.81,13.805
FALSE POSITIVE,1.332561398,0.783,4.103,1.51E+02,2.16,0.0252,2276,6330.12,77.1,6468,4.107,1.602,13.616
CANDIDATE,12.89623554,0.973,2.625,4.27E+02,2.55,0.1079,783,89.02,32.9,6072,4.51,0.923,14.107
FALSE POSITIVE,364.14397,0.475,15.37,5.14E+02,2.2,1.0073,259,1.06,9.3,6039,4.493,0.951,15.508
FALSE POSITIVE,21.78769087,1.192,4.498,5.08E+02,71.95,0.1732,1042,278.24,38.1,5627,3.633,3.05,12.967
CONFIRMED,5.90741476,0.177,1.016,5.57E+03,5.1,0.0559,769,82.73,7.2,4963,4.585,0.69,15.625
FALSE POSITIVE,2.368173896,0.763,2.346,1.01E+04,10.92,0.0334,1428,983.51,52.9,5944,4.393,0.991,15.533
FALSE POSITIVE,5.73865933,0.966,4.051,6.89E+02,1.84,0.0511,535,19.33,40.1,3841,4.756,0.509,15.51
FALSE POSITIVE,91.05641908,1.112,6.7282,5.76E+04,53.1,0.4141,431,8.13,701.1,6142,4.456,1.046,15.959
CANDIDATE,2.52443998,0.232,2.369,4.58E+01,1.53,0.0393,2145,4998.98,10.6,6461,3.846,2.225,13.063
CONFIRMED,4.49686066,0.018,1.7306,1.93E+03,1.93,0.0413,535,19.34,37,3698,4.81,0.444,16.283
CANDIDATE,0.5374094,0.17,1.2039,9.42E+01,0.96,0.013,2208,5646.82,21.9,5749,4.457,0.988,14.832
CONFIRMED,24.7543849,0.709,3.39,5.93E+02,2.1,0.153,491,13.7,18,4852,4.519,0.804,15.514
FALSE POSITIVE,0.475068516,0.412,0.8552,1.10E+02,1.03,0.0121,2372,7444.39,21.4,6045,4.494,0.955,14.255
FALSE POSITIVE,1.79683793,0.979,7.911,2.23E+02,3.37,0.0335,2397,7783.32,27.9,7592,4.159,1.714,13.613
FALSE POSITIVE,187.5125128,,8.05,,,,,,,,,,15.711
FALSE POSITIVE,12.425484,0.98,28.0218,1.17E+02,1.55,0.0994,773,84.37,43,5478,4.351,1.017,13.585
CONFIRMED,17.7838298,0.115,3.997,2.47E+02,1.6,0.1351,729,66.87,18.7,6014,4.436,1.021,14.651
FALSE POSITIVE,1.204529346,0.383,1.62,8.69E+01,1.4,0.0215,1968,3561.16,11.1,5340,4.046,1.504,14.259
FALSE POSITIVE,2.15839583,1.178,8.09,3.52E+02,14.28,0.0294,1103,350.53,38.9,5272,4.659,0.662,15.239
CANDIDATE,1.570592397,0.031,0.623,2.14E+02,1.37,0.0249,1480,1135.98,29.7,5519,4.431,0.921,13.14
FALSE POSITIVE,371.1495,0.228,15.855,5.97E+02,2.07,0.9713,245,0.85,11.5,5988,4.541,0.836,15.342
FALSE POSITIVE,3.374684854,1.04,4.48335,8.09E+04,49.25,0.0449,1163,432.73,658.3,5754,4.514,0.943,15.746
FALSE POSITIVE,2.61841046,0.369,3.304,1.80E+02,1.12,0.036,1245,567.24,24.8,5912,4.566,0.82,14.598
FALSE POSITIVE,4.593594819,1.022,2.6391,1.46E+03,8.85,0.055,1125,378.37,83.5,6075,4.486,0.969,14.455
FALSE POSITIVE,125.0426,0.5215,8.99,1.04E+02,1.2,0.5046,416,7.06,6.4,6273,4.364,1.139,13.538
FALSE POSITIVE,6.17039154,0.1755,2.116,5.03E+02,2.17,0.0667,1029,264.63,19,6137,4.487,0.963,15.406
FALSE POSITIVE,0.364860478,0.267,1.4736,1.13E+02,0.68,0.0086,1993,3703.08,23.5,5220,4.622,0.642,14.823
CANDIDATE,6.422943288,0.198,1.0815,2.61E+02,1.66,0.0689,1034,269.8,30.6,6102,4.447,1.016,12.335
FALSE POSITIVE,6.90522317,0.962,3.533,4.20E+02,4.54,0.0808,1343,768.55,34.4,6596,4.135,1.721,13.502
FALSE POSITIVE,1.5259105,0.986,3.114,8.39E+01,2.63,0.0278,2545,9917.8,14.3,6640,3.884,2.099,12.203
FALSE POSITIVE,4.27121961,0.636,2.9283,9.67E+02,2.17,0.0448,802,97.84,38,4702,4.602,0.67,15.938
CANDIDATE,1.306984786,1.144,1.194,3.02E+02,18.33,0.0242,1754,2230.29,38.4,6102,4.457,1.026,14.024
FALSE POSITIVE,0.769358923,0.111,1.5364,4.48E+01,1.93,0.0185,2928,17335.4,19.8,5267,3.655,2.935,12.055
FALSE POSITIVE,0.755109106,0.47,2.967,1.06E+02,0.85,0.0157,1733,2130.82,34,5452,4.572,0.815,13.974
FALSE POSITIVE,25.3239215,1.218,70.405,1.38E+03,19.02,0.1461,484,12.94,214.5,5128,4.6,0.668,14.856
CONFIRMED,4.61225043,0.012,2.695,2.91E+01,0.51,0.053,1032,268.27,13.7,5495,4.442,0.961,11.83
CONFIRMED,7.99022379,0.107,3.273,1.66E+02,1.97,0.0785,1113,361.73,17.6,5689,4.065,1.542,14.59
FALSE POSITIVE,4.1749166,0.4759,4.828,4.07E+01,0.61,0.0513,1116,366.59,11.8,5910,4.505,0.94,13.391
FALSE POSITIVE,0.56678694,0.213,1.959,6.12E+01,0.63,0.0122,1920,3194.49,8.3,5341,4.496,0.808,15.817
FALSE POSITIVE,0.73094701,1.158,4.223,2.28E+02,15.83,0.0155,1870,2886.66,31.2,5767,4.559,0.837,15.312
FALSE POSITIVE,0.686994057,1.261,3.5252,2.80E+03,35.3,0.0153,2063,4267.13,136.6,5780,4.438,1,9.16
FALSE POSITIVE,1.324247867,0.295,1.4759,8.33E+01,1.3,0.0257,2140,4951.46,26.5,6557,4.251,1.406,13.869
FALSE POSITIVE,0.780632043,1.306,1.4109,7.37E+02,79.67,0.0165,2714,12837.08,141,5354,3.754,2.18,13.331
FALSE POSITIVE,0.730947169,1.143,4.396,2.48E+02,14.43,0.0155,1777,2349.48,49.1,5514,4.569,0.826,15.01
FALSE POSITIVE,41.16676097,1.093,2.2133,5.39E+03,17.82,0.2124,446,9.35,185.2,5193,4.503,0.805,13.418
FALSE POSITIVE,1.083736642,1.265,1.57912,8.93E+03,237.84,0.0258,3641,41465.78,954.2,5591,3.227,5.618,12.923
FALSE POSITIVE,2.45570369,1.205,3.1,2.74E+02,55.95,0.0334,1891,3017.14,23.5,5148,3.624,2.314,13.39
FALSE POSITIVE,0.64234875,0.627,1.3699,1.04E+02,2.78,0.0174,3813,49846.45,61.3,7089,3.842,2.584,12.305
FALSE POSITIVE,5.204286663,0.272,6.2598,3.52E+04,16,0.0545,934,180.12,153,5332,4.471,0.86,15.424
FALSE POSITIVE,6.352090869,0.223,3.88771,7.51E+04,18.9,0.0587,772,83.66,1343.2,5089,4.58,0.693,14.933
FALSE POSITIVE,1.877350712,0.297,1.7478,1.86E+02,1.46,0.0308,1650,1755.2,23.1,6382,4.432,1.059,14.688
FALSE POSITIVE,2.11552348,1.187,6.712,3.59E+02,21.43,0.033,1398,900.64,28.9,5900,4.509,0.951,15.897
FALSE POSITIVE,2.84573962,0.656,7.28,2.12E+02,3.63,0.0426,1829,2645.94,83.9,5557,3.792,2.372,13.591
FALSE POSITIVE,7.01476115,0.687,3.945,1.22E+02,1.02,0.0686,928,175.85,27.5,5912,4.501,0.87,13.601
FALSE POSITIVE,0.941603153,0.93,1.1886,4.62E+02,2.29,0.0173,1608,1575.78,46.2,5237,4.481,0.837,14.834
FALSE POSITIVE,24.40213373,,12.57,,,,,,,,,,13.424
FALSE POSITIVE,1.13357304,0.739,2.849,3.31E+01,0.59,0.0208,1836,2688.01,12,6147,4.449,0.954,14.207
FALSE POSITIVE,0.643468999,0.266,1.1108,1.08E+02,0.88,0.0132,2001,3772.66,19.6,5670,4.452,0.843,14.658
FALSE POSITIVE,112.645961,1.277,7.037,1.96E+03,35.36,0.4721,377,4.76,23.3,5895,4.489,0.991,15.701
FALSE POSITIVE,0.526887517,0.292,0.8971,1.20E+02,0.58,0.0103,1238,550.37,20.6,3945,4.721,0.519,14.694
FALSE POSITIVE,4.14244748,0.386,2.203,6.99E+01,1.82,0.0523,1907,3128.33,12.3,6785,3.83,2.124,11.056
FALSE POSITIVE,0.777663575,0.204,1.1741,1.34E+02,0.95,0.016,1816,2553.18,28.1,5769,4.57,0.812,14.397
FALSE POSITIVE,0.552834211,1.045,1.2887,1.46E+02,18.09,0.0141,3107,21895.36,30,5132,3.675,2.648,13.931
FALSE POSITIVE,0.758354475,0.279,4.56811,5.82E+05,149.44,0.0186,3123,22401.95,1560.5,7131,4.084,1.83,16.975
CONFIRMED,76.5369531,0.327,5.574,6.52E+02,3.73,0.3528,503,15.15,17.7,5596,4.105,1.466,15.28
FALSE POSITIVE,3.43525124,1.121,4.509,1.52E+02,25.43,0.0466,1579,1468.73,6.3,5854,4.014,1.742,14.603
FALSE POSITIVE,0.962828092,1.101,4.411,6.30E+01,40.82,0.0228,3553,37544.87,22.7,6552,3.594,3.44,13.306
CANDIDATE,3.11141514,0.46,3.074,2.84E+01,0.7,0.044,1530,1296.58,8.3,6450,4.297,1.273,13.396
FALSE POSITIVE,1.878156188,0.959,2.058,7.88E+02,2.51,0.0258,1141,400.37,38.4,5075,4.598,0.67,15.75
FALSE POSITIVE,7.81153999,1.271,5.984,9.13E+02,23.56,0.071,718,62.96,41.3,5150,4.628,0.71,15.611
FALSE POSITIVE,0.993488979,0.83,1.9694,2.43E+04,17.9,0.0179,1914,3172.24,145.8,5811,4.328,0.998,14.701
FALSE POSITIVE,1.334104585,0.986,3.14624,6.17E+04,44.9,0.0238,1880,2954.64,1334.6,6319,4.373,1.083,15.387
FALSE POSITIVE,2.115498574,1.215,6.738,4.44E+02,25.84,0.0332,1432,995.26,45.4,5917,4.475,1,15.147
FALSE POSITIVE,3.40076682,0.256,4.7,2.11E+01,0.69,0.0462,1540,1328.5,7.4,6134,4.142,1.496,12.06
FALSE POSITIVE,6.49676881,0.643,2.527,1.35E+02,3.74,0.0788,1761,2273.36,10.6,6418,3.658,3.049,12.396
FALSE POSITIVE,2.057499811,0.004,2.569,3.26E+02,1.27,0.0284,1037,273.84,23.6,4620,4.564,0.736,15.504
FALSE POSITIVE,10.5856758,0.474,4.911,1.79E+02,1.49,0.0997,912,163.41,8.1,6246,4.433,1.092,13.748
FALSE POSITIVE,2.69633621,1.141,5.238,2.39E+02,15.78,0.0376,1334,749.66,26.5,6106,4.496,0.923,15.319
FALSE POSITIVE,11.2580745,0.955,23.516,7.13E+02,2.14,0.0836,497,14.44,55.4,4257,4.691,0.586,15.83
FALSE POSITIVE,0.566795586,0.686,4.124,3.94E+01,0.66,0.0137,2296,6597.1,19.6,6108,4.471,0.997,14.549
FALSE POSITIVE,1.099291188,0.077,1.765,2.83E+02,1.37,0.0195,1414,947.02,19.8,4878,4.5,0.843,15.496
FALSE POSITIVE,0.47462889,0.377,1.0194,3.31E+02,1.43,0.0109,1840,2691.55,31.2,4904,4.527,0.786,15.692
CONFIRMED,103.4269873,0.013,5.03,9.50E+02,3.16,0.4438,416,7.08,17.8,6208,4.454,1.024,15.549
CANDIDATE,0.352515897,0.26,1.0525,1.68E+02,1,0.0092,2194,5534.14,38,5465,4.598,0.766,14.867
FALSE POSITIVE,0.299697755,0.964,0.8473,3.47E+02,2.03,0.0081,2246,6005.79,53.6,5180,4.547,0.782,14.828
CANDIDATE,0.339069751,0.958,1.1516,5.32E+01,2.09,0.0102,3653,41863.05,38.2,5653,3.846,2.183,12.771
FALSE POSITIVE,0.56681727,0.042,1.779,3.59E+01,0.42,0.0123,1832,2676.11,9.1,5481,4.629,0.708,14.916
FALSE POSITIVE,1.081935491,0,5.136,2.03E+02,0.99,0.0183,1364,819.14,33.9,4938,4.569,0.718,15.254
CONFIRMED,0.524175803,0.318,0.7648,2.37E+02,1.27,0.0123,1891,3049.23,22.4,5278,4.576,0.815,15.04
FALSE POSITIVE,1.89129881,0.699,5.294,8.20E+01,0.86,0.0293,1414,944.68,29.8,5806,4.507,0.893,13.911
CONFIRMED,4.94330596,0.928,2.9334,1.26E+02,1.41,0.0561,1058,296.74,27.7,5661,4.415,1.008,12.697
CONFIRMED,178.139072,0.042,9.654,6.79E+02,2.25,0.5948,291,1.7,20.3,5431,4.496,0.879,14.56
CANDIDATE,0.619023176,0.387,1.496,7.79E+01,0.79,0.0142,1885,2985.06,8.9,5395,4.536,0.891,15.775
CANDIDATE,120.003364,0.78,3.3803,3.96E+04,15.08,0.4209,240,0.78,131.1,4315,4.627,0.668,15.635
FALSE POSITIVE,4.067371428,1.51,5.8962,6.34E+04,68.81,0.0443,978,215.71,1094.6,5385,4.532,0.75,15.858
FALSE POSITIVE,1.540395781,0.062,1.6305,1.73E+02,0.94,0.0239,1211,510.22,46.6,4955,4.592,0.735,12.057
FALSE POSITIVE,32.9045733,1.232,4.402,6.62E+02,28.34,0.2014,568,24.63,19.7,5780,4.438,1,13.96
FALSE POSITIVE,2.46353343,1.222,2.954,8.30E+02,21.49,0.0338,1171,445.83,6.8,5541,4.587,0.777,14.914
FALSE POSITIVE,22.91339043,1.281,3.94,5.41E+03,24.11,0.1336,510,15.94,86.9,5451,4.663,0.6,15.469
FALSE POSITIVE,1.541350116,0.272,3.29,3.78E+02,1.5,0.025,1273,619.14,51.7,5150,4.59,0.784,15.316
FALSE POSITIVE,1.205412526,1.092,1.537,1.09E+02,12.6,0.0219,1988,3681.8,17.2,6292,4.32,1.122,13.064
FALSE POSITIVE,1.710316235,1.174,3.614,4.09E+02,23.38,0.0297,1647,1740.08,31.2,6147,4.435,1.096,15.961
CONFIRMED,23.9210408,0.936,5.174,1.58E+02,3.01,0.1871,1020,255.65,21.9,7121,4.031,1.972,12.768
CONFIRMED,9.03326435,0.455,2.857,6.11E+02,1.96,0.0813,729,66.89,18.3,5311,4.588,0.788,15.901
FALSE POSITIVE,356.535835,1.281,5.467,3.11E+03,28.27,0.8736,220,0.55,25.7,5385,4.532,0.75,15.481
CONFIRMED,3.490785878,0.116,1.4513,3.37E+02,1.32,0.0418,1010,245.65,32.7,5496,4.618,0.725,14.678
FALSE POSITIVE,1.92149487,1.29,1.891,1.01E+03,79.14,0.0359,2382,7634.18,11.6,6831,3.959,2.247,12.659
CONFIRMED,1.093665854,0.174,1.4399,2.18E+02,1.29,0.0206,1681,1880.33,33.5,5845,4.541,0.874,14.815
CANDIDATE,141.608555,0.399,7.685,1.26E+03,2.98,0.5029,290,1.68,43.3,5083,4.512,0.844,13.336
CANDIDATE,3.6092231,0.364,2.8,5.24E+01,0.68,0.0463,1192,477,4.4,6032,4.508,0.929,13.534
FALSE POSITIVE,12.4247333,0.656,16.828,4.05E+01,1.47,0.1138,1284,642.95,19.3,6632,3.86,2.193,12.876
CANDIDATE,11.4927112,1.212,7.764,2.92E+02,25.01,0.1021,858,127.97,18.7,6198,4.464,1.005,15.472
FALSE POSITIVE,70.7511986,1.24,6.198,8.58E+02,27.74,0.3113,441,8.97,24.1,5771,4.4,0.936,15.187
CONFIRMED,116.583183,0.586,5.8,8.19E+02,2.91,0.4572,371,4.47,8.7,5738,4.426,0.981,15.104
CONFIRMED,175.13892,0.07,10.767,6.35E+02,3.06,0.6095,346,3.39,17.9,5497,4.243,1.241,15.245
FALSE POSITIVE,1.302061421,1.273,1.8238,1.05E+03,92.86,0.0291,3345,29636.26,29.5,7757,3.837,2.783,13.095
FALSE POSITIVE,55.25178622,0.978,6.094,3.99E+04,27.32,0.2762,444,9.15,585,5793,4.561,0.832,15.807
FALSE POSITIVE,5.548250634,0.296,6.06772,4.29E+04,21.49,0.0633,1088,331.99,1170.5,6124,4.455,1.028,15.752
FALSE POSITIVE,4.442520831,0.966,2.4779,5.32E+02,3.98,0.0563,1392,889.36,100.3,6496,4.272,1.33,11.668
FALSE POSITIVE,1.339670241,0.602,1.895,2.86E+01,1.27,0.0289,3448,33385.02,21.7,8867,3.988,2.245,10.455
FALSE POSITIVE,2.685223546,1.28,4.0632,5.49E+03,28.98,0.0349,1111,360.92,238.7,5552,4.62,0.719,15.828
FALSE POSITIVE,1.99042642,0.067,3.083,1.34E+02,1.17,0.0317,1539,1327.48,25.3,6198,4.464,1.005,14.349
FALSE POSITIVE,67.230028,0.938,25.01,3.79E+02,2.44,0.3222,482,12.79,39.5,6157,4.418,1.016,14.548
FALSE POSITIVE,0.805259637,0.332,0.9779,3.42E+02,1.93,0.0174,2115,4732.34,50.2,6257,4.454,1.022,14.633
FALSE POSITIVE,75.3787816,0.046,5.268,3.88E+02,1.6,0.3235,360,3.97,30.1,5061,4.488,0.841,12.218
FALSE POSITIVE,2.464160779,1.169,2.427,1.17E+02,36.93,0.0344,1709,2018.62,27.3,5238,3.84,1.883,13.145
FALSE POSITIVE,0.566781152,0.427,3.995,1.33E+02,0.54,0.0104,1090,337.1,24.9,3725,4.787,0.46,15.742
CONFIRMED,13.0267964,0.93,0.785,3.57E+02,2.08,0.1025,643,40.51,11.4,5083,4.512,0.844,13.336
FALSE POSITIVE,4.93129874,1.224,1.8626,6.76E+02,21.42,0.0507,944,187.36,31.7,5457,4.508,0.779,15.535
FALSE POSITIVE,5.59187448,0.82,1.6782,2.36E+02,104.18,0.0757,4793,124810.93,31.9,3915,1.173,58.325,13.627
FALSE POSITIVE,1.88665445,1.269,1.343,2.10E+03,43.81,0.0299,1794,2453.86,15.8,6296,4.247,1.249,15.21
FALSE POSITIVE,14.53682228,1.068,3.195,1.03E+03,73.15,0.1094,1596,1534.06,40.8,4946,2.819,5.855,12.93
CANDIDATE,172.820248,0.249,7.343,5.49E+02,2.22,0.6105,338,3.08,10.6,6174,4.499,0.939,14.321
FALSE POSITIVE,1.72853003,0.776,3.819,9.91E+01,2.43,0.0315,2492,9100.75,24,6701,3.882,2.237,13.597
FALSE POSITIVE,2.19068738,0.594,4.41,6.63E+01,1.68,0.0364,2017,3913.33,44.1,6208,3.973,1.975,12.521
FALSE POSITIVE,372.16478,0.7967,11.288,2.07E+03,5.68,1.0793,279,1.44,23.5,6194,4.415,1.129,15.823
FALSE POSITIVE,0.947730124,0.473,1.1171,1.53E+02,2.82,0.0248,3914,55681.21,18,9464,4.116,2.184,9.072
CONFIRMED,234.240739,0.944,12.925,4.64E+02,3.41,0.7576,329,2.77,27.7,5814,4.269,1.248,13.685
FALSE POSITIVE,341.01495,0.087,5.12,3.86E+02,1.72,0.9007,234,0.71,6.9,5327,4.456,0.896,14.122
FALSE POSITIVE,6.14631207,0.937,3.803,8.91E+02,4.79,0.0727,1260,594.72,20.3,6726,4.335,1.31,15.05
FALSE POSITIVE,27.36432337,1.273,3.545,2.28E+03,39.49,0.1888,659,44.5,42.3,6167,4.428,1.107,15.244
FALSE POSITIVE,10.26231992,0.945,3.568,8.14E+02,1.98,0.0755,509,15.89,17.3,4316,4.709,0.54,13.259
FALSE POSITIVE,1.519529227,0.866,5.1675,8.37E+03,11.12,0.0271,1653,1766.31,155.1,6033,4.46,1.046,15.551
FALSE POSITIVE,6.487525901,1.199,2.4536,2.02E+04,21.23,0.054,593,29.11,74.3,4481,4.763,0.485,15.693
FALSE POSITIVE,0.56676437,0.594,2.326,7.65E+01,0.92,0.0139,2267,6222.58,11.7,6039,4.478,1.005,15.77
FALSE POSITIVE,2.35197616,1.177,5.304,2.68E+02,21.19,0.0354,1444,1025.78,31.7,6147,4.463,1.003,15.347
FALSE POSITIVE,0.861643331,0.994,2.4318,2.33E+02,1.88,0.0156,1613,1599.85,41.7,5506,4.596,0.688,14.614
FALSE POSITIVE,12.1097626,0.981,10.174,1.14E+02,1.09,0.0918,681,50.68,28.2,5437,4.547,0.739,13.007
FALSE POSITIVE,63.909601,0.0578,11.85,1.43E+02,0.76,0.2782,351,3.57,6.1,5227,4.668,0.643,14.746
FALSE POSITIVE,19.7352868,1.417,5.097,3.19E+02,49.24,0.1475,743,72.08,17.1,6329,4.44,1.045,14.689
FALSE POSITIVE,0.566799125,0.232,3.072,3.07E+01,0.56,0.0136,2299,6590.95,22.5,6063,4.451,1.004,13.568
CANDIDATE,20.1890396,0.541,6.251,1.12E+02,1.39,0.1493,794,93.89,15,6178,4.269,1.267,13.573
FALSE POSITIVE,1.061935973,1.19,3.3177,3.38E+02,24.17,0.0212,1961,3479.87,101.2,6274,4.434,1.062,14.126
FALSE POSITIVE,1.485898163,1.173,2.446,2.25E+02,14.96,0.0226,1272,620.65,32.8,5088,4.559,0.727,14.151
CONFIRMED,38.5763483,0.015,19.861,2.82E+02,2.05,0.2356,619,34.77,76.3,6167,4.333,1.221,12.626
FALSE POSITIVE,1.845610523,1.22,2.337,3.74E+02,77.83,0.033,2502,9283.04,33.3,5974,3.639,2.978,13.809
CANDIDATE,7.3812344,0.687,2.802,1.05E+02,1,0.0744,944,187.24,8.6,6072,4.51,0.923,15.051
CONFIRMED,133.303247,0.063,7.342,1.02E+03,2.67,0.4765,301,1.94,20.6,5064,4.474,0.864,15.307
CONFIRMED,125.4132302,0.822,2.3241,1.35E+03,3.14,0.4426,266,1.18,22.6,4641,4.557,0.747,14.073
FALSE POSITIVE,21.5702917,1.155,40.4,1.49E+02,29.53,0.1481,888,146.81,41,6070,3.983,1.628,13.86
FALSE POSITIVE,0.868723418,0.947,1.4617,1.97E+02,1.87,0.0169,1998,3776.5,23.8,5761,4.331,1.046,14.774
CONFIRMED,25.30893566,0.799,5.7704,1.54E+02,1.77,0.1763,710,60.2,54.2,5949,4.272,1.292,11.472
FALSE POSITIVE,27.25471993,,0.73,,,,,,,,,,11.679
FALSE POSITIVE,34.10787519,,4.1,,,,,,,,,,13.109
FALSE POSITIVE,16.61474421,,2.77,,,,,,,,,,15.245
FALSE POSITIVE,1.412526202,1.166,5.49,1.50E+02,36.77,0.0296,3001,19160.84,70.6,8468,4.114,1.91,11.521
FALSE POSITIVE,2.759573341,1.04,6.999,3.82E+02,6.42,0.0372,1198,487.37,64.4,5640,4.52,0.863,14.618
FALSE POSITIVE,3.79188234,0.615,2.15,4.17E+02,1.95,0.0467,1201,492.81,6.6,6171,4.495,0.91,14.394
FALSE POSITIVE,14.38724729,1.262,1.9078,1.91E+03,29.24,0.108,725,65.41,43.5,5830,4.479,0.859,15.264
FALSE POSITIVE,58.4302648,0.948,7.18,1.85E+03,3.45,0.248,300,1.91,34.1,4338,4.643,0.609,14.782
FALSE POSITIVE,0.566717263,0.606,2.6079,1.85E+01,0.43,0.013,2096,4581.82,11.1,5544,4.438,0.957,13.724
FALSE POSITIVE,13.37935853,0.974,8.809,3.54E+02,6.65,0.1226,1395,896.56,36.2,6739,3.712,2.702,12.301
FALSE POSITIVE,13.26255423,0.943,4.65,9.16E+02,3.55,0.1105,766,81.56,31.4,5973,4.506,0.935,15.38
FALSE POSITIVE,20.5696575,1.298,4.263,4.02E+02,28.96,0.1437,650,42.09,22.2,6098,4.562,0.838,14.659
FALSE POSITIVE,4.52342256,0.757,2.531,2.19E+02,1.7,0.0556,1195,482.25,15.9,6211,4.437,1.058,15.146
FALSE POSITIVE,22.32423657,0.965,3.669,1.30E+03,4.56,0.1518,611,32.87,29.9,5648,4.489,0.912,15.612
FALSE POSITIVE,0.723947772,1.148,2.125,2.43E+02,52.16,0.0147,3192,24641.6,17.7,5160,3.424,2.897,13.578
CONFIRMED,308.544422,0.022,18.503,5.87E+02,3.28,0.9625,330,2.81,56.8,6325,4.274,1.349,13.215
FALSE POSITIVE,0.905679492,1.272,2.1164,2.30E+03,35.74,0.0184,1882,2950.42,59.3,5780,4.438,1,13.38
FALSE POSITIVE,22.735911,0.665,42.435,2.31E+03,5.07,0.1574,643,40.32,69.4,5780,4.438,1,13.38
FALSE POSITIVE,0.909310626,1.264,3.4411,1.21E+04,48.79,0.0192,2130,4889.6,454,6370,4.41,1.106,14.971
FALSE POSITIVE,0.648774274,0.078,2.643,2.31E+02,1.08,0.013,1659,1795.83,26.1,5026,4.557,0.729,15.399
FALSE POSITIVE,32.63286247,,3.08,,,,,,,,,,14.949
CANDIDATE,173.9285134,,2.64,,,,,,,,,,10.087
FALSE POSITIVE,25.64384513,,5.05,,,,,,,,,,15.832
FALSE POSITIVE,25.58546721,,2.28,,,,,,,,,,15.161
FALSE POSITIVE,17.47702,0.0012,54.52,1.38E+02,0.93,0.1247,676,49.24,2.9,6116,4.579,0.782,14.547
FALSE POSITIVE,16.88954693,,3.41,,,,,,,,,,14.736
FALSE POSITIVE,26.77891391,,3.12,,,,,,,,,,14.005
FALSE POSITIVE,13.33386985,,6.51,,,,,,,,,,9.563
FALSE POSITIVE,94.10628163,,17.21,,,,,,,,,,14.748
FALSE POSITIVE,14.71266408,,4.21,,,,,,,,,,15.557
FALSE POSITIVE,0.696125302,1.219,2.0054,1.50E+04,28.44,0.0133,1645,1739.43,177.2,5245,4.594,0.674,15.464
FALSE POSITIVE,302.3886782,1.134,3.1229,4.13E+04,40.73,0.8341,238,0.76,294.8,5328,4.499,0.857,14.041
CANDIDATE,305.0762469,0.695,6.255,4.04E+03,7.82,0.9117,284,1.53,113.4,5716,4.348,1.155,13.377
FALSE POSITIVE,5.24372504,1.201,17.136,2.34E+02,20.41,0.0543,1017,253.25,51.6,5772,4.452,0.867,14.579
FALSE POSITIVE,18.7952698,0.201,9.9816,2.82E+04,30.77,0.1403,899,154.05,3596.6,5623,3.925,1.841,13.941
FALSE POSITIVE,42.2625935,0.962,4.465,6.92E+02,12.62,0.2813,855,126.27,40.7,5432,3.55,3.581,13.754
FALSE POSITIVE,3.549386251,0.818,2.4342,5.07E+04,24.15,0.0441,1142,402.76,108.2,5759,4.495,0.892,15.895
CONFIRMED,29.92208104,0.38,2.7716,3.45E+02,3.09,0.1954,782,88.52,37.6,6127,4.055,1.637,13.377
FALSE POSITIVE,0.566812588,0.079,3.596,1.71E+01,0.71,0.0134,3089,21653.56,17.5,6194,3.971,1.718,12.756
FALSE POSITIVE,9.94221873,1.171,2.453,4.87E+02,19.64,0.0852,754,76.56,12.6,5213,4.434,0.917,14.129
FALSE POSITIVE,9.06557317,0.432,1.6208,2.43E+02,1.46,0.0849,880,141.9,24.9,6075,4.51,0.916,14.005
FALSE POSITIVE,4.9432827,0.5719,40.01,2.71E+01,1.21,0.0646,1739,2161.95,12.9,6701,3.907,2.236,11.833
FALSE POSITIVE,7.35390869,0.375,2.061,9.29E+01,2.29,0.084,1483,1141.53,11.1,6385,3.868,2.327,12.865
FALSE POSITIVE,15.7455586,0.889,13.877,1.61E+02,1.41,0.1242,743,71.98,37.6,6089,4.495,0.95,13.276
FALSE POSITIVE,0.566796615,0.243,1.999,4.78E+01,0.59,0.0131,2077,4426.68,8.5,5858,4.553,0.849,15.111
CONFIRMED,8.48651582,0.009,5.267,1.11E+02,1.34,0.0838,1060,298.03,21.1,6178,4.269,1.267,13.573
FALSE POSITIVE,2.189092892,1.27,5.1128,1.87E+03,33.45,0.0335,1446,1034.43,150.7,6106,4.487,0.966,15.741
FALSE POSITIVE,2.40435335,0.746,4.07,7.06E+01,3.05,0.0404,2454,8577.88,27.1,6103,3.568,3.358,13.25
FALSE POSITIVE,220.9290121,0.826,7.335,2.46E+03,5.24,0.7114,299,1.89,70.4,5893,4.483,0.941,14.707
FALSE POSITIVE,3.1877519,1.178,14.836,4.52E+02,19.66,0.041,1141,400.3,83.2,5532,4.489,0.896,14.64
CANDIDATE,3.76565247,0.535,1.557,9.24E+01,0.87,0.047,1108,356.3,9.1,5815,4.54,0.877,14.688
FALSE POSITIVE,10.72396374,1.25,3.8439,1.35E+04,39.84,0.0896,783,88.64,127.7,5582,4.445,0.905,15.613
FALSE POSITIVE,119.67747,1.283,32.274,3.25E+03,36.8,0.4832,379,4.9,52,6075,4.486,0.969,15.933
FALSE POSITIVE,185.9526325,1.264,3.5964,1.11E+04,50.98,0.6498,343,3.28,147.3,5813,4.33,1.164,14.305
FALSE POSITIVE,103.6265092,,6.89,,,,,,,,,,12.596
FALSE POSITIVE,41.07759033,0.502,6.20583,1.34E+05,23.2,0.2001,346,3.37,5518.2,4451,4.654,0.62,11.762
FALSE POSITIVE,2.99540439,1.179,6.172,2.23E+02,65.37,0.0465,2195,5493.46,45.6,6106,3.633,3.09,13.173
CANDIDATE,10.5994606,0.671,9.484,1.29E+02,1.28,0.0993,896,152.67,11.2,6194,4.445,1.069,15.284
FALSE POSITIVE,63.934965,1.217,12.71,1.12E+03,44.59,0.3052,525,18,45.6,5209,3.999,1.595,14.339
FALSE POSITIVE,38.4769457,0.981,5.825,2.59E+02,4.79,0.2348,814,103.72,18.4,6079,3.834,2.163,13.404
CONFIRMED,37.3228722,0.608,7.2146,3.08E+02,35.34,0.3344,1654,1769.88,42.6,4907,2.41,19.53,13.573
FALSE POSITIVE,1.664980224,0.987,1.7455,2.31E+02,3.68,0.0277,1921,3223.3,47.6,5792,4.058,1.567,13.831
FALSE POSITIVE,16.6094904,0.631,3.189,2.73E+02,1.82,0.1274,766,81.28,12.7,6047,4.395,1.05,14.926
FALSE POSITIVE,0.566789505,1.03,5.835,5.46E+01,3.37,0.0128,2038,4051.92,12.6,5894,4.585,0.784,15.456
FALSE POSITIVE,2.62982665,1.077,6.213,1.26E+02,17.88,0.0418,1968,3542.64,24.6,6712,4.053,1.846,13.395
FALSE POSITIVE,2.69787749,0.53,1.915,1.17E+02,1.5,0.0361,1512,1235.14,8.3,5609,4.114,1.348,13.265
FALSE POSITIVE,5.23340265,0.366,3.242,2.42E+02,1.15,0.0552,851,124.02,12.7,5266,4.611,0.741,15.516
FALSE POSITIVE,3.51289168,0.373,3.313,1.31E+02,1.12,0.0432,1161,429.42,27.3,5523,4.395,0.981,13.76
CONFIRMED,14.09258319,0.586,4.1536,5.30E+02,1.82,0.1084,597,30.1,17.8,5081,4.596,0.77,15.753
FALSE POSITIVE,9.087508013,0.511,2.7597,1.41E+02,1.37,0.0825,987,224.7,2.5,6078,4.297,1.119,14.172
FALSE POSITIVE,0.65244373,0.133,1.471,6.11E+02,2.17,0.0141,1969,3546.43,41.8,5638,4.488,0.883,15.665
FALSE POSITIVE,1.332564704,1.249,5.9775,1.05E+03,30.04,0.0241,1692,1945.27,124,6046,4.486,0.972,14.923
FALSE POSITIVE,2.636899795,1.519,0.9105,4.26E+02,49.84,0.0362,1179,456.22,27.6,5524,4.54,0.847,14.72
FALSE POSITIVE,0.660629055,1.173,5.894,2.32E+02,17.38,0.0145,2032,4040.43,103.3,6024,4.55,0.849,13.872
FALSE POSITIVE,0.885123683,0.708,3.3865,1.13E+02,1.14,0.0181,1961,3477.17,42,5979,4.44,0.998,14.152
FALSE POSITIVE,471.65421,0.85,3.456,4.80E+02,4.11,1.2082,313,2.26,12.5,6061,4.025,1.653,13.681
FALSE POSITIVE,1.221204888,0.6,1.8511,1.12E+02,1.1,0.0213,1772,2334.4,27.3,5874,4.378,0.997,14.135
FALSE POSITIVE,135.9079575,,1.83,,,,,,,,,,11.579
FALSE POSITIVE,0.959853772,0.646,1.9163,5.58E+01,1.3,0.0194,2468,8768.54,27.1,6061,4.025,1.653,11.787
CANDIDATE,0.592243731,0.986,1.386,3.99E+03,6.77,0.0116,1551,1361.22,303.8,4920,4.664,0.591,15.653
FALSE POSITIVE,46.882525,0.7285,1.93,3.44E+02,1.91,0.2578,513,16.4,4.9,6045,4.494,0.955,15.256
FALSE POSITIVE,20.7191626,0.016,3.912,1.84E+02,1.85,0.145,790,92.2,8.9,5837,4.143,1.366,11.413
CANDIDATE,399.37587,0.556,21.25,5.52E+02,3.93,1.1026,326,2.66,11.9,6098,4.069,1.618,13.281
FALSE POSITIVE,16.60973843,1.0412,4.515,6.68E+02,6.64,0.1197,579,26.59,29.7,5238,4.603,0.752,14.659
FALSE POSITIVE,54.323118,0.9727,25.863,5.38E+02,5.06,0.3182,706,58.78,19.2,6988,4.155,1.67,14.478
FALSE POSITIVE,5.803127153,0.006,4.9041,5.86E+04,19.04,0.0604,886,145.32,639.3,5533,4.577,0.795,15.896
FALSE POSITIVE,35.51619219,8.467,2.5,1.10E+04,719.49,0.2032,504,15.2,85.4,5514,4.505,0.871,12.481
FALSE POSITIVE,0.589049151,1.094,2.25397,6.20E+04,39.51,0.0122,1959,3495.15,1227.6,5592,4.51,0.771,13.643
CONFIRMED,80.2321467,0.911,4.656,8.89E+02,3.24,0.3543,380,4.91,24.9,5436,4.505,0.888,14.32
CANDIDATE,41.88970036,1.285,1.35,1.30E+03,32.16,0.2355,515,16.66,20.9,5952,4.519,0.907,14.74
FALSE POSITIVE,1.791406261,1.008,2.8159,3.46E+02,4.51,0.0298,1579,1466.9,60.7,6092,4.453,1.028,14.574
FALSE POSITIVE,1.25483232,0.547,2.67,1.18E+02,2.89,0.0252,2748,13493.55,11.4,6168,3.75,2.572,13.298
FALSE POSITIVE,5.71483873,0.134,2.748,2.86E+02,1.26,0.0559,842,118.73,18,5193,4.535,0.755,14.167
FALSE POSITIVE,17.5859472,0.042,3.815,5.10E+02,2.24,0.1326,700,56.81,8.4,5780,4.438,1,13.7
FALSE POSITIVE,1.332567005,1.185,6.3373,4.01E+02,27.36,0.0241,2007,3837.83,110.6,6388,4.284,1.223,13.406
CONFIRMED,10.32736351,0.754,1.889,1.27E+02,1.25,0.0934,838,116.56,9.7,5757,4.431,1.017,14.5
FALSE POSITIVE,2.54557259,0.038,5.636,5.29E+02,1.97,0.036,1234,549.8,36,5718,4.549,0.863,15.298
FALSE POSITIVE,0.704541784,0.415,1.0726,2.75E+02,1.72,0.0161,2121,4778.23,38.4,6063,4.476,1.012,15.192
FALSE POSITIVE,0.697996932,1.244,4.3323,9.09E+03,28.06,0.0141,1604,1560.69,244.1,5176,4.636,0.695,15.859
FALSE POSITIVE,6.63449721,1.246,22.982,9.19E+02,85.25,0.078,1719,2067.13,160.1,6487,3.696,2.817,12.842
FALSE POSITIVE,110.9215892,0.905,5.282,4.98E+02,3.71,0.4494,443,9.12,48.2,5725,4.148,1.384,12.037
FALSE POSITIVE,3.88673217,1.223,20.491,7.62E+02,21.04,0.0455,1050,287.4,119,5798,4.589,0.767,14.197
CONFIRMED,1.544928892,0.918,1.43586,5.82E+03,13.43,0.0274,1997,3765.46,1109.7,6309,4.199,1.412,13.308
FALSE POSITIVE,11.76921923,0.964,3.219,5.19E+02,3.12,0.105,868,134.04,27.4,6215,4.44,1.052,14.986
FALSE POSITIVE,44.63898306,1.173,3.04001,3.68E+04,50.33,0.2543,551,21.86,488.5,6197,4.449,1.035,15.51
CANDIDATE,1.236866732,0.982,1.242,1.87E+02,1.75,0.0219,1569,1439.3,14.2,5621,4.514,0.879,15.388
FALSE POSITIVE,174.9598048,,5.23,,,,,,,,,,15.246
FALSE POSITIVE,1.926888595,0.589,1.235,1.30E+02,1.31,0.0321,1619,1622.18,11.7,6268,4.429,1.1,14.809
CONFIRMED,34.1420506,0.105,2.945,7.88E+02,1.06,0.151,248,0.89,13.3,3526,4.866,0.383,15.921
FALSE POSITIVE,0.241842544,0.3064,0.7257,2.03E+02,1.16,0.0073,2689,12357.89,29.3,5834,4.577,0.797,15.525
FALSE POSITIVE,0.865759153,0.38,0.8408,1.92E+02,1.53,0.0185,2100,4616.69,18.7,6249,4.428,1.076,15.232
CANDIDATE,1.332035996,0.137,1.391,1.37E+02,0.85,0.022,1365,823.09,12.6,5376,4.616,0.73,15.682
CONFIRMED,8.68910764,0.049,1.1627,1.68E+03,0.49,0.0378,211,0.47,9.6,2703,5.274,0.118,17.131
FALSE POSITIVE,0.63624396,,4,,,,,,,,,,11.29
FALSE POSITIVE,4.4040248,,2.41,,,,,,,,,,14.814
FALSE POSITIVE,9.81101738,,2.09,,,,,,,,,,14.656
CONFIRMED,8.71980135,0.343,3.7454,1.60E+02,1.53,0.0854,987,224.47,22.7,5970,4.317,1.2,13.804
CONFIRMED,7.00821787,0.156,3.812,1.16E+02,1.29,0.0738,1062,300.58,19.2,5970,4.317,1.2,13.804
FALSE POSITIVE,0.903583394,1.242,1.5942,1.03E+03,33.18,0.0191,2162,5162.98,151.7,6455,4.41,1.101,14.811
FALSE POSITIVE,0.99014722,0.329,0.9394,3.21E+02,1.34,0.0182,1433,997.75,23,5072,4.606,0.747,15.896
FALSE POSITIVE,138.6122771,,13.79,,,,,,,,,,15.072
FALSE POSITIVE,0.77359329,0.388,1.7603,8.06E+01,0.82,0.0163,1890,3022.82,21.7,5747,4.508,0.907,14.615
FALSE POSITIVE,0.306937807,0.005,0.5925,1.19E+02,0.82,0.0081,2142,5019.53,29.3,5088,4.58,0.741,14.409
CANDIDATE,0.716531851,0.887,0.655,7.89E+01,1.11,0.0149,2034,4063.57,17.9,5552,4.349,1.03,13.458
FALSE POSITIVE,0.637487312,0.81,1.9626,2.11E+02,1.75,0.0147,2334,7053.67,25,6173,4.39,1.083,15.315
FALSE POSITIVE,5.71489488,0.0125,2.0705,2.93E+02,1.41,0.0606,908,160.68,21.2,5552,4.555,0.833,15.011
FALSE POSITIVE,7.76967007,,4.74,,,,,,,,,,13.787
FALSE POSITIVE,76.642481,0.1653,5.476,6.45E+01,1.36,0.3477,542,20.44,7.6,5537,3.949,1.714,12.852
CANDIDATE,5.47715718,0.244,1.3849,5.68E+02,2.17,0.0576,892,149.23,16.7,5029,4.429,0.93,15.213
FALSE POSITIVE,73.45736853,,5.28,,,,,,,,,,15.77
FALSE POSITIVE,9.49361221,,6.52,,,,,,,,,,13.274
FALSE POSITIVE,4.4296786,,1.96,,,,,,,,,,15.577
FALSE POSITIVE,5.9703813,0.8826,0.669,2.10E+02,1.69,0.0662,981,218.94,5.5,5825,4.504,0.965,15.545
CANDIDATE,7.57299816,0.411,2.645,3.02E+01,0.53,0.0738,875,138.36,10.9,5495,4.442,0.961,11.83
FALSE POSITIVE,3.95383243,,2.37,,,,,,,,,,13.468
CONFIRMED,32.376183,0.896,4.4639,7.45E+02,2.26,0.1789,392,5.61,34.2,4580,4.641,0.675,14.897
CONFIRMED,284.063137,0.888,8.297,1.63E+03,6.36,0.8453,321,2.51,53.5,5791,4.185,1.336,13.929
FALSE POSITIVE,129.683661,,7.86,,,,,,,,,,15.705
FALSE POSITIVE,4.30908594,0.871,1.52,1.61E+02,1.62,0.0515,1172,445.13,17,5754,4.348,1.097,14.562
FALSE POSITIVE,57.104588,0.087,11.5,1.44E+02,0.98,0.2805,425,7.74,9.3,5637,4.564,0.821,14.54
FALSE POSITIVE,0.422015793,1.017,1.23416,1.29E+03,6.69,0.0104,2136,4962.18,304.4,5614,4.587,0.777,14.403
FALSE POSITIVE,0.945825494,0.522,1.8496,1.05E+02,1.14,0.0199,1989,3715.61,22.1,6116,4.44,1.084,14.762
FALSE POSITIVE,0.676715927,0.652,0.63,2.65E+02,1.29,0.0135,1735,2135.8,14.5,5334,4.56,0.733,15.713
CANDIDATE,4.64490141,0.058,2.456,1.06E+02,0.76,0.0495,832,113.62,11.7,4786,4.54,0.77,14.48
FALSE POSITIVE,0.576441813,0.061,2.027,6.08E+01,0.82,0.0138,2471,8812.63,21.2,6459,4.425,1.038,13.883
FALSE POSITIVE,0.423854275,0.449,1.0198,2.35E+02,0.58,0.008,1062,301.79,33.3,3553,4.887,0.368,15.586
FALSE POSITIVE,2.43731228,,1.89,,,,,,,,,,14.513
FALSE POSITIVE,0.692693892,1.265,1.2804,1.43E+03,32.44,0.0156,2050,4160.84,146.7,5907,4.49,0.964,15.417
FALSE POSITIVE,0.768934934,0.989,1.216,8.47E+02,4.09,0.015,1713,2026.85,58.9,5390,4.535,0.777,15.503
FALSE POSITIVE,0.998212785,0.436,2.489,1.19E+02,1.1,0.0199,1888,2998.77,18.8,6072,4.47,0.988,15.544
CONFIRMED,0.764863517,0.235,1.16,1.50E+02,1.04,0.0152,1733,2145.14,13.6,5231,4.476,0.86,15.168
FALSE POSITIVE,0.710894157,0.134,1.0183,1.23E+02,1.16,0.0159,2098,4599.89,18.9,5862,4.424,1.049,14.55
FALSE POSITIVE,0.537839241,0.2589,2.169,2.35E+01,1.49,0.0149,4061,64294.62,12.4,6456,3.659,3.03,10.923
FALSE POSITIVE,0.373684977,0.86,0.9621,4.57E+02,2.25,0.0102,2490,9009,53.8,5970,4.521,0.908,15.688
FALSE POSITIVE,1.10118564,,5.2,,,,,,,,,,13.308
FALSE POSITIVE,0.544962596,0.459,1.085,2.48E+02,1.03,0.0116,1719,2074.18,18.3,5257,4.675,0.639,15.966
FALSE POSITIVE,0.769127296,0.067,0.998,1.15E+02,0.9,0.016,1917,3179.14,17,6024,4.561,0.831,14.98
FALSE POSITIVE,225.5679122,,6.31,,,,,,,,,,15.333
CONFIRMED,4.09578199,0.752,1.704,4.06E+02,1.64,0.0457,851,124.3,11.9,4791,4.577,0.742,15.958
CONFIRMED,91.9401253,0.025,9.195,4.83E+02,2.62,0.4105,450,9.71,34.4,5970,4.317,1.2,13.804
FALSE POSITIVE,92.57337995,,8.45,,,,,,,,,,15.181
FALSE POSITIVE,185.0097245,,17.96,,,,,,,,,,15.647
CONFIRMED,4.5770016,0.327,0.949,7.10E+02,1.33,0.0436,567,24.38,18,3805,4.767,0.497,15.737
CONFIRMED,14.4540329,0.522,7.183,7.97E+01,0.72,0.1038,676,49.51,17.2,5559,4.496,0.79,13.572
FALSE POSITIVE,0.812587678,0.515,1.1144,6.29E+01,1.54,0.0187,2717,12840.3,21.7,6143,4.009,1.877,13.429
CANDIDATE,9.3210841,0.0815,1.81,2.94E+02,0.61,0.0626,394,5.67,6.1,3773,4.925,0.35,15.983
FALSE POSITIVE,19.3073774,0.0275,3.437,3.17E+01,1.21,0.1409,1054,292.25,6.6,6131,3.776,2.142,12.506
FALSE POSITIVE,1.000840564,1.165,1.3292,2.71E+03,80.25,0.0216,3367,30248.83,73.2,6287,3.558,3.177,12.733
CONFIRMED,13.6164547,1.19,5.175,3.76E+02,22.29,0.1125,755,76.81,22.6,5823,4.472,0.972,14.802
CONFIRMED,1.766789509,0.066,1.3345,1.01E+03,1.4,0.0222,730,66.95,26.7,3698,4.81,0.444,16.283
CANDIDATE,7.55842923,0.619,2.91,3.61E+02,1.46,0.0688,694,54.85,10.3,4791,4.577,0.742,15.958
CONFIRMED,35.8656484,0.963,8.035,2.51E+02,2.44,0.2134,633,37.92,26.2,6078,4.29,1.189,13.763
CONFIRMED,0.638162933,0.092,1.2313,1.10E+02,0.91,0.0135,1874,2928.31,17.6,5244,4.449,0.888,14.405
FALSE POSITIVE,1.72929014,0.089,3.609,8.45E+01,0.86,0.0285,1497,1187.75,9.6,5910,4.505,0.94,15.659
FALSE POSITIVE,40.301684,0.5721,1.398,3.75E+02,2.38,0.2439,623,35.6,6.6,6429,4.372,1.177,15.269
CANDIDATE,43.681309,0.257,12.37,2.58E+02,1.33,0.2361,473,11.86,9.8,5726,4.564,0.829,15.649
FALSE POSITIVE,26.524553,0.218,2.359,1.75E+02,2.19,0.1713,695,55.06,10.2,4995,3.954,1.703,13.681
FALSE POSITIVE,26.1537851,0.2437,1.802,2.29E+02,1.47,0.1752,631,37.53,6.2,6091,4.487,0.967,14.833
FALSE POSITIVE,0.944598153,1.012,4.018,2.01E+02,37.61,0.0243,4190,72795.2,35.3,4877,2.839,9.214,13.199
FALSE POSITIVE,354.63284,0.3134,2.227,2.81E+02,0.9,0.7924,152,0.13,6.5,4206,4.703,0.535,13.357
FALSE POSITIVE,35.40103336,,1.75,,,,,,,,,,13.994
CANDIDATE,230.180357,0.102,13.436,3.69E+03,7.57,0.8046,347,3.41,64,6313,4.364,1.246,15.469
FALSE POSITIVE,5.2433865,0.489,12.472,6.54E+01,0.75,0.0588,1038,274.95,19.2,6011,4.522,0.902,14.579
FALSE POSITIVE,5.2435703,1.145,15.864,2.29E+02,12.68,0.0547,890,148.79,25.1,5558,4.621,0.722,15.829
CANDIDATE,55.7583803,0.01,2.497,1.33E+02,1.59,0.2778,537,19.6,9,5413,4.107,1.403,12.746
CANDIDATE,3.781123,0.004,8.15,9.04E+01,1.16,0.0468,1421,962.72,9,6318,4.247,1.216,14.531
CANDIDATE,220.720142,0.113,8.186,8.63E+02,2,0.6529,235,0.72,12,5150,4.634,0.696,15.827
FALSE POSITIVE,634.84739,0.565,16.186,5.43E+02,20.5,1.9816,464,10.97,15.7,5048,2.978,8.611,12.532
CANDIDATE,281.5921577,0.641,5.673,9.31E+03,7.22,0.7763,225,0.61,76,5330,4.627,0.713,15.87
CANDIDATE,103.722152,0.017,6.061,2.97E+02,1.95,0.435,414,6.92,9.4,5784,4.33,1.143,14.775
FALSE POSITIVE,29.9756697,0.8708,2.987,2.58E+02,1.84,0.1907,591,28.85,12,5893,4.462,0.986,14.372
FALSE POSITIVE,387.56519,0.916,13.28,1.08E+03,4.02,1.0678,271,1.28,11.8,6289,4.454,1.02,15.598
FALSE POSITIVE,31.5073649,0.774,7.362,3.31E+02,0.74,0.1422,253,0.97,15.4,3554,4.888,0.37,15.327
FALSE POSITIVE,18.1118457,1.235,6.309,3.29E+02,31.25,0.1423,803,98.09,10.8,6434,4.394,1.138,15.558
CANDIDATE,32.5474295,0.709,6.945,1.57E+02,1.42,0.1992,618,34.42,11.3,6068,4.384,1.061,14.564
CONFIRMED,33.4969115,0.961,4.833,1.64E+02,2.97,0.2008,630,37.3,13.2,4928,3.966,1.688,13.354
CANDIDATE,411.8969,0.4026,6.203,5.03E+02,2.61,1.1588,279,1.43,8.5,6362,4.408,1.144,14.452
FALSE POSITIVE,34.33339948,,2.45,,,,,,,,,,12.152
FALSE POSITIVE,1.389947459,0.437,1.193,1.21E+03,3.39,0.024,1665,1816.13,136.4,5999,4.461,0.95,14.293
CANDIDATE,127.671711,0.2999,2.637,4.50E+02,5.52,0.473,519,17.13,8,4985,3.534,2.633,13.832
FALSE POSITIVE,282.5363563,1.227,10.3088,2.92E+04,70.53,0.8664,360,3.98,854.1,6401,4.175,1.41,13.252
CANDIDATE,115.2314507,,2.01,,,,,,,,,,15.879
FALSE POSITIVE,289.490952,0.1458,3.91,7.73E+02,2.87,0.8552,290,1.66,6.6,5978,4.408,1.032,15.14
CANDIDATE,349.58811,0.1899,5.052,3.73E+02,134.79,1.1802,1351,787.87,11.6,3860,0.949,74.32,12.989
CANDIDATE,1.680254289,0.7314,12.585,5.16E+04,30.88,0.0251,1996,3753.6,178.7,6423,4.121,1.246,12.075
FALSE POSITIVE,0.782068488,0.279,1.239,1.16E+02,21.02,0.0207,6169,343029.57,4.1,4475,2.113,20.237,11.378
CANDIDATE,151.13008,0.0529,3.49,3.58E+02,4.41,0.614,578,26.4,4.6,6768,3.844,2.302,11.867
FALSE POSITIVE,440.650872,,4.07,,,,,,,,,,14.95
CANDIDATE,258.6379778,,7.11,,,,,,,,,,15.594
FALSE POSITIVE,289.7696114,,3.19,,,,,,,,,,12.714
CANDIDATE,628.15844,0.2733,12.144,5.02E+02,0.95,1.0926,101,0.03,14.7,3697,4.829,0.423,13.347
FALSE POSITIVE,273.223848,0.0763,3.787,4.70E+02,8,0.9314,452,9.87,10.6,5079,3.439,3.792,12.741
FALSE POSITIVE,0.650701055,0.4,0.89164,3.71E+05,281.62,0.0217,6285,370319.14,234.3,10921,3.811,3.701,17.037
CANDIDATE,263.90141,0.9585,4.303,8.07E+02,23.91,0.9983,562,23.6,11,5094,3.126,6.247,13.485
FALSE POSITIVE,59.742966,0.9694,6.78,2.85E+02,16.91,0.339,1037,273.48,8.6,5059,2.871,7.322,13.084
CANDIDATE,18.7821603,0.1986,5.573,7.72E+01,0.83,0.138,681,50.97,9.8,5919,4.488,0.94,14.043
CANDIDATE,389.316341,1.202,5.49,2.60E+03,27.61,1.0162,245,0.86,34.7,5731,4.44,0.958,14.57
FALSE POSITIVE,405.32064,0.2964,7.77,5.62E+02,1.34,0.8919,166,0.18,6.2,4694,4.68,0.574,14.955
FALSE POSITIVE,342.830882,0.0886,3.826,4.51E+02,10.76,0.8985,530,18.68,12,4994,2.92,5.205,12.739
CANDIDATE,3.98916186,0.08,1.913,3.18E+02,28.1,0.0725,3293,27838.74,16.3,4998,2.524,16.187,13.56
CONFIRMED,42.8774169,0.02,1.991,1.07E+03,2.67,0.2197,451,9.8,14.8,5256,4.483,0.832,15.654
CANDIDATE,190.800788,0.066,8.082,2.88E+02,1.67,0.6686,321,2.51,13,5993,4.489,0.986,14.322
FALSE POSITIVE,2.97601892,1.176,5.5,3.06E+02,164.46,0.0508,2799,14524.05,35.3,5140,2.955,7.746,13.799
FALSE POSITIVE,2.882424694,1.051,25.91,6.73E+04,399.44,0.0409,2912,17023.71,416.2,4705,2.667,8.058,12.812
CONFIRMED,220.142913,0.023,19.528,1.80E+03,5.94,0.7211,389,5.4,121.2,6340,4.163,1.393,13.771
FALSE POSITIVE,473.95103,0.1671,11.778,3.31E+02,3.32,1.2827,341,3.21,9.6,6513,4.02,1.81,13.978
FALSE POSITIVE,0.534109403,0.476,0.9513,7.83E+01,2.28,0.018,5513,217941.01,37,10747,4.1,2.432,12.314
FALSE POSITIVE,168.77118,36.9452,2.263,2.05E+03,2825.04,0.5423,251,0.93,5.5,4936,4.597,0.719,15.941
CANDIDATE,29.6094263,0.719,2.71,2.25E+02,2.87,0.206,789,91.56,10.8,6079,4.059,1.783,14.385
FALSE POSITIVE,22.9138322,1.189,4.855,3.40E+02,30.24,0.1596,785,89.68,8,6154,4.201,1.334,13.757
FALSE POSITIVE,538.36855,0.0671,19.26,5.46E+02,2.37,1.3322,237,0.74,7,6148,4.461,1.015,15.674
FALSE POSITIVE,65.5327181,0.3023,2.256,3.73E+02,1.79,0.3116,437,8.61,5.9,5755,4.48,0.923,15.319
CANDIDATE,161.537665,0.2175,2.65,1.02E+02,1.37,0.6016,400,6.04,5.9,6033,4.218,1.358,12.426
FALSE POSITIVE,1.018360336,0.553,7.622,3.94E+05,107,0.0204,2302,6627.64,967.4,6160,4.144,1.463,14.299
CANDIDATE,209.967521,0.2723,2.585,1.20E+02,1.16,0.7116,344,3.29,7.1,6437,4.439,1.042,12.489
CANDIDATE,369.73011,0.1236,14.27,2.75E+02,1.66,1.0198,274,1.34,9.6,6283,4.453,0.999,13.976
FALSE POSITIVE,78.04064906,,2.15,,,,,,,,,,12.878
FALSE POSITIVE,396.349253,0.0384,2.685,4.13E+02,2.39,1.12,293,1.73,5.7,6495,4.379,1.168,14.795
FALSE POSITIVE,0.502807253,1.2503,1.01493,4.66E+03,26.81,0.0109,1825,2623.68,240,5109,4.564,0.715,15.341
CANDIDATE,21.3684341,0.063,1.18,4.93E+02,1.72,0.1362,551,21.86,9.7,5204,4.515,0.786,15.47
FALSE POSITIVE,149.526152,0.4364,3.033,7.53E+02,1.69,0.4731,202,0.39,7.6,3978,4.642,0.628,15.345
FALSE POSITIVE,2.845736321,1.294,11.5703,3.13E+03,402.16,0.0503,3058,20649.68,297.8,4878,2.745,10.154,12.367
CANDIDATE,29.5632952,0.154,1.562,5.33E+02,1.9,0.1816,527,18.23,10.4,5595,4.562,0.828,15.684
CANDIDATE,181.81214,0.3694,16.164,4.75E+02,2.04,0.63,324,2.6,21.3,6060,4.509,0.925,14.94
CANDIDATE,435.50635,0.1452,34.16,5.54E+02,2.06,1.1173,225,0.61,8.2,5750,4.538,0.882,15.667
CANDIDATE,525.560452,0.0878,2.327,1.20E+03,12.74,1.4077,359,3.92,10.9,4954,3.408,3.796,13.795
FALSE POSITIVE,43.60012467,,1.48,,,,,,,,,,15.385
FALSE POSITIVE,1.710299164,0.878,3.92227,1.57E+05,57.97,0.027,1638,1700.05,2291.1,6082,4.385,1.006,10.154
FALSE POSITIVE,252.04444,0.1903,5.13,1.50E+03,2.49,0.6844,196,0.35,6.1,4514,4.621,0.664,15.884
FALSE POSITIVE,1.39508873,,2.09,,,,,105390.13,,,,,11.809
CANDIDATE,95.688682,0.5497,6.465,4.54E+02,28.41,0.5897,1046,283.07,9.8,5040,2.681,13.056,13.933
FALSE POSITIVE,153.521361,0.1485,3.893,2.55E+02,3.09,0.597,493,13.99,5.7,6233,3.951,1.921,13.636
CANDIDATE,38.168652,0.0283,5.086,9.06E+01,1.4,0.2238,696,55.36,8.3,6164,4.117,1.465,13.195
FALSE POSITIVE,3.0031801,0.98,2.814,3.75E+02,4.7,0.045,1827,2630.88,13.9,6606,4.071,1.768,14.526
FALSE POSITIVE,2.96384168,1.059,5.4768,3.57E+04,43.7,0.0423,1406,925.63,607.5,6095,4.371,1.158,14.502
CANDIDATE,69.089357,0.051,6.207,4.75E+02,1.47,0.2895,332,2.87,8.6,4848,4.581,0.698,15.572
FALSE POSITIVE,43.142257,1.179,61.73,2.83E+02,37.88,0.2654,706,58.68,30.5,6198,4.069,1.769,14.756
CONFIRMED,3.290304098,0.09,1.7215,1.36E+04,4.91,0.0327,540,20.06,220.5,3386,4.81,0.427,15.669
CANDIDATE,40.9882124,0.2697,3.599,1.46E+02,1.44,0.2381,657,43.98,11.3,6705,4.328,1.174,13.006
FALSE POSITIVE,326.70552,0.0826,3.36,7.94E+02,2.83,0.8585,287,1.61,9.1,6036,4.337,0.998,14.703
CANDIDATE,138.333748,0.4579,2.391,6.04E+02,6.28,0.5087,488,13.45,8.4,4948,3.588,2.547,13.419
FALSE POSITIVE,343.49816,0.3516,7.46,4.31E+02,1.27,0.8158,164,0.17,7.1,4256,4.635,0.624,14.26
FALSE POSITIVE,11.2582311,0.115,16.89,3.00E+02,1.24,0.0867,667,46.86,22.2,5242,4.556,0.722,15.902
FALSE POSITIVE,139.5421915,,3.42,,,,,,,,,,13.836
FALSE POSITIVE,155.046089,1.271,10.205,2.24E+03,444.08,0.8591,1101,347.12,36.7,6513,2.782,12.613,12.649
FALSE POSITIVE,14.3641542,0.2764,2.629,8.92E+01,0.98,0.1117,795,94.33,6.5,5925,4.364,1.033,14.016
FALSE POSITIVE,12.4276185,0.303,18.56,1.47E+02,1.14,0.1069,768,82.45,12.6,5869,4.513,0.942,15.79
FALSE POSITIVE,12.427076,0.026,17.447,4.75E+01,0.82,0.1045,870,135.77,25.3,5841,4.278,1.193,11.6
CANDIDATE,22.4932751,0.1313,3.172,1.52E+02,6.04,0.1861,1183,463.56,11.2,5186,3.273,4.98,11.4
FALSE POSITIVE,315.502534,0.02,3.112,6.89E+02,19.71,1.169,565,24.01,9.5,4970,2.989,7.752,12.974
CANDIDATE,215.732414,0.4046,1.915,2.08E+02,1.26,0.6553,292,1.72,7.3,5790,4.479,0.856,13.372
FALSE POSITIVE,276.5416798,,7.76,,,,,,,,,,15.999
CONFIRMED,4.13960513,0.344,3.31,1.07E+02,1.24,0.0537,1352,789.48,11.6,6535,4.373,1.181,14.275
FALSE POSITIVE,200.79976,1.016,7.6419,9.26E+04,48.77,0.6734,303,2,930.8,5896,4.518,0.916,15.814
CANDIDATE,8.0906952,0.151,2.648,8.24E+01,0.8,0.077,811,102.43,8.1,5374,4.495,0.902,14.441
FALSE POSITIVE,1.195515364,0.475,6.08509,3.96E+05,156.91,0.0231,2640,11494.67,4630.1,6047,3.789,2.264,13.535
FALSE POSITIVE,210.971635,0.2091,3.578,5.19E+02,2.04,0.6922,293,1.75,6.5,5838,4.529,0.897,15.106
CANDIDATE,188.954072,0.014,14.17,1.67E+02,2.46,0.6888,468,11.36,10.9,6392,3.967,1.899,13.039
FALSE POSITIVE,42.02646,0.7156,2.553,1.90E+02,1.5,0.2379,561,23.47,6,6158,4.431,1.016,14.519
FALSE POSITIVE,372.04697,0.0457,14.29,6.73E+02,2.7,1.0477,271,1.28,25.2,6173,4.447,1.041,14.726
FALSE POSITIVE,438.81524,0.108,6.75,3.33E+02,1.36,1.0225,202,0.39,9.2,5324,4.551,0.755,13.589
FALSE POSITIVE,18.622214,0.792,4.42,5.83E+03,20.83,0.1542,1101,347.32,20.1,6235,3.801,2.471,11.347
FALSE POSITIVE,27.8923345,0.0465,2.204,1.40E+02,2.1,0.1833,807,100.41,9,5873,3.96,1.78,13.373
CANDIDATE,579.81521,0.8425,5.43,6.07E+02,2.71,1.3446,218,0.53,7.9,5822,4.449,0.969,14.473
CANDIDATE,19.12788374,,2,,,,,,,,,,15.892
FALSE POSITIVE,452.10093,0.1063,12.69,4.64E+02,2.08,1.135,254,0.99,6.2,6276,4.456,0.956,15.107
FALSE POSITIVE,0.7906069,1.198,3.3996,6.89E+02,17.97,0.0155,1503,1201.17,133.3,4994,4.62,0.72,14.469
FALSE POSITIVE,24.5714867,0.978,29.96,5.06E+02,3.04,0.1636,637,39,31.1,5977,4.462,0.956,14.924
FALSE POSITIVE,0.681137796,0.968,2.7287,1.05E+05,45.75,0.0141,2025,3995.23,432.5,5872,4.474,0.864,12.545
FALSE POSITIVE,3.722404453,2.375,2.5214,5.54E+04,144.2,0.0439,1082,323.4,148.9,5747,4.542,0.799,15.691
FALSE POSITIVE,230.385488,0.2423,3.134,5.68E+02,10.13,0.7802,522,17.57,9.3,5024,3.241,4.331,13.264
FALSE POSITIVE,222.8490931,,2.43,,,,,,,,,,14.786
CANDIDATE,493.74242,0.2377,5.685,5.06E+02,7.15,1.2355,358,3.9,12.4,5015,3.429,3.243,12.518
FALSE POSITIVE,1.714414962,1.181,5.17207,1.10E+05,116.92,0.0304,2042,4099.19,6485.8,6351,4.126,1.613,13.309
FALSE POSITIVE,646.2878933,0.004,5.39144,5.86E+04,43.47,1.6179,304,2.03,1107.1,6582,4.069,1.777,13.03
FALSE POSITIVE,290.438547,0.0916,12.85,2.13E+02,1.11,0.7939,235,0.72,11.9,5392,4.557,0.775,13.064
FALSE POSITIVE,0.766298172,0.813,1.78462,1.94E+04,15.64,0.0163,2163,5154.54,368.9,6267,4.431,0.996,15.581
FALSE POSITIVE,1.049468616,0.731,4.848,2.20E+01,0.84,0.023,2808,14709.49,22.8,7479,4.162,1.667,12.519
FALSE POSITIVE,2.362348096,1.219,3.5979,7.25E+02,89.55,0.0375,2104,4625.06,103.6,5088,3.502,3.293,13.99
FALSE POSITIVE,136.830243,0.3813,2.956,4.64E+02,17.22,0.6957,764,80.57,8.4,5096,3.007,8.038,13.762
FALSE POSITIVE,103.284757,0.6314,1.674,7.84E+01,1.96,0.4601,583,27.31,5.5,6185,3.878,2.101,12.97
FALSE POSITIVE,36.1904638,0.2147,1.919,2.63E+02,1.69,0.221,592,29.08,6.8,6210,4.45,1.033,14.969
FALSE POSITIVE,419.75224,0.3316,4.154,7.54E+02,2.82,1.1258,257,1.03,6.3,6137,4.457,1.016,15.691
FALSE POSITIVE,419.95929,0.4834,13.86,1.96E+02,1.53,1.0432,266,1.18,5.9,5953,4.314,1.068,14.44
FALSE POSITIVE,206.309658,0.8152,1.498,2.77E+02,2.36,0.6882,361,4.01,8.3,6028,4.241,1.267,12.351
FALSE POSITIVE,8.46184728,0.965,35.525,4.11E+02,4.92,0.0957,1511,1233.13,142.4,7663,4.087,1.913,12.509
FALSE POSITIVE,681.01756,0.362,8.74,1.34E+02,1.69,1.4775,274,1.33,9.2,6295,4.091,1.435,12.119
FALSE POSITIVE,2.19509634,0.173,1.796,2.28E+02,1.32,0.0328,1324,725.21,14.3,5799,4.539,0.878,15.933
CANDIDATE,9.942228056,0.93,2.45451,3.11E+04,22.15,0.0831,740,70.93,1073.3,5268,4.475,0.843,14.099
FALSE POSITIVE,141.0058279,,3,,,,,,,,,,14.941
CANDIDATE,22.2903562,0.028,1.623,1.30E+02,1.13,0.1527,632,37.67,8.1,5597,4.418,1,13.993
FALSE POSITIVE,73.9239955,0.2907,1.699,6.34E+02,1.64,0.3075,325,2.64,6.1,5040,4.652,0.658,15.959
FALSE POSITIVE,1.8437362,1.189,21.04,3.41E+02,25.26,0.0298,1628,1655.74,83.4,6032,4.358,1.114,14.615
CANDIDATE,55.180772,0.306,9.791,4.75E+02,2.37,0.2953,531,18.79,11.5,6306,4.426,1.076,15.551
FALSE POSITIVE,281.36926,0.038,66.892,1.24E+04,56.94,0.9334,507,15.57,135.6,4818,3.125,5.303,16.353
CANDIDATE,84.6405853,0.2541,2.657,7.84E+02,1.72,0.3212,271,1.27,8.2,4386,4.629,0.63,15.16
FALSE POSITIVE,262.71162,0.019,7.72,1.45E+03,3.69,0.7602,272,1.29,7,5398,4.375,0.99,16.546
FALSE POSITIVE,6.0353643,0.707,9.211,4.72E+01,1.88,0.0788,1852,2779.94,23.4,7377,3.876,2.552,12.291
CANDIDATE,15.2024426,0.324,8.11,8.34E+02,113.97,0.1463,2955,18026.22,4,3984,1.461,41.367,13.297
FALSE POSITIVE,1.52327807,0.026,3.813,9.24E+02,22.88,0.0258,3461,33813.44,78.5,4477,2.633,7.912,14.161
FALSE POSITIVE,260.311199,,3.23,,,,,,,,,,14.34
FALSE POSITIVE,574.37064,0.7455,11.89,2.28E+02,3.11,1.3812,350,3.53,12,6749,3.905,1.905,12.928
FALSE POSITIVE,253.87706,0.3892,11.18,2.66E+02,1.81,0.8119,334,2.95,5.7,6553,4.41,1.086,12.724
FALSE POSITIVE,523.36921,1.0046,1.007,9.92E+03,17.45,1.2629,240,0.78,8.4,6397,4.508,0.913,15.577
CANDIDATE,110.089267,0.2852,1.575,1.02E+03,2.4,0.4205,322,2.54,5.6,5465,4.6,0.75,15.792
CANDIDATE,219.931324,0.307,4.818,6.41E+02,2.3,0.7037,279,1.43,7.1,5557,4.5,0.912,14.254
CANDIDATE,385.29212,0.0118,19.417,2.19E+02,1.57,1.007,290,1.68,15.1,6440,4.355,1.053,13.086
FALSE POSITIVE,80.292171,0.0606,1.936,1.59E+02,1.33,0.3711,459,10.49,6,6188,4.42,1.049,13.462
FALSE POSITIVE,1.049406508,0.112,3.0072,4.48E+02,27.45,0.0244,4913,137177.82,61.3,4745,2.425,13.417,12.387
CANDIDATE,455.195496,0.054,3.565,2.94E+02,2.09,1.1739,290,1.67,8,6478,4.29,1.209,12.376
FALSE POSITIVE,3.58957045,0.002,3.418,1.22E+03,2.49,0.0414,862,131.02,53.6,4608,4.559,0.746,15.705
FALSE POSITIVE,2.40435325,1.202,6.825,3.50E+02,24.16,0.0352,1359,806.18,23.3,5780,4.438,1,10.63
FALSE POSITIVE,37.078668,0.5101,4.403,1.47E+02,0.8,0.189,419,7.27,6.9,5120,4.628,0.65,14.617
CANDIDATE,50.55398,0.1379,6.159,2.00E+02,0.94,0.2377,367,4.29,7.9,4895,4.609,0.687,14.867
FALSE POSITIVE,228.196872,0.5034,3.525,1.45E+02,1.42,0.7342,353,3.66,6.9,6425,4.331,1.138,13.061
FALSE POSITIVE,44.71445009,1.032,5.7615,9.02E+04,50.54,0.2465,533,19.09,2629,6185,4.49,0.941,14.965
CANDIDATE,200.2350497,0.674,23.612,1.08E+04,10.99,0.686,325,2.63,220.6,6108,4.471,0.997,15.392
FALSE POSITIVE,40.8801539,0.016,5.472,3.96E+02,0.92,0.1817,265,1.17,10,3746,4.775,0.469,15.943
CANDIDATE,31.5034587,0.053,3.315,2.11E+02,1.17,0.1894,484,13.02,8.6,5269,4.567,0.823,15.164
CANDIDATE,22.2381062,0.288,2.68,1.04E+02,1.09,0.1599,702,57.27,7.1,6192,4.433,1.055,14.296
CANDIDATE,20.5477769,0.028,4.634,2.54E+02,1.67,0.1514,690,53.65,12.1,5922,4.429,1.057,15.529
FALSE POSITIVE,25.166806,0.65,2.111,1.35E+03,2.72,0.1477,483,12.84,7.2,5013,4.574,0.704,15.743
FALSE POSITIVE,323.972022,0.6528,1.25,4.62E+02,2.96,0.9659,307,2.11,8.7,6002,4.267,1.302,13.683
FALSE POSITIVE,1.752562808,0.545,6.1245,3.68E+05,124.23,0.0294,2018,3915.22,5494.6,5853,3.971,1.795,11.388
FALSE POSITIVE,45.5827119,0.253,3.193,7.65E+01,2.42,0.3045,957,198.31,9.6,7266,3.828,2.715,12.661
FALSE POSITIVE,1.89140138,1.222,9.52,5.58E+02,25.67,0.0296,1377,849.6,12.4,5504,4.466,0.952,17.159
FALSE POSITIVE,6.70258007,1.237,4.632,8.59E+02,403.01,0.0881,2635,11398.6,23,4799,2.475,13.652,13.25
FALSE POSITIVE,6.2095391,0.308,2.752,4.79E+01,30.47,0.0637,4585,104479.02,8.3,3861,1.06,46.169,11.989
FALSE POSITIVE,363.17077,0.008,28.26,3.85E+02,9.82,1.4756,810,101.64,20.9,10134,3.579,4.842,13.603
FALSE POSITIVE,615.16033,0.1544,3.958,2.67E+02,4.48,1.7973,430,8.08,5.4,7937,3.882,2.711,13.503
FALSE POSITIVE,1.89124738,0.452,4.697,4.10E+02,1.2,0.025,989,225.34,17.4,4615,4.66,0.589,16.341
FALSE POSITIVE,1.89125883,0.013,4.656,2.75E+02,23.6,0.0286,4480,95092.9,15.3,4449,2.031,14.894,13.982
FALSE POSITIVE,362.1273,0.0924,6.719,1.10E+03,1.68,0.8039,132,0.07,6.5,3734,4.74,0.513,15.84
FALSE POSITIVE,353.36705,0.2481,3.279,3.41E+01,2.6,1.3625,701,57.03,7,8892,3.592,4.35,9.725
CANDIDATE,180.4118581,0.953,3.29,4.27E+03,8.86,0.6365,329,2.77,33.2,6032,4.485,0.973,15.656
FALSE POSITIVE,4.750256809,0.727,1.9278,3.95E+02,12.35,0.0683,2090,4504.96,42.7,5161,3.192,5.753,11.54
FALSE POSITIVE,623.005238,0.895,23.5615,1.40E+05,66.64,1.4554,229,0.64,2386.6,5689,4.299,1.207,14.023
FALSE POSITIVE,45.41810604,,5.3,,,,,,,,,,14.022
FALSE POSITIVE,1.878877205,1.005,5.8768,1.04E+05,109.55,0.0348,2523,9554.79,525.4,7542,4.036,1.999,12.725
FALSE POSITIVE,0.938857507,1.217,3.98767,1.30E+04,1148.7,0.0203,6867,526061.85,962.6,4217,1.656,27.676,10.147
FALSE POSITIVE,287.4657966,,9.06,,,,,,,,,,13.695
FALSE POSITIVE,32.245486,0.2216,13.86,9.36E+01,1.18,0.1936,683,51.39,10,6197,4.242,1.208,9.931
CANDIDATE,392.47291,0.761,7.867,3.46E+02,5.46,1.1814,442,9.04,12.2,6626,3.728,2.704,12.361
FALSE POSITIVE,142.2040011,,3,,,,,,,,,,13.854
FALSE POSITIVE,149.237142,0.0847,2.503,7.72E+02,2.22,0.5331,299,1.89,6.9,5492,4.576,0.812,15.683
FALSE POSITIVE,501.51698,0.0768,3.809,4.87E+02,1.99,1.1825,224,0.59,6.9,5796,4.466,0.906,14.768
FALSE POSITIVE,357.77096,0.1056,12.999,2.16E+02,1.42,0.9427,249,0.9,9.7,5523,4.395,0.981,14.161
FALSE POSITIVE,531.33282,0.3099,3.702,6.69E+02,2.67,1.3225,239,0.77,7.1,6163,4.457,1.022,15.191
FALSE POSITIVE,396.048721,0.978,16.376,9.32E+02,13.52,1.1619,370,4.43,39.4,5327,3.643,2.882,12.992
FALSE POSITIVE,326.370361,0.4924,4.526,5.69E+02,22.6,1.2932,615,33.84,13.7,5188,2.929,9.343,10.963
FALSE POSITIVE,148.666527,0.2782,4.353,3.19E+02,6.81,0.6404,559,23.08,8.6,5155,3.462,3.87,13.697
FALSE POSITIVE,163.104677,0.575,2.129,5.76E+02,2.58,0.5909,337,3.06,6,5766,4.418,1.04,15.201
FALSE POSITIVE,1.10656965,0.263,1.669,8.64E+01,1.09,0.0223,1988,3696.18,8.4,6237,4.387,1.165,14.582
FALSE POSITIVE,46.27052487,0.859,8.93033,6.62E+04,35.98,0.2577,572,25.29,4607.4,6357,4.405,1.072,13.529
FALSE POSITIVE,13.4256161,0.5971,11.781,1.42E+02,1.66,0.1189,987,224.45,12.5,6686,4.283,1.332,13.05
FALSE POSITIVE,590.44065,0.2858,7.55,1.26E+02,1.62,1.497,291,1.7,6.9,6782,4.243,1.417,12.773
FALSE POSITIVE,28.88008607,,1.35,,,,,,,,,,15.363
FALSE POSITIVE,2.858879267,1.262,2.3753,6.45E+02,515.07,0.0573,3638,41379.77,37.1,4893,2.501,16.274,12.529
FALSE POSITIVE,241.647602,0.0404,1.742,3.62E+02,1.88,0.7582,300,1.92,5.6,5962,4.445,0.989,13.586
FALSE POSITIVE,528.0796233,,3.49,,,,,,,,,,15.09
FALSE POSITIVE,25.2218929,,14.84,,,,,101.29,,,,,11.941
FALSE POSITIVE,105.5212746,,2.52,,,,,,,,,,15.555
CANDIDATE,581.729006,0.2236,6.647,1.87E+02,2.74,1.368,308,2.12,8.6,5765,3.837,2.005,12.362
FALSE POSITIVE,420.9292036,1.033,17.3985,8.60E+04,62.76,1.1317,293,1.74,1740.2,6461,4.319,1.197,13.858
FALSE POSITIVE,393.946106,0.9691,6.012,7.48E+02,18.07,1.1118,440,8.83,10.9,4888,3.18,4.622,12.768
FALSE POSITIVE,194.896925,0.5298,2.504,5.57E+02,8.98,0.6063,575,25.77,8.8,5269,3.193,3.706,13.562
CANDIDATE,56.001782,0.5045,1.706,1.25E+02,1.54,0.2842,584,27.51,7.2,6116,4.178,1.332,13.228
FALSE POSITIVE,471.9507625,,5.03,,,,,,,,,,14.817
FALSE POSITIVE,101.928291,0.1628,2.171,2.44E+02,1.7,0.4246,391,5.55,6.3,5489,4.339,1.11,14.353
FALSE POSITIVE,379.63135,0.1257,16.78,1.04E+03,1.67,0.8544,168,0.19,13.8,4847,4.755,0.527,15.37
CANDIDATE,69.932459,0.0356,2.03,2.64E+02,8.25,0.415,812,102.62,8.4,5207,3.298,5.183,13.809
CONFIRMED,287.377314,0.015,18.821,4.38E+03,11.67,0.8748,350,3.56,60.4,5548,3.964,1.793,15.756
CANDIDATE,535.93723,0.5968,11.85,3.37E+02,1.83,1.3107,227,0.63,8.8,6014,4.494,0.958,14.679
FALSE POSITIVE,367.72767,0.2729,3.104,9.26E+02,1.96,0.8925,184,0.27,5.8,4869,4.648,0.657,15.171
FALSE POSITIVE,4.20601251,0.304,6.82,1.07E+02,0.82,0.0464,1004,239.82,10.7,5514,4.518,0.79,15.454
CANDIDATE,313.051405,0.2093,10.969,5.95E+02,2.91,0.9249,310,2.2,39.5,6218,4.322,1.185,12.842
FALSE POSITIVE,4.18236124,0.809,6.70175,1.94E+05,69.37,0.0512,1303,680.56,2666,6188,4.314,1.166,14.74
CANDIDATE,18.9828305,0.021,6.303,4.91E+01,0.72,0.1431,707,59.15,9.6,5962,4.443,1.035,13.048
FALSE POSITIVE,186.59466,0.1328,16.57,6.85E+02,2.66,0.6565,338,3.07,8.8,6163,4.461,1.013,15.899
FALSE POSITIVE,7.87173698,0.001,2.619,3.47E+01,0.54,0.0724,862,130.96,10.8,5428,4.404,0.94,11.237
CANDIDATE,357.437578,0.1427,15.903,2.72E+02,3.13,1.1758,422,7.53,13.6,7610,4.127,1.862,13.723
CANDIDATE,215.634356,0.002,15.097,1.48E+02,1.92,0.7111,404,6.28,12.3,6163,4.06,1.568,13.793
CANDIDATE,30.928898,0.7846,3.436,2.03E+02,8.1,0.2282,1051,288.95,8.5,5029,3.237,5.127,13.907
FALSE POSITIVE,7.155547398,0.883,4.5711,2.57E+03,48.93,0.093,2049,4166.27,124.6,4992,2.947,8.052,13.672
CANDIDATE,293.392635,0.1322,3.661,5.19E+02,6.84,0.8787,428,7.93,9.9,5203,3.489,3.055,13.705
FALSE POSITIVE,63.024229,0.0223,5.77,2.95E+02,1.5,0.3106,424,7.66,6.1,5691,4.544,0.887,15.705
FALSE POSITIVE,506.771836,0.1643,10.535,1.95E+02,1.8,1.2029,275,1.35,15,6035,4.177,1.283,12.588
CANDIDATE,5.43361347,0.234,1.0338,1.42E+03,2.09,0.0501,548,21.27,17.9,3694,4.686,0.566,15.808
CANDIDATE,47.82278681,,1.19,,,,,,,,,,14.395
CANDIDATE,348.96347,0.6924,13.84,5.85E+02,2.04,0.9152,198,0.36,11.8,4823,4.564,0.792,15.325
FALSE POSITIVE,57.1143966,0.1765,2.182,2.69E+02,1.82,0.2966,523,17.64,5.9,6136,4.378,1.106,14.245
CANDIDATE,59.4037839,0.94,10.041,1.24E+02,1.65,0.2942,570,24.93,17,6373,4.256,1.209,11.679
FALSE POSITIVE,485.91276,0.598,2.42,1.37E+03,3.61,1.221,230,0.66,7,5957,4.506,0.937,15.645
FALSE POSITIVE,20.5311708,0.547,5.67,2.85E+02,1.39,0.1417,568,24.52,9.8,5398,4.58,0.805,15.673
FALSE POSITIVE,2.31164074,0.252,2.317,4.89E+02,39.73,0.0515,4074,65140.27,24.6,4883,2.439,18.427,13.041
CANDIDATE,43.581043,0.277,6.883,3.49E+02,1.94,0.2498,558,22.89,8.7,6225,4.45,1.031,15.63
CANDIDATE,327.063,0.3983,8.06,1.01E+03,2.82,0.9231,248,0.89,8.8,5750,4.538,0.882,15.941
FALSE POSITIVE,21.92866538,0.931,9.7526,2.22E+04,65.97,0.1526,983,220.41,664.6,5001,3.469,3.028,10.946
CANDIDATE,651.07431,0.0343,5.603,1.54E+02,1.55,1.4502,234,0.71,7.1,5696,4.218,1.261,12.524
CANDIDATE,49.1782244,0.315,5.8,4.49E+02,1.79,0.2402,468,11.32,9.4,5674,4.473,0.839,15.527
FALSE POSITIVE,545.54618,0.4307,6.944,1.78E+02,2.01,1.3536,296,1.82,9,6432,4.145,1.476,11.577
FALSE POSITIVE,1.928420823,0.818,3.8253,1.91E+05,79.4,0.0319,1882,2960.96,438.3,6615,4.257,1.326,15.175
FALSE POSITIVE,328.84846,0.5355,5.45,9.01E+02,2.23,0.8538,219,0.54,6,5382,4.603,0.724,15.876
CANDIDATE,271.790292,0.0142,2.944,3.18E+02,2.38,0.8611,354,3.72,8.1,6484,4.258,1.32,13.887
FALSE POSITIVE,125.9578198,,8.63,,,,,,,,,,15.184
CANDIDATE,3.5645249,0.188,2.062,5.39E+01,0.6,0.0447,1029,265.37,8,5435,4.578,0.824,12.936
FALSE POSITIVE,426.34444,0.032,14.139,9.02E+01,1.33,1.1269,314,2.29,9.7,6395,4.17,1.394,12.254
CANDIDATE,48.2455501,0.3106,1.375,6.05E+01,0.64,0.2363,449,9.61,5,5441,4.481,0.827,12.429
FALSE POSITIVE,256.846143,99.85,6.289,1.71E+03,46743.4,0.8917,506,15.52,14.9,5208,3.321,4.329,13.93
FALSE POSITIVE,146.931518,0.99,23.78,2.57E+02,2.89,0.5495,395,5.78,19.3,6237,4.338,1.135,13.986
CANDIDATE,377.311149,0.3818,3.33,8.04E+02,2.56,1.0168,243,0.83,8.3,5897,4.531,0.891,15.495
CANDIDATE,265.741374,0.652,18.078,2.73E+02,3.24,0.9044,413,6.9,21.6,6537,4.044,1.859,13.491
CANDIDATE,470.65357,0.1585,3.458,9.85E+02,2.99,1.1952,238,0.75,8.3,6039,4.493,0.951,15.07
FALSE POSITIVE,309.19347,0.1186,23.51,1.45E+03,3.07,0.8687,236,0.73,6.5,5504,4.572,0.819,15.68
FALSE POSITIVE,1.541530919,0.759,4.8691,2.13E+05,115.49,0.0304,2689,12320.99,601.5,7631,4.059,1.937,15.348
FALSE POSITIVE,122.713036,0.5737,3.999,2.91E+02,1.79,0.4947,393,5.66,6.5,6244,4.46,1.009,15.158
CANDIDATE,15.18575582,0.474,0.633,2.57E+02,2.26,0.1222,922,170.46,11.8,6311,4.207,1.339,12.493
FALSE POSITIVE,25.50236699,,1.8,,,,,,,,,,15.292
FALSE POSITIVE,290.625016,0.0854,4.411,1.48E+02,2.86,0.9001,375,4.67,10.3,5195,3.735,2.409,11.098
FALSE POSITIVE,2.945414866,0.002,2.702,9.69E+02,38.32,0.0391,3531,36765.85,47.5,4403,2.178,12.927,11.557
CANDIDATE,59.14382117,,1.74,,,,,,,,,,13.815
FALSE POSITIVE,232.822285,1.2469,0.99,2.26E+04,48.88,0.752,305,2.05,8.8,6106,4.487,0.966,13.122
FALSE POSITIVE,146.355097,0.0515,5.034,8.20E+02,0.82,0.3568,135,0.08,6,3401,4.964,0.29,15.913
CANDIDATE,26.092284,0.068,6.623,1.22E+02,1.35,0.1849,717,62.57,12.2,6346,4.362,1.214,13.98
FALSE POSITIVE,0.523493764,0.083,0.9015,5.40E+01,1.82,0.0141,3565,38110.61,23.5,6122,3.791,2.455,13.085
FALSE POSITIVE,514.14221,0.1024,4.153,1.49E+03,2.98,1.1866,198,0.36,5.8,5524,4.579,0.78,15.773
CANDIDATE,47.0628978,0.819,1.545,1.65E+03,4.1,0.2546,483,12.9,14.5,5838,4.529,0.897,15.706
FALSE POSITIVE,26.7371395,0.734,4.68919,5.35E+04,29.28,0.1757,655,43.59,4731.1,5794,4.317,1.155,12.688
FALSE POSITIVE,310.61299,0.1879,2.562,9.20E+02,3.04,0.9211,279,1.43,6.5,6063,4.47,1.001,15.503
FALSE POSITIVE,461.1417,0.0046,3.875,3.82E+02,7.1,1.0992,410,6.7,9.4,5071,3.222,3.698,11.372
FALSE POSITIVE,0.987069622,0.2,1.0092,3.85E+02,2.43,0.0208,2232,5878.09,2.5,6602,4.354,1.223,13.114
FALSE POSITIVE,329.71491,0.0651,12.11,3.37E+02,1.39,0.8532,232,0.68,6,5576,4.56,0.758,14.576
CANDIDATE,100.345648,0.54,7.939,3.72E+02,1.57,0.3965,325,2.62,15.2,5180,4.548,0.8,14.855
CANDIDATE,111.187116,0.8164,3.569,1.11E+02,1.51,0.4341,440,8.86,7.3,5806,4.168,1.281,12.709
FALSE POSITIVE,1.23708565,1.222,5.743,8.04E+02,36.31,0.0234,2174,5293.07,55.3,6556,4.243,1.324,14.462
FALSE POSITIVE,498.24938,0.1282,8.73,5.23E+02,14.02,1.551,441,8.95,11.8,4949,3.136,6.334,12.519
FALSE POSITIVE,1.573020098,1.184,15.574,2.92E+02,31.6,0.029,2113,4693.57,195.5,6770,4.232,1.449,9.616
CANDIDATE,27.765596,0.069,19.49,1.48E+02,1.2,0.1847,605,31.66,14.2,5897,4.476,0.999,15.197
FALSE POSITIVE,1.534679933,0.108,1.7237,4.57E+02,18.39,0.0332,3570,38505.56,64.6,4965,2.863,8.834,12.224
FALSE POSITIVE,71.59889,0.6496,10.53,6.54E+02,4.49,0.3422,645,40.96,5.7,6637,4.014,1.662,10.877
CANDIDATE,367.6758,0.0213,23.5,7.00E+02,2.77,1.0505,271,1.27,14,6140,4.455,1.048,15.343
CANDIDATE,354.21154,0.2007,18.594,8.21E+02,8.41,1.0491,363,4.12,22,4842,3.562,3.035,13.682
CANDIDATE,171.028691,0.26,11.784,3.94E+02,2.49,0.6461,376,4.72,13.1,6123,4.332,1.252,14.892
CANDIDATE,624.90338,0.0703,12.169,2.49E+02,2.77,1.6505,320,2.48,10.6,7089,4.148,1.729,13.62
CANDIDATE,25.5338535,0.1577,2.076,3.68E+02,1.18,0.1454,410,6.66,8.3,4445,4.63,0.635,15.573
CANDIDATE,339.18998,0.2222,5.117,8.22E+02,2.75,0.9053,253,0.96,7.6,5544,4.402,0.966,15.278
FALSE POSITIVE,77.66967809,,3.01,,,,,,,,,,13.528
FALSE POSITIVE,2.976012511,0.444,6.52033,4.49E+05,79.99,0.0417,1476,1119.89,3630.4,6572,4.408,1.08,11.287
CANDIDATE,349.73652,0.0074,3.428,8.86E+02,2.32,0.9325,216,0.52,6,5310,4.582,0.796,15.466
FALSE POSITIVE,1.606003121,0.496,4.88602,4.03E+05,360.08,0.0245,3359,30041.73,4679.3,5297,2.909,5.059,14.194
FALSE POSITIVE,61.438007,0.754,3.861,2.53E+02,14.79,0.4115,1020,255.93,9,5080,2.967,8.527,13.213
CANDIDATE,436.18813,0.0998,11.35,1.18E+02,1.64,1.1232,331,2.84,8.7,6499,4.084,1.497,13.026
FALSE POSITIVE,147.863607,0.2482,1.948,5.60E+02,2.03,0.5451,305,2.05,6.6,5485,4.556,0.867,15.109
FALSE POSITIVE,586.9171181,,5.32,,,,,,,,,,15.58
CANDIDATE,21.1579573,0.775,4.706,2.16E+02,1.63,0.1555,682,51.22,10.2,6063,4.476,1.012,15.531
FALSE POSITIVE,19.545185,0.5474,1.597,4.02E+01,0.76,0.1423,790,92.09,5.4,6273,4.311,1.16,12.091
FALSE POSITIVE,215.044269,0.121,3.517,3.51E+02,1.89,0.6781,306,2.07,8.7,5651,4.374,1.02,14.088
CANDIDATE,169.330666,0.5518,2.6,5.33E+02,16.68,0.7343,698,56.11,9.7,5106,3.006,7.052,13.743
FALSE POSITIVE,1.174683069,0.98,2.5167,3.56E+02,3.06,0.022,1901,3076.92,87.5,5974,4.332,1.143,14.009
FALSE POSITIVE,33.2948005,0.03,2.997,2.16E+02,1.46,0.2065,600,30.67,6.6,6217,4.472,0.989,15.252
CANDIDATE,249.35154,0.2745,13.76,1.64E+03,4.42,0.777,289,1.65,8.2,5780,4.438,1,13.931
CANDIDATE,371.56492,0.2626,14.736,3.76E+02,1.89,0.929,259,1.06,16.2,5735,4.351,0.972,14.058
CANDIDATE,546.53309,0.6074,16.04,7.58E+02,1.03,0.9386,94,0.02,12.3,3434,4.892,0.36,15.347
CANDIDATE,364.63189,0.4524,22.93,3.03E+02,2.06,1.0531,298,1.86,13.3,6446,4.381,1.155,14.425
CANDIDATE,330.738115,0.154,4.998,3.33E+02,4.42,1.0084,375,4.7,8.7,5458,3.755,2.453,13.381
CANDIDATE,78.876125,0.2209,4.912,4.72E+02,2.03,0.3616,427,7.86,8.1,6046,4.509,0.927,15.819
FALSE POSITIVE,476.39752,0.2293,12.13,2.88E+02,1.82,1.2101,261,1.09,11.1,6300,4.401,1.064,13.71
FALSE POSITIVE,231.364508,0.6598,4.747,1.49E+03,2.45,0.6316,202,0.4,9.2,4691,4.673,0.604,15.267
FALSE POSITIVE,106.779168,0.0246,1.905,1.63E+02,1.94,0.4835,555,22.43,6.3,7158,4.21,1.494,12.598
CANDIDATE,444.04257,0.062,10.9,4.17E+02,1.48,1.0603,211,0.47,7.4,5776,4.622,0.726,14.795
FALSE POSITIVE,12.5748872,0.035,3.549,7.31E+02,1.03,0.0782,349,3.49,7.8,3552,4.867,0.387,14.94
FALSE POSITIVE,484.172005,0.3737,4.566,5.18E+02,2.38,1.2567,235,0.72,11.3,5858,4.456,1.04,13.881
FALSE POSITIVE,277.77499,0.6035,7.07,1.08E+03,2.48,0.7428,216,0.52,9.2,4949,4.561,0.73,15.058
FALSE POSITIVE,561.08191,0.4298,14.94,2.29E+02,1.93,1.3583,255,1,9.8,6014,4.264,1.258,12.602
CANDIDATE,211.330867,0.055,4.66,5.31E+02,2.09,0.6948,300,1.92,7.5,5941,4.519,0.911,15.27
FALSE POSITIVE,28.615014,0.505,24.74,7.05E+01,1.69,0.1953,783,88.66,13.5,5562,3.925,1.987,14.091
CANDIDATE,105.5904748,0.743,2.188,2.92E+02,8.16,0.4506,670,47.59,9.5,4869,3.193,4.383,11.653
FALSE POSITIVE,3.017155419,1.231,13.3898,1.38E+03,38.71,0.0398,1486,1155.07,223.5,5893,4.175,1.302,13.871
FALSE POSITIVE,94.818136,,83.31,,,,,112.85,,,,,10.866
FALSE POSITIVE,52.6727624,0.1764,3.039,2.48E+02,1.64,0.2843,521,17.45,6.7,6184,4.448,1.038,15.101
FALSE POSITIVE,34.4886903,0.5544,1.22,5.99E+01,0.71,0.1987,524,17.87,6.3,5629,4.487,0.886,12.157
FALSE POSITIVE,2.6228301,0.488,7.29719,4.10E+05,70.62,0.0379,1403,917.98,5312.7,6233,4.472,0.988,15.768
FALSE POSITIVE,222.068928,0.1522,1.938,6.43E+02,29.97,1.0455,782,88.22,6.7,5221,2.766,12.042,12.552
FALSE POSITIVE,0.56493398,1.26,2.4385,2.07E+03,30.51,0.0121,2206,5609.14,166,5808,4.402,0.898,14.784
FALSE POSITIVE,246.12174,67.193,18,6.85E+03,7233.87,0.7702,291,1.68,9.2,5780,4.438,1,13.671
FALSE POSITIVE,159.05846,0.7004,10.08,1.94E+02,1.54,0.5754,376,4.73,6.3,6365,4.411,1.033,12.885
CANDIDATE,550.86514,0.027,14.548,3.47E+02,2.06,1.3399,238,0.76,20.8,5912,4.367,1.115,13.093
CANDIDATE,380.39474,0.1094,10.775,6.03E+02,1.84,0.9626,224,0.6,8.6,5772,4.608,0.745,15.326
FALSE POSITIVE,419.21314,0.9597,6.385,2.08E+03,5.06,1.0986,243,0.83,9.6,5780,4.438,1,11
FALSE POSITIVE,350.98474,0.0886,14.49,6.00E+02,1.97,0.918,228,0.63,10.8,5473,4.537,0.816,15.458
FALSE POSITIVE,298.4688,0.1765,3.748,3.15E+02,11.33,1.1066,554,22.32,10.6,5189,3.12,6.491,11.454
CANDIDATE,12.5747207,0.588,2.896,3.23E+02,1.45,0.1003,693,54.46,10.5,5654,4.59,0.774,15.133
FALSE POSITIVE,43.22793081,,1.39,,,,,,,,,,12.654
FALSE POSITIVE,528.10984,0.2535,18.01,8.98E+01,0.77,1.2275,201,0.39,8.4,5618,4.566,0.811,12.143
FALSE POSITIVE,63.12379762,,1.87,,,,,,,,,,15.008
FALSE POSITIVE,358.5445555,,11.46,,,,,,,,,,13.044
FALSE POSITIVE,119.669671,0.332,20.67,4.22E+02,2.21,0.4918,413,6.88,14.2,6382,4.432,1.059,15.493
FALSE POSITIVE,598.31791,0.5712,16.07,2.83E+02,1.27,1.2952,173,0.21,8.3,5216,4.613,0.735,14.415
CANDIDATE,33.3726538,0.038,3.663,6.18E+02,1.95,0.1949,491,13.7,10.1,5504,4.583,0.796,15.986
FALSE POSITIVE,18.40783671,,1.55,,,,,,,,,,14.628
CANDIDATE,143.163697,0.9527,4.854,3.90E+02,20.03,0.7172,741,71.41,12.9,5145,3.05,7.653,12.644
FALSE POSITIVE,250.4858,0.3157,12.72,6.75E+02,2.1,0.7571,246,0.86,13.2,5377,4.581,0.814,15.433
FALSE POSITIVE,401.38712,0.666,32.21,1.66E+02,2.04,1.0929,303,1.98,18.6,5858,4.12,1.498,12.616
FALSE POSITIVE,49.312677,0.5998,4.057,1.71E+03,2.84,0.2288,342,3.22,6.6,4541,4.608,0.666,16.609
FALSE POSITIVE,288.94276,0.2515,11.43,1.61E+02,1.05,0.7687,265,1.16,6.7,5786,4.463,0.827,14.242
FALSE POSITIVE,273.6857427,1.006,8.3881,1.54E+04,37.15,0.8697,367,4.27,202.3,6033,4.071,1.65,15.233
FALSE POSITIVE,28.1117095,0.1158,1.689,1.19E+02,1.19,0.1813,599,30.39,6.5,5780,4.438,1,13.855
FALSE POSITIVE,17.74545614,1.049,4.0678,8.03E+04,116.14,0.1416,1106,353.47,272.2,6337,3.826,2.216,12.366
FALSE POSITIVE,603.3102,0.3142,8.025,5.18E+02,2.6,1.4588,250,0.92,11.9,6446,4.391,1.125,13.911
CONFIRMED,7.20281185,0.028,2.8305,1.83E+03,3.06,0.0643,794,93.79,49.4,5388,4.56,0.717,13.028
FALSE POSITIVE,36.4772788,0.5298,2.092,4.63E+02,1.65,0.1939,427,7.89,5.8,4910,4.545,0.755,15.846
CANDIDATE,282.0309,0.3315,14.69,7.82E+02,3.22,0.8986,315,2.32,11.8,6343,4.411,1.137,14.81
CANDIDATE,179.25465,0.1755,22.35,2.72E+02,1.35,0.5702,301,1.94,9.9,5692,4.496,0.82,15.142
CANDIDATE,65.752109,0.109,6.854,3.83E+02,2,0.3239,458,10.36,9.9,5816,4.432,1.03,15.478
FALSE POSITIVE,249.613773,,3.2,,,,,,,,,,15.368
CANDIDATE,59.9655175,0.0853,1.89,3.10E+02,1.92,0.3048,481,12.67,5.5,5729,4.372,1.105,14.647
FALSE POSITIVE,399.49671,0.0814,5.351,1.39E+02,1.39,1.0824,286,1.59,6.9,6224,4.321,1.177,12.796
CANDIDATE,112.951287,0.3936,4.284,5.56E+02,15.19,0.5548,783,88.86,7.3,5215,3.073,6.428,13.446
CANDIDATE,103.363691,0.5904,6.012,3.59E+02,2,0.4454,385,5.19,9.4,5762,4.461,1.022,14.505
FALSE POSITIVE,251.958533,0.005,4.742,2.04E+02,1.4,0.7799,291,1.69,15.3,5870,4.449,0.985,12.289
CANDIDATE,276.879492,1.045,3.779,1.76E+03,11.67,0.7871,260,1.08,10.4,5324,4.396,0.966,15.772
FALSE POSITIVE,389.169027,0.2117,3.759,5.13E+02,15.36,1.2871,519,17.15,7.7,5075,3.031,6.918,13.443
CANDIDATE,418.04355,0.8391,10.777,4.82E+02,13.73,1.298,463,10.83,10.8,5110,3.184,5.469,13.637
FALSE POSITIVE,18.78970984,1.172,4.13997,4.08E+04,44.01,0.1276,752,75.6,488.7,6477,4.439,0.884,15.115
FALSE POSITIVE,0.915782856,1.209,2.24,3.01E+02,32.86,0.0195,2307,6663.73,7.7,6318,4.256,1.333,13.806
FALSE POSITIVE,0.66882716,0.514,1.069,6.82E+01,124.42,0.0231,13184,7165673.12,6.2,3711,0.652,150.091,11.598
CANDIDATE,370.05918,0.0166,11.86,6.70E+02,1.9,0.9386,206,0.43,8.6,5228,4.592,0.751,15.612
FALSE POSITIVE,43.5428781,0.984,3.6768,5.45E+03,17.47,0.2607,688,53.04,52.1,6669,4.224,1.427,15.223
CANDIDATE,19.4534296,0.046,4.873,1.49E+02,1.25,0.1447,744,72.59,9.8,6372,4.453,1.015,14.518
FALSE POSITIVE,3.72273683,0.52,8.552,3.78E+01,0.52,0.0455,1104,350.89,14.7,5898,4.567,0.819,13.945
FALSE POSITIVE,3.7229369,0.896,10.57,6.52E+01,0.46,0.0371,591,28.81,18.6,3724,4.767,0.48,14.541
FALSE POSITIVE,1.80455062,0.348,2.166,3.97E+01,0.65,0.0288,1577,1457.85,12.5,6006,4.41,1.019,13.73
FALSE POSITIVE,10.1955065,0.5396,2.447,2.21E+02,1.02,0.0796,661,45.18,7,5182,4.601,0.666,15.05
CANDIDATE,232.916142,0.2313,7.037,6.48E+01,1.2,0.7527,361,4.02,8.5,5807,4.108,1.496,10.926
FALSE POSITIVE,3.66115536,0.676,14.807,3.43E+01,0.81,0.0478,1466,1093.71,27.8,6356,4.241,1.308,13.164
CONFIRMED,267.282521,0.378,7.788,4.72E+02,1.43,0.7279,207,0.44,19.3,4926,4.653,0.662,13.725
CONFIRMED,16.9348104,0.471,3.408,3.46E+02,1.31,0.115,508,15.77,11.5,4650,4.589,0.706,15.549
CANDIDATE,44.7055876,1.692,6.262,4.72E+02,72.59,0.249,509,15.83,12,5942,4.506,0.938,15.253
CANDIDATE,57.3888262,0.876,3.543,3.44E+02,1.88,0.278,406,6.41,11.9,5242,4.512,0.856,14.803
CANDIDATE,126.5145764,,2.15,,,,,,,,,,12.5
CANDIDATE,14.5168151,0.607,5.796,8.60E+01,1.82,0.1218,1030,265.78,11.7,5934,3.945,1.885,13.698
FALSE POSITIVE,225.4342042,,13.02,,,,,,,,,,15.166
CANDIDATE,359.98653,0.3719,3.866,6.71E+02,1.76,0.8826,200,0.38,5.6,5171,4.626,0.677,15.155
FALSE POSITIVE,1.540399732,0.106,1.63,5.76E+01,0.58,0.0236,1312,700.19,14.8,5160,4.518,0.784,13.328
FALSE POSITIVE,1.540389045,0.136,1.8325,4.86E+02,32.54,0.0379,4379,86889.72,48.6,4964,2.562,15.155,13.561
FALSE POSITIVE,1.540393027,0.343,1.75,5.26E+02,2.17,0.0244,1502,1200.85,72.1,5466,4.396,0.946,14.844
FALSE POSITIVE,0.888045184,0.491,2.1961,9.06E+01,2.04,0.0197,2870,15984.12,26.6,6316,3.908,2.087,12.807
FALSE POSITIVE,43.9311596,0.855,12.9395,9.30E+03,58.37,0.293,902,156.74,1070.3,4888,3.257,5.132,12.776
FALSE POSITIVE,494.62409,0.4064,8.36,3.07E+02,1.04,1.0274,145,0.11,6,4302,4.647,0.604,14.205
CANDIDATE,573.23826,0.0078,2.641,4.70E+02,6.93,1.4857,338,3.09,6.8,5172,3.534,3.264,13.815
CANDIDATE,314.765374,0.158,3.325,7.32E+02,2,0.8508,217,0.53,7.5,5228,4.6,0.755,15.578
FALSE POSITIVE,110.7521413,,2.09,,,,,,,,,,12.372
FALSE POSITIVE,121.1825045,,2.97,,,,,,,,,,13.476
FALSE POSITIVE,78.60436061,0.828,4.65559,7.81E+04,34.8,0.3527,438,8.68,2384.6,5938,4.427,0.985,14.08
FALSE POSITIVE,294.202469,0.0219,2.36,2.48E+02,2.61,0.9426,401,6.09,5.2,6897,4.121,1.635,11.733
FALSE POSITIVE,588.10504,0.3168,15.474,3.27E+02,1.77,1.362,231,0.67,11,6214,4.457,0.965,14.514
FALSE POSITIVE,116.170346,0.6637,2.656,4.35E+02,1.68,0.4384,320,2.49,6,5510,4.594,0.762,15.232
FALSE POSITIVE,452.30053,0.6613,5.918,8.09E+02,2.29,1.093,199,0.37,7.7,5396,4.599,0.766,15.494
FALSE POSITIVE,39.5931053,0.0044,2.306,1.57E+02,1.22,0.2316,546,21.06,5.7,6046,4.486,0.972,13.804
FALSE POSITIVE,1.55935718,0.568,2.892,4.97E+01,1.39,0.0272,2389,7676.02,17.9,6475,3.921,1.9,13.357
FALSE POSITIVE,100.629443,0.0726,1.708,3.56E+02,1.75,0.4248,412,6.84,4.7,6351,4.513,0.921,15.08
CANDIDATE,438.98396,0.546,9.62,7.45E+02,32.58,1.6209,599,30.43,14,5053,2.77,11.706,12.356
FALSE POSITIVE,273.169948,0.3259,2.701,2.83E+02,2.8,0.8449,362,4.08,6.2,5880,4.035,1.65,13.831
CONFIRMED,14.5123622,0.927,4.163,3.56E+02,2.08,0.1087,636,38.6,11.8,5094,4.469,0.87,15.77
FALSE POSITIVE,1.434200327,1.208,5.968,3.10E+03,44.76,0.024,2410,7985.65,39.1,6911,4.038,1.501,7.899
FALSE POSITIVE,8.653098686,1.11,3.9071,6.07E+04,77.15,0.0796,1324,725.95,262.6,6911,4.038,1.501,7.899
FALSE POSITIVE,2.302365255,1.1,23.88,6.22E+04,63.06,0.0344,1568,1429.81,468.4,5948,4.269,1.229,10.691
FALSE POSITIVE,0.575445783,0.144,0.8463,2.93E+01,1.3,0.0149,3478,34528.16,3.2,6215,3.802,2.396,13.022
FALSE POSITIVE,214.715417,0.981,34.146,5.21E+03,71.79,0.7895,602,31,161.3,5022,3.06,5.826,12.391
FALSE POSITIVE,23.0295222,1.173,7.96,5.48E+02,20.81,0.155,645,40.87,27.7,5877,4.445,0.959,14.802
FALSE POSITIVE,359.04147,1.28,14.04,3.66E+03,27.1,0.873,181,0.25,11.2,4596,4.59,0.696,14.96
FALSE POSITIVE,0.52363021,0.549,3.45121,3.67E+05,52.26,0.0113,1940,3324.98,1948.2,5407,4.535,0.745,13.901
FALSE POSITIVE,0.523632451,0.738,1.99,8.10E+00,1.08,0.0166,5313,188657.97,13.9,8277,3.693,3.518,10.061
FALSE POSITIVE,492.25299,0.226,5.077,3.73E+02,1.8,1.2046,224,0.59,11.6,5755,4.478,0.936,13.465
FALSE POSITIVE,293.5056071,1.341,3.4075,6.82E+03,48.59,0.8311,265,1.16,51,5455,4.381,1.006,15.184
FALSE POSITIVE,25.95247,0.4398,12.945,8.08E+01,1.56,0.1974,946,189.06,16.4,7351,4.17,1.679,13.357
FALSE POSITIVE,4.34573349,0.512,2.246,7.35E+01,0.86,0.051,1151,415.52,9.7,5967,4.43,0.976,13.864
CANDIDATE,288.07937,0.0483,3.161,9.91E+02,3.01,0.8775,269,1.25,7.6,5825,4.504,0.965,15.212
FALSE POSITIVE,484.5833593,,3.2,,,,,,,,,,13.999
FALSE POSITIVE,288.285213,0.0503,5.343,3.78E+02,2.2,0.8564,312,2.25,11.5,6171,4.337,1.127,12.369
CANDIDATE,198.895864,0.0543,4.193,1.78E+03,3.33,0.608,264,1.14,13,5184,4.502,0.808,15.805
FALSE POSITIVE,19.93826636,,1.77,,,,,,,,,,15.986
FALSE POSITIVE,491.08027,0.4169,7.42,3.36E+02,1.86,1.1779,241,0.79,7.9,5931,4.396,0.997,14.427
FALSE POSITIVE,3.350209754,9.666,4.43333,2.83E+04,1447.13,0.0472,1656,1777.46,671.1,6657,4.181,1.501,11.494
FALSE POSITIVE,628.592314,0.8176,3.603,3.94E+02,6.99,1.4891,323,2.57,7.6,5058,3.497,3.117,12.275
FALSE POSITIVE,471.37787,0.0666,16.91,1.03E+02,1.31,1.213,267,1.2,12.2,5831,4.236,1.305,11.985
CANDIDATE,52.69092296,,2.31,,,,,,,,,,12.358
FALSE POSITIVE,425.22927,0.1812,6.76,8.29E+02,1.4,0.8802,125,0.06,6.4,3803,4.755,0.492,15.973
CANDIDATE,37.71508287,,1.8,,,,,,,,,,15.294
CANDIDATE,5.1779065,0.073,5.366,1.30E+02,2.93,0.066,1636,1692.64,9.5,5921,3.766,2.589,14.326
CANDIDATE,474.22897,0.1936,13.05,4.75E+02,2,1.2067,225,0.6,7.2,5818,4.523,0.925,15.322
CANDIDATE,371.50631,0.0156,8.854,9.92E+02,2.88,0.9999,242,0.8,14.1,5696,4.491,0.924,15.392
FALSE POSITIVE,606.9148877,,5.96,,,,,,,,,,13.532
FALSE POSITIVE,5.24331899,0.778,11.137,1.07E+02,0.83,0.0551,875,138.45,20.1,5430,4.613,0.735,15.196
CONFIRMED,47.0320478,0.161,5.892,3.68E+02,1.98,0.2447,492,13.83,13.7,5370,4.337,1.055,14.904
FALSE POSITIVE,10.31453308,1.276,3.6641,2.00E+03,29.6,0.0835,885,144.83,71.6,6335,4.455,0.837,15.295
FALSE POSITIVE,15.52861675,0.113,2.131,5.00E+02,1.96,0.121,685,51.98,17.3,5750,4.538,0.882,15.598
FALSE POSITIVE,53.50186097,0.431,5.25334,4.57E+05,55.23,0.2569,409,6.63,1363.9,5436,4.587,0.748,15.929
FALSE POSITIVE,10.69223009,0.528,5.46939,3.77E+05,65.42,0.095,836,115.48,2402,6022,4.49,0.941,15.507
FALSE POSITIVE,1.60375114,0.54,1.498,5.10E+01,0.82,0.0258,1688,1918.63,9.4,5818,4.292,1.116,13.261
FALSE POSITIVE,15.7397651,0.077,3.297,2.88E+02,1.18,0.1096,536,19.54,11.2,4733,4.569,0.723,15.281
CANDIDATE,117.2680843,,2.2,,,,,,,,,,12.501
FALSE POSITIVE,73.3377984,0.978,9.029,1.15E+05,73.06,0.3767,601,30.85,155.5,7276,4.318,1.321,13.559
FALSE POSITIVE,282.159571,0.5987,5.069,1.96E+02,3.09,0.9306,443,9.13,14.2,6677,3.92,2.108,10.826
FALSE POSITIVE,6.58729511,0.723,8.3582,1.28E+05,58.09,0.0651,1152,416.15,304.2,5619,4.07,1.406,14.035
FALSE POSITIVE,459.23193,0.8765,17.722,4.19E+02,2.64,1.1341,265,1.17,19.5,6067,4.307,1.116,13.469
CANDIDATE,62.312419,0.3683,5.561,1.23E+02,6.15,0.3886,838,116.69,9.1,4999,3.243,5.615,13.172
FALSE POSITIVE,25.9493253,0.655,12.17,3.55E+02,1.04,0.143,409,6.62,13.1,4835,4.758,0.526,15.742
FALSE POSITIVE,212.76701,0.3531,12.8,7.43E+01,1.08,0.7188,354,3.71,6.8,6098,4.286,1.245,12.045
FALSE POSITIVE,386.62189,0.1616,17.72,1.93E+02,1.44,1.041,267,1.21,12.3,6085,4.412,1.033,13.262
FALSE POSITIVE,84.644104,0.178,48.182,5.12E+02,34.61,0.525,1254,584.49,33.5,5229,2.486,15.517,15.359
FALSE POSITIVE,575.95408,0.0868,8.618,1.21E+03,2.92,1.2875,194,0.33,11.4,5398,4.508,0.854,15.843
CANDIDATE,426.942225,0.2981,3.965,1.21E+03,2.32,0.9789,187,0.29,11.8,5126,4.623,0.669,15.218
FALSE POSITIVE,117.844963,0.4594,1.951,1.04E+03,2.52,0.4457,308,2.13,6.6,5317,4.595,0.769,15.844
CANDIDATE,83.499618,0.341,16.03,5.01E+02,1.72,0.3371,343,3.29,16.1,5141,4.526,0.773,15.726
CANDIDATE,91.507044,0.1665,5.019,5.39E+02,1.43,0.3385,302,1.97,12.4,5040,4.635,0.626,14.969
CANDIDATE,188.664098,0.2033,5.179,9.60E+02,2.02,0.5592,232,0.68,9.4,4788,4.599,0.672,15.545
CANDIDATE,75.636309,0.2749,2.588,1.75E+02,1.32,0.3567,447,9.45,6,6072,4.467,0.994,13.825
FALSE POSITIVE,24.614775,0.089,2.395,2.29E+02,1.28,0.1602,574,25.69,10.5,5654,4.536,0.849,14.346
FALSE POSITIVE,1.21374744,0.831,5.79293,1.85E+05,96.19,0.0244,2441,8380.25,8755.2,6791,4.137,1.619,10.811
CANDIDATE,492.23808,0.0198,12.53,6.77E+02,2.19,1.1939,209,0.45,13.2,5609,4.546,0.854,15.502
CANDIDATE,198.6004,0.648,3.53,3.01E+02,4.6,0.6699,458,10.45,9.8,5357,3.641,2.522,13.183
FALSE POSITIVE,372.30881,0.1243,3.874,5.35E+02,2.09,1.0083,249,0.91,14.9,5966,4.519,0.904,14.866
FALSE POSITIVE,454.244158,0.0033,3.399,2.41E+02,2.93,1.1956,356,3.8,9.9,6446,3.935,1.874,12.055
FALSE POSITIVE,112.48226,0.5181,1.923,1.96E+02,1.37,0.4607,386,5.23,5.2,6089,4.495,0.95,13.725
FALSE POSITIVE,218.5673401,,2.38,,,,,,,,,,15.52
FALSE POSITIVE,229.948531,0.35,1.813,1.54E+02,1.09,0.7177,301,1.93,6.1,6225,4.537,0.861,13.119
FALSE POSITIVE,403.5637828,,3.64,,,,,,,,,,15.016
FALSE POSITIVE,2.41172358,1.281,2.6311,3.36E+03,50.53,0.0361,1706,1997.33,108.6,6363,4.22,1.332,14.777
FALSE POSITIVE,92.9314146,,2.35,,,,,,,,,,14.844
FALSE POSITIVE,103.2229379,,2.63,,,,,,,,,,14.125
CANDIDATE,5.71966537,0.1103,3.938,1.91E+01,0.82,0.067,1479,1131.75,11.3,6356,3.985,1.865,11.331
FALSE POSITIVE,209.0629928,0.823,10.0389,2.51E+05,72.26,0.6912,329,2.77,3295.6,6130,4.42,1.024,14.174
CANDIDATE,201.621794,0.1779,3.172,4.80E+02,2.02,0.6607,309,2.14,6.8,5919,4.483,0.923,15.169
FALSE POSITIVE,70.33587975,1.04,4.65625,2.44E+04,29.56,0.3362,455,10.1,2148.6,6081,4.478,0.966,11.701
FALSE POSITIVE,591.37382,0.1609,4.35,2.45E+02,2.2,1.4136,289,1.65,10.7,6609,4.183,1.391,12.913
FALSE POSITIVE,559.28332,0.3058,4.245,1.36E+03,2.54,1.1841,150,0.12,6.7,4386,4.586,0.709,15.669
CANDIDATE,24.6777128,0.6305,5.088,1.31E+02,6.04,0.1776,1176,451.88,9,4995,3.118,5.058,13.434
CANDIDATE,113.0598007,,19.03,,,,,,,,,,13.43
FALSE POSITIVE,136.355967,0.6066,3.17,1.65E+02,1.42,0.5264,380,4.93,6.3,6077,4.408,1.058,14.254
CANDIDATE,54.6957124,0.954,6.89,1.10E+03,3.28,0.2525,405,6.34,12.4,5299,4.535,0.757,13.823
FALSE POSITIVE,532.9307,0.4579,3.89,1.81E+02,4.68,1.6405,498,14.53,5.3,7872,3.698,3.373,13.103
CANDIDATE,169.8478774,,2.82,,,,,,,,,,12.687
CANDIDATE,284.699924,0.3145,3.709,3.71E+02,2,0.8546,293,1.74,7.6,6054,4.425,1.028,14.403
FALSE POSITIVE,171.69799,0.2266,2.904,8.78E+02,39.78,0.8738,878,140.73,7.7,5033,2.645,13.679,13.318
FALSE POSITIVE,444.89411,0.2991,7.937,3.63E+02,4.7,1.2223,386,5.25,13.2,6195,3.753,2.439,13.037
CANDIDATE,402.20969,0.3779,5.298,4.73E+02,10.03,1.0899,452,9.86,9.5,4961,3.131,4.649,13.66
FALSE POSITIVE,229.86928,0.049,12.91,1.66E+03,9.57,0.7724,466,11.15,10.6,6065,3.763,2.344,13.868
FALSE POSITIVE,5.14108479,1.225,25.93,6.11E+02,25.74,0.059,1038,274.55,57,5893,4.505,0.941,15.525
FALSE POSITIVE,179.2723077,,2.21,,,,,,,,,,12.752
CANDIDATE,584.55603,0.3282,3.671,3.47E+02,6.69,1.5213,354,3.73,10,5208,3.458,3.62,11.367
FALSE POSITIVE,200.8384998,,2.37,,,,,,,,,,12.488
FALSE POSITIVE,40.1043796,0.2029,3.471,1.87E+02,1.5,0.2312,591,28.85,9.2,6174,4.374,1.089,14.255
CANDIDATE,70.31252504,,13.66,,,,,,,,,,14.942
FALSE POSITIVE,30.1146815,1.046,5.68713,8.71E+04,56.45,0.1957,639,39.44,2858.1,6273,4.442,1.044,14.482
CANDIDATE,69.775633,0.3519,9.205,1.41E+02,1.19,0.3219,480,12.52,9.7,6224,4.413,0.983,14.333
CANDIDATE,58.5029431,0.0062,1.633,1.17E+02,1.54,0.313,611,33.01,7,6525,4.215,1.412,13.048
CANDIDATE,415.748785,0.1124,3.313,4.64E+02,3.24,1.0584,283,1.51,9.2,5324,4.027,1.534,14.03
FALSE POSITIVE,36.1826854,1.267,4.2546,9.47E+03,56.41,0.2069,635,38.4,124.1,5696,4.151,1.321,14.824
CANDIDATE,24.1527864,0.175,4.451,7.81E+01,0.97,0.1678,701,57.15,9.3,6223,4.392,1.095,13.664
CANDIDATE,11.1734401,0.268,4.545,6.13E+01,1.4,0.1133,1279,632.06,9,7372,4.142,1.752,13.335
FALSE POSITIVE,472.2265706,0.876,4.8732,1.56E+05,48.18,1.1601,217,0.52,584.6,5763,4.557,0.842,15.911
CANDIDATE,428.379308,0.7102,4.066,3.87E+02,2,1.0315,236,0.74,7.4,5574,4.381,0.953,14.105
FALSE POSITIVE,1.507099289,1.265,4.8361,1.28E+03,26.56,0.0247,1448,1037.46,142.7,5762,4.576,0.801,15.542
FALSE POSITIVE,253.652263,20.7849,3.85,2.65E+04,1169.79,0.6442,159,0.15,59.9,3960,4.721,0.537,15.921
CANDIDATE,392.72811,0.4505,12.48,5.00E+02,1.85,1.0047,226,0.62,12,5701,4.558,0.815,15.033
FALSE POSITIVE,128.6682529,,2.67,,,,,,,,,,10.719
FALSE POSITIVE,485.57785,0.5739,6.67,8.53E+02,2.18,1.1213,187,0.29,5.6,5255,4.616,0.727,15.857
CANDIDATE,374.05697,0.1026,22.53,9.61E+02,2.34,0.9643,209,0.45,20.6,5302,4.595,0.771,15.583
FALSE POSITIVE,643.4528,0.1952,9.346,5.85E+02,2.03,1.4249,192,0.32,10.2,5649,4.553,0.845,14.984
CANDIDATE,339.633833,0.111,8.859,5.18E+02,2.04,0.9485,250,0.93,12,5823,4.522,0.901,14.699
FALSE POSITIVE,1.061934307,1.181,3.211,2.65E+02,18.7,0.0201,1696,1958.71,70.9,5853,4.544,0.868,14.286
FALSE POSITIVE,9.5497037,0.028,1.881,7.07E+02,1.45,0.073,456,10.25,12.4,3705,4.683,0.569,15.467
CANDIDATE,140.884533,0.013,10.245,1.58E+02,1.52,0.5449,392,5.6,16.4,5960,4.306,1.213,13.06
FALSE POSITIVE,77.138911,0.981,7.229,6.03E+02,3.39,0.3581,406,6.46,19,5778,4.531,0.911,14.457
CANDIDATE,100.494129,0.0813,2.679,5.76E+01,1.33,0.4515,523,17.64,6.9,6018,4.036,1.75,11.484
CANDIDATE,182.453195,0.0792,2.721,1.84E+02,1.26,0.6199,332,2.89,5.2,6164,4.483,0.927,13.872
FALSE POSITIVE,0.536551592,1.102,4.89,1.53E+02,12.88,0.0133,2377,7584.36,26.2,6140,4.455,1.027,15.668
FALSE POSITIVE,68.54443156,,2.05,,,,,,,,,,11.197
FALSE POSITIVE,130.110715,0.1883,2.227,2.52E+02,1.32,0.4873,343,3.26,6.4,5960,4.561,0.828,14.241
FALSE POSITIVE,242.484764,0.1785,6.451,3.62E+02,1.58,0.7425,283,1.51,7.6,6068,4.568,0.829,14.96
CANDIDATE,383.26217,0.1407,4.84,4.48E+02,1.57,0.9285,203,0.4,11,5074,4.536,0.761,14.06
CANDIDATE,178.266978,0.886,5.276,1.86E+03,3.71,0.571,241,0.8,12.5,4899,4.624,0.713,15.518
FALSE POSITIVE,385.593209,0.5548,2.799,2.83E+02,2.37,1.0549,311,2.2,5.6,6205,4.194,1.358,13.927
FALSE POSITIVE,215.737826,0.916,7.257,8.48E+03,8.71,0.6304,231,0.67,36.8,4889,4.574,0.724,15.705
FALSE POSITIVE,507.48249,0.7261,8.19,2.32E+02,1.22,1.1071,189,0.3,9.7,5227,4.541,0.744,12.941
CANDIDATE,30.9771151,0.5092,3.188,1.25E+02,4.3,0.2202,950,192.79,6.8,5197,3.453,3.784,13.785
CANDIDATE,19.11280242,,1.58,,,,,,,,,,15.952
FALSE POSITIVE,30.2111162,0.0666,4.202,9.26E+01,4.44,0.2272,1033,269.29,6.5,5132,3.321,4.732,13.514
CONFIRMED,76.377855,0.577,4.809,1.10E+04,6.28,0.2952,240,0.78,38.6,3869,4.674,0.584,16.595
FALSE POSITIVE,55.24900733,0.785,5.15147,2.06E+05,60.79,0.2948,496,14.25,3452.5,6063,4.476,1.012,14.925
CANDIDATE,14.2673439,0.042,3.171,2.18E+02,1.21,0.113,657,44.12,9,5475,4.567,0.837,15.181
FALSE POSITIVE,22.52907,0.3668,1.373,3.27E+02,1.39,0.1478,532,18.89,4.8,5284,4.594,0.769,15.607
FALSE POSITIVE,66.247851,0.2847,4.04,6.66E+02,16.67,0.4034,925,172.74,8.3,5214,3.109,6.519,13.234
FALSE POSITIVE,370.91308,0.3443,17.655,2.70E+02,1.74,1.006,266,1.18,17.5,5892,4.386,1.054,13.648
CANDIDATE,360.6448526,,11.19,,,,,,,,,,13.579
FALSE POSITIVE,7.41505161,0.979,2.061,9.37E+02,91.09,0.1116,2815,14853.21,18.3,4989,2.442,18.266,13.56
FALSE POSITIVE,2.742590902,0.473,10.4143,6.80E+05,176.4,0.0432,1960,3487.05,682.9,7072,4.129,1.705,16.267
CANDIDATE,541.04472,0.2387,12.47,1.82E+02,1.08,1.2468,206,0.43,8.8,5829,4.575,0.802,13.607
CANDIDATE,514.271499,0.2032,3.46,6.89E+02,3.01,1.3412,258,1.04,9,6343,4.411,1.137,14.848
CANDIDATE,571.14302,0.5041,10.06,5.31E+02,2.22,1.3742,210,0.46,8.5,5751,4.514,0.943,14.851
FALSE POSITIVE,216.453511,0.0052,3.321,1.14E+03,2.91,0.6583,274,1.34,7.5,5385,4.46,0.878,15.638
FALSE POSITIVE,37.0488669,,2.48,,,,,,,,,,14.042
CANDIDATE,540.39267,0.3683,9.233,1.78E+03,3.63,1.2774,206,0.42,15.1,5693,4.551,0.856,15.959
FALSE POSITIVE,542.1615893,,8.77,,,,,,,,,,14.043
CANDIDATE,190.905243,0.3708,2.529,2.27E+02,1.73,0.6442,356,3.81,7.4,6098,4.321,1.131,13.574
FALSE POSITIVE,11.0153889,1.287,2.666,3.45E+03,65.27,0.0905,1047,284.63,31.8,5515,3.899,1.678,14.333
FALSE POSITIVE,28.34230575,,1.65,,,,,,,,,,12.74
FALSE POSITIVE,231.521608,0.5303,2.819,4.79E+02,1.96,0.7316,274,1.34,6.1,5695,4.545,0.872,14.821
FALSE POSITIVE,180.890384,0.3417,1.901,2.05E+02,2.47,0.7029,480,12.58,5.8,7037,4.136,1.683,13.61
FALSE POSITIVE,60.0546149,0.3355,3.435,3.26E+02,5.24,0.3237,694,54.88,11.8,5242,3.606,2.917,13.571
CANDIDATE,20.5142642,0.256,3.524,1.53E+02,1.14,0.1387,598,30.28,9,5221,4.422,0.936,14.9
CANDIDATE,495.854189,0.031,8.65,5.49E+02,2.41,1.2057,230,0.67,10.9,5613,4.378,1.044,14.712
FALSE POSITIVE,2.037453129,0.611,5.43155,3.16E+05,136.3,0.0338,2220,5752.74,6944.9,6456,3.906,2.056,12.22
CANDIDATE,318.25858,0.0281,4.39,7.56E+02,2.03,0.8575,212,0.48,6,5108,4.596,0.759,15.714
CANDIDATE,184.883155,0.3074,3.025,3.04E+02,2.82,0.6441,393,5.65,9.9,5620,4.036,1.621,13.609
CANDIDATE,11.006795,0.66,5.112,1.46E+02,1.34,0.0988,874,138.34,10.9,6091,4.424,1.047,15.355
CANDIDATE,177.37583,0.0539,21.14,4.60E+02,1.96,0.6209,314,2.29,12.4,5849,4.517,0.919,15.609
FALSE POSITIVE,35.164087,1.227,86.05,1.53E+03,62.03,0.2136,756,77.33,38.3,5485,3.82,2.087,13.945
FALSE POSITIVE,107.110035,,2.12,,,,,,,,,,13.845
CANDIDATE,366.55705,0.1247,11.62,5.83E+02,2.63,1.0404,266,1.18,10.2,5857,4.403,1.1,15.2
FALSE POSITIVE,462.2605215,,4.05,,,,,,,,,,14.584
CANDIDATE,39.42516213,,2.18,,,,,,,,,,15.72
CANDIDATE,124.887214,0.752,8.599,1.77E+02,1.78,0.4722,435,8.48,13.3,6103,4.209,1.234,13.701
FALSE POSITIVE,0.533000886,1.271,1.54684,4.40E+03,40.94,0.0124,2429,8170.3,327.4,5934,4.331,1.064,15.042
FALSE POSITIVE,200.3509101,,3.78,,,,,,,,,,13.782
FALSE POSITIVE,114.3285949,,2.64,,,,,,,,,,15.094
FALSE POSITIVE,99.97889,0.3044,8.76,1.18E+02,1.84,0.4285,463,10.84,5.7,5229,3.985,1.725,13.255
FALSE POSITIVE,374.71687,0.985,52.986,1.13E+03,5.56,0.9756,259,1.06,62.2,5768,4.375,1.009,14.012
CANDIDATE,295.958914,0.024,4.244,4.64E+02,2.1,0.8312,265,1.17,17.5,5505,4.386,0.992,13.344
CANDIDATE,120.938669,0.011,8.818,7.82E+02,2.32,0.4403,333,2.91,15,5456,4.477,0.843,15.54
CANDIDATE,362.22202,0.5664,14.29,5.25E+01,0.96,0.952,312,2.25,14.6,6113,4.168,1.277,11.189
FALSE POSITIVE,42.070868,0.2878,1.293,3.86E+02,1.82,0.2242,469,11.43,5.7,5197,4.422,0.938,14.887
CANDIDATE,631.99116,0.2397,2.99,3.46E+02,1.86,1.3923,210,0.46,7.2,5594,4.387,1.006,13.415
FALSE POSITIVE,401.73243,0.0839,1.535,3.66E+02,2.88,1.0964,307,2.09,5.8,5938,4.12,1.504,13.458
FALSE POSITIVE,428.1186,0.1377,6.56,4.44E+02,2.18,1.1457,260,1.09,7.3,6225,4.45,1.031,15.26
FALSE POSITIVE,37.3683802,0.8375,2.8,2.07E+02,10.58,0.2814,1075,315.59,8.8,5101,3.15,6.422,12.362
FALSE POSITIVE,615.81928,0.1794,14.93,1.68E+02,1.24,1.4294,221,0.56,11,6120,4.489,0.955,13.027
CANDIDATE,557.92882,0.1034,4.788,2.62E+02,2.97,1.2277,300,1.92,8.1,5553,3.805,1.844,13.263
CANDIDATE,77.51257,72.1108,3.15,1.51E+03,28199.3,0.3966,702,57.44,5.8,5261,3.459,3.63,15.677
CANDIDATE,46.969389,0.3246,1.944,1.88E+03,7.45,0.2391,638,39.27,7.1,5401,3.885,1.717,16.224
FALSE POSITIVE,0.512581525,0.505,2.54719,3.84E+05,42.41,0.0105,1541,1339.86,1583.7,4612,4.648,0.604,14.884
CANDIDATE,206.801125,0.6772,6.6,7.16E+02,24.34,0.9381,675,48.97,16.7,5048,2.978,8.611,11.128
CANDIDATE,14.0019064,0.9747,4.257,3.76E+02,17.96,0.1113,1646,1736.43,11.6,4883,2.783,6.502,13.814
FALSE POSITIVE,1.42796645,1.305,12.8653,6.01E+03,39.76,0.0248,1637,1700.47,347.6,6099,4.511,0.919,13.731
CANDIDATE,525.757041,0.11,4.995,8.30E+02,11.07,1.5407,372,4.52,14.4,5277,3.495,3.931,14.519
CANDIDATE,313.82752,0.1103,4.187,1.68E+02,1.26,0.8983,272,1.28,8.7,5914,4.453,0.973,12.355
CANDIDATE,236.0979985,,3.65,,,,,,,,,,14.466
FALSE POSITIVE,70.61977122,,2.09,,,,,,,,,,15.341
FALSE POSITIVE,216.1091085,,3.95,,,,,,,,,,13.771
CANDIDATE,425.593391,0.4892,3.815,2.38E+02,2.25,1.0822,278,1.41,6.5,5458,4.09,1.441,13.766
FALSE POSITIVE,44.51439331,,1.55,,,,,,,,,,14.424
CANDIDATE,43.08410127,,1.38,,,,,,,,,,13.782
FALSE POSITIVE,230.8040157,,3.57,,,,,,,,,,15.673
CANDIDATE,237.819002,0.018,11.324,6.14E+02,2.55,0.7609,302,1.98,15.4,5878,4.424,1.035,14.573
CANDIDATE,581.87357,0.1603,14.64,9.06E+02,2.96,1.4117,218,0.53,12.5,5897,4.489,0.992,15.738
CANDIDATE,15.9961296,0.297,1.656,5.01E+02,1.71,0.1179,560,23.32,10.7,4949,4.588,0.777,15.951
FALSE POSITIVE,28.29720723,1.227,3.94247,2.32E+04,54.15,0.1765,713,60.99,2360.6,6327,4.277,1.151,12.796
CANDIDATE,213.633124,,2.54,,,,,,,,,,13.885
FALSE POSITIVE,412.227551,0.1894,4.303,8.20E+02,21.53,1.3762,529,18.57,9,5079,2.977,7.684,13.926
FALSE POSITIVE,586.63177,0.0345,7.299,2.00E+02,1.18,1.2669,189,0.3,8.4,5228,4.471,0.854,13.416
FALSE POSITIVE,364.95068,0.9571,0.636,8.24E+02,3.69,0.9211,241,0.8,5.8,5574,4.438,0.884,12.975
FALSE POSITIVE,44.36123319,,2.49,,,,,,,,,,15.621
FALSE POSITIVE,438.00974,0.8575,11.46,7.92E+01,0.73,0.9936,197,0.36,8.6,5260,4.56,0.717,11.504
CANDIDATE,7.62210397,0.323,1.902,1.46E+02,3.8,0.083,1422,965.88,9.2,5222,3.556,3.162,13.629
FALSE POSITIVE,3.479508244,1.252,3.9097,3.00E+03,444.46,0.0525,3167,23775.98,195.7,4630,2.437,12.623,10.565
FALSE POSITIVE,406.29695,0.4038,5.32,1.37E+02,1.85,1.1202,315,2.31,10.7,6031,4.103,1.566,12.011
CANDIDATE,0.9886684,0.372,2.023,1.27E+02,3.18,0.0222,3183,24258.04,8.7,6456,3.725,2.773,12.551
FALSE POSITIVE,3.34465934,0.005,10.796,5.76E+01,1.17,0.0442,1559,1396.11,24.3,5966,4.069,1.551,13.596
FALSE POSITIVE,513.14417,0.5818,14.13,2.24E+02,1.3,1.2214,208,0.45,7.9,5709,4.557,0.837,14.334
CANDIDATE,14.5555096,0.528,2.07,7.25E+02,2.03,0.109,594,29.45,8.1,5176,4.612,0.738,16.897
CANDIDATE,114.12716,0.7092,1.719,9.74E+02,2.76,0.427,295,1.79,6.3,4816,4.508,0.823,15.983
CANDIDATE,17.0497376,0.9703,3.271,4.79E+02,45.89,0.1902,1971,3566.8,6.4,5039,2.587,14.954,13.582
FALSE POSITIVE,13.0366377,0.7039,3.184,1.55E+02,2.23,0.1102,1047,283.97,15.4,6084,4.009,1.677,13.543
CANDIDATE,2.64181261,0.608,2.127,7.00E+01,0.59,0.0329,834,114.08,12.7,4147,4.601,0.683,14.137
FALSE POSITIVE,270.98477,70.1733,6.718,1.39E+04,11761.1,1.0503,594,29.44,10.7,11068,4.377,1.555,14.977
CANDIDATE,583.8531,0.5925,5.09,4.91E+02,1.97,1.3575,196,0.35,5.4,5591,4.559,0.86,14.857
CANDIDATE,72.782432,0.1157,3.726,2.46E+02,11.19,0.4336,924,172.28,8.5,5099,3.021,7.317,13.628
CANDIDATE,10.55224191,0.025,2.7355,9.54E+02,1.75,0.0785,485,13.12,12.3,4031,4.666,0.585,15.712
FALSE POSITIVE,2.74703312,1.17,2.655,1.52E+02,61.97,0.0486,2917,17132.06,23.1,8237,3.753,3.134,12.597
CANDIDATE,440.171272,0.956,12.217,7.84E+02,5.97,1.1446,334,2.96,38,6261,4.001,1.679,13.014
CANDIDATE,37.537859,0.058,6.513,2.69E+02,1.77,0.2298,583,27.38,8.2,6095,4.429,1.082,15.769
CANDIDATE,474.96952,0.5688,4.58,5.95E+02,2.44,1.1933,249,0.91,6.4,6287,4.473,0.962,15.087
FALSE POSITIVE,0.864651455,0.235,3.461,6.77E+01,0.69,0.0175,1720,2062.08,16.5,5587,4.556,0.851,14.901
CANDIDATE,74.624063,0.019,8.881,3.47E+02,1.75,0.3483,448,9.49,11,6187,4.499,0.937,15.335
FALSE POSITIVE,25.4805211,0.186,10.701,1.59E+02,1.25,0.1724,659,44.67,17.7,6250,4.472,0.986,13.181
FALSE POSITIVE,512.11636,0.5008,9.557,3.15E+02,1.47,1.2129,198,0.36,10.9,5492,4.576,0.812,13.8
FALSE POSITIVE,348.61891,0.282,3.567,6.89E+02,2.4,0.9721,253,0.97,5.8,5911,4.519,0.914,15.306
FALSE POSITIVE,368.70839,0.5958,6.08,9.57E+02,2.87,0.9922,267,1.21,12.2,6409,4.523,0.887,15.417
FALSE POSITIVE,7.1091096,0.663,10.67,1.57E+02,1.08,0.0701,855,126.12,13,5665,4.568,0.82,15.71
CANDIDATE,416.9504,0.9542,4.026,4.80E+02,7.35,1.1834,377,4.77,6.9,5751,3.708,2.611,12.692
FALSE POSITIVE,397.3958488,1.19,6.1014,2.98E+04,64.56,1.0394,280,1.45,395.7,5544,4.146,1.362,14.857
CONFIRMED,62.134919,0.827,8.711,1.48E+02,6.71,0.3875,925,172.96,10.6,5889,3.358,4.912,13.435
FALSE POSITIVE,1.667482003,0.052,1.5931,5.46E+02,15.15,0.027,3257,26549.71,50.2,4678,2.756,6.72,12.882
CANDIDATE,574.65297,0.5663,4.37,7.25E+02,2.28,1.2963,196,0.35,7.4,5596,4.553,0.821,14.789
FALSE POSITIVE,5.29730786,0.728,4.02,1.91E+02,1.49,0.0596,1044,281.21,13.1,5780,4.438,1,10.25
CANDIDATE,21.9578446,0.1492,1.038,9.66E+01,0.78,0.1482,533,19.05,6.7,5192,4.583,0.802,13.596
FALSE POSITIVE,77.395279,0.1748,5.26,4.37E+02,6.16,0.3712,646,41.24,7.9,5158,3.541,2.995,13.774
CANDIDATE,373.41509,0.0532,6.617,1.81E+03,2.55,0.856,158,0.15,10,4236,4.642,0.612,15.85
FALSE POSITIVE,612.882452,0.284,2.024,6.31E+02,2.42,1.4314,217,0.53,7.5,6029,4.494,0.956,14.453
CANDIDATE,107.904526,0.2415,2.053,2.49E+02,1.26,0.4253,337,3.05,6.1,5565,4.574,0.802,14.295
FALSE POSITIVE,11.03571773,0.911,5.62958,1.45E+05,70.42,0.0938,991,227.54,959.6,6201,4.213,1.23,14.916
FALSE POSITIVE,42.093314,0.035,4.649,8.86E+02,2.19,0.2141,407,6.47,7.4,4885,4.541,0.763,16.523
FALSE POSITIVE,274.1085925,,6.59,,,,,,,,,,15.496
CANDIDATE,282.029084,0.4082,4.686,3.13E+02,2.33,0.8997,363,4.12,8.1,6886,4.305,1.287,13.49
FALSE POSITIVE,339.18109,0.077,5.34,1.58E+02,1.7,0.9729,332,2.88,11.5,6407,4.209,1.344,12.637
FALSE POSITIVE,3.55650976,0.622,12.7364,6.87E+05,283.93,0.0562,2353,7238.22,3867.7,8105,3.937,2.433,11.882
CANDIDATE,3.1318392,0.3864,1.632,1.60E+02,1.5,0.0399,1443,1025.14,6,6070,4.246,1.159,14.122
FALSE POSITIVE,38.27772448,,1.73,,,,,,,,,,14.293
FALSE POSITIVE,25.28523234,1.208,4.76313,6.30E+04,69.68,0.17,740,70.73,5902.4,6486,4.337,1.136,12.138
CANDIDATE,207.767894,0.6973,5.21,3.21E+02,3.52,0.6816,379,4.85,7.7,5210,3.894,1.849,13.744
CANDIDATE,82.508054,0.0379,3.806,3.52E+02,14.04,0.485,878,140.61,11.4,4986,3.01,7.733,12.594
CANDIDATE,113.083522,0.039,10.315,1.31E+02,1.59,0.4698,450,9.65,13,5903,4.179,1.4,13.336
FALSE POSITIVE,1.23138339,0.348,3.943,7.27E+01,0.82,0.023,1648,1746.21,21,5791,4.505,0.958,14.804
CANDIDATE,381.37504,0.3515,16.57,2.87E+02,1.24,0.9548,212,0.48,11.8,5513,4.614,0.729,14.182
FALSE POSITIVE,322.5566305,,3.74,,,,,,,,,,12.75
FALSE POSITIVE,7.2269859,0.561,14.241,1.60E+02,0.79,0.0616,603,31.23,26.2,4347,4.645,0.609,14.941
FALSE POSITIVE,0.762724045,1.252,1.98818,9.78E+03,41.02,0.0155,1860,2827.5,451.7,5313,4.39,0.976,14.5
FALSE POSITIVE,206.7642577,,2.57,,,,,,,,,,15.996
CANDIDATE,529.39169,0.037,10.869,3.20E+02,4.4,1.3401,319,2.43,12.1,5283,3.699,2.504,13.156
FALSE POSITIVE,362.49906,0.5297,12.17,5.23E+02,2.51,0.9847,277,1.4,10.3,6043,4.369,1.065,15.259
FALSE POSITIVE,190.65896,0.9508,35.472,5.53E+02,2.54,0.6264,281,1.46,18.3,5508,4.549,0.835,15.043
CONFIRMED,509.997402,0.0254,8.481,1.27E+03,2.62,1.1218,182,0.26,35.3,5037,4.54,0.756,14.15
FALSE POSITIVE,1.50650036,0.684,2.762,4.54E+01,0.81,0.0258,1809,2520.53,15,6201,4.336,1.126,13.912
FALSE POSITIVE,194.4873221,,3.6,,,,,,,,,,13.989
CANDIDATE,495.51899,0.6052,3.592,2.98E+02,2.94,1.2514,305,2.03,6.6,6043,4.038,1.634,13.5
CANDIDATE,388.048463,0.1973,3.456,1.50E+02,3,1.1326,376,4.71,8.3,5779,3.765,2.46,11.084
CANDIDATE,34.0269868,0.5682,1.586,3.62E+02,1.57,0.188,455,10.15,6.2,4999,4.514,0.801,15.592
CANDIDATE,173.219879,0.5113,1.875,2.40E+02,2.41,0.6483,405,6.39,5.7,6007,4.158,1.518,13.957
CONFIRMED,374.878133,0.626,10.556,9.15E+02,4.27,1.0525,282,1.49,21.9,5636,4.218,1.354,14.508
FALSE POSITIVE,5.2362026,1.379,3.148,2.02E+03,75.83,0.0637,1378,853.62,28.2,6176,4.112,1.631,14.786
FALSE POSITIVE,48.55059299,,1.79,,,,,,,,,,15.227
CANDIDATE,511.882,0.5102,4.822,6.10E+02,2.56,1.2745,241,0.79,6.5,6141,4.454,1.007,15.462
FALSE POSITIVE,247.372131,0.4257,3.271,5.13E+02,2.47,0.7729,290,1.67,12.4,5780,4.438,1,13.359
CANDIDATE,96.16705,0.1194,2.775,2.71E+02,1.15,0.3774,313,2.26,7.2,5147,4.617,0.716,13.419
FALSE POSITIVE,95.254421,0.3116,3.379,4.65E+02,2.2,0.4239,413,6.89,6.1,6063,4.476,1.012,15.833
CONFIRMED,425.483539,0.03,17.856,9.97E+02,3.2,1.1546,248,0.89,19.6,5977,4.473,1.022,15.807
CANDIDATE,208.800733,0.3095,1.964,5.94E+02,2.88,0.7266,347,3.43,4.9,6208,4.372,1.168,15.239
FALSE POSITIVE,7.863361238,0.869,3.42771,1.82E+04,22.7,0.0769,1057,294.86,723.3,5615,4.136,1.4,12.524
FALSE POSITIVE,120.169838,,3.19,,,,,,,,,,12.138
CANDIDATE,113.7136303,,2.45,,,,,,,,,,15.499
CANDIDATE,17.634272,0.1876,1.387,7.67E+01,1.69,0.1296,842,118.84,9.7,4885,3.815,1.979,12.31
FALSE POSITIVE,0.745086745,0.626,4.29,2.70E+02,1.29,0.0151,1654,1775.23,61.4,5325,4.607,0.75,15.489
FALSE POSITIVE,247.4772431,,7.6,,,,,,,,,,15.78
CANDIDATE,208.047137,0.1884,3.22,2.88E+02,2.05,0.6345,363,4.12,6.9,5991,4.175,1.2,13.934
CANDIDATE,30.561533,0.0124,2.227,5.86E+02,1.53,0.1661,379,4.86,6.9,4294,4.609,0.664,15.871
CONFIRMED,6.10968225,0.108,5.735,6.03E+01,0.79,0.0596,1093,337.78,18.6,6024,4.309,1.009,13.328
CANDIDATE,292.09809,0.5155,14.43,5.29E+02,2.09,0.8541,267,1.2,11.4,5955,4.534,0.883,15.003
FALSE POSITIVE,11.8045536,0.1533,3.195,1.29E+02,0.94,0.0947,660,44.76,7,4971,4.482,0.857,14.274
CANDIDATE,578.21623,0.3763,2.707,1.21E+02,3.54,1.5655,328,2.74,3.5,5166,3.6,3.244,11.619
CANDIDATE,56.648588,0.769,4.534,6.49E+02,2.19,0.2703,377,4.77,11.8,5023,4.565,0.782,15.602
CANDIDATE,53.554546,0.62,5.533,1.28E+02,3.1,0.3144,769,82.79,8.9,6039,3.76,2.622,11.47
FALSE POSITIVE,3.1748772,0.94,7.089,1.74E+03,8.8,0.0415,1410,933.1,98.6,5116,3.994,1.619,14.395
CANDIDATE,119.079642,0.2275,16.268,4.23E+02,17.89,0.6497,795,94.61,18,4849,2.942,8.984,13.468
FALSE POSITIVE,371.18648,0.0845,19.929,3.18E+02,2.06,1.0309,291,1.68,18.1,6231,4.34,1.152,13.937
CANDIDATE,20.5858591,0.7233,3.069,2.60E+02,1.31,0.1302,586,27.85,6.6,5523,4.526,0.753,15.306
FALSE POSITIVE,10.90962154,0.146,17.8024,5.00E+05,149.1,0.0896,1127,381.27,2345.1,5323,3.714,2.064,14.096
CANDIDATE,113.573945,0.1359,3.007,2.50E+02,3.45,0.4691,496,14.32,7.8,5155,3.768,2.233,12.397
FALSE POSITIVE,27.0779813,0.957,138.54,3.48E+02,2.03,0.162,597,29.98,139.4,5906,4.467,0.85,14.17
FALSE POSITIVE,1.827660875,1.026,3.986,4.67E+04,42.1,0.0304,1664,1811.72,890.3,6352,4.427,1.072,14.268
CANDIDATE,542.91133,0.3766,15.9,7.50E+02,2.27,1.2569,199,0.37,13.1,5583,4.559,0.824,15.373
FALSE POSITIVE,376.554588,0.0963,3.182,4.81E+02,2,1.0227,247,0.88,5.4,5926,4.519,0.913,14.694
FALSE POSITIVE,538.4263,0.3917,12.751,2.42E+02,3.2,1.3552,322,2.53,16.2,5962,3.882,2.028,12.099
FALSE POSITIVE,94.20561159,,6.62,,,,,,,,,,11.613
FALSE POSITIVE,378.7064396,,14.66,,,,,,,,,,15.658
FALSE POSITIVE,78.4286313,1.388,3.7368,8.33E+04,85.77,0.3593,425,7.74,112.6,5780,4.438,1,15.069
CANDIDATE,287.75613,0.2794,5.487,1.99E+03,3.4,0.8109,215,0.5,6.6,4965,4.586,0.781,16.925
FALSE POSITIVE,2.53021,1.275,21.79,3.68E+02,41.44,0.0354,1543,1338.82,24.2,5780,4.178,1.296,12.294
FALSE POSITIVE,2.249000963,0.68,9.6022,5.88E+04,59.61,0.0358,2126,4838.14,1159.5,6025,3.8,2.293,12.502
CANDIDATE,189.961729,0.1845,12.46,7.00E+02,1.93,0.6066,260,1.08,11.9,5335,4.613,0.742,15.713
FALSE POSITIVE,121.6238738,,2.73,,,,,,,,,,12.209
CANDIDATE,202.1872277,,2.77,,,,,,,,,,13.762
CANDIDATE,280.9207069,,3.48,,,,,,,,,,15.261
FALSE POSITIVE,432.074696,0.1559,4.763,1.09E+03,2.39,1.0423,193,0.32,7.6,5183,4.608,0.739,15.214
CANDIDATE,169.415073,0.7546,3.884,2.40E+02,2.32,0.6368,413,6.87,9.8,6362,4.238,1.378,12.427
FALSE POSITIVE,460.77905,0.324,15.541,2.39E+02,4.24,1.3221,387,5.32,12.7,6126,3.731,2.717,13.462
FALSE POSITIVE,3.21318517,0.924,15.47,2.05E+03,8.24,0.0454,1710,2017.35,662.9,6712,4.159,1.513,12.52
CANDIDATE,57.7749373,0.044,4.731,2.84E+02,1.85,0.3063,524,17.82,10.4,6277,4.417,1.097,14.753
FALSE POSITIVE,331.7824813,,4.94,,,,,,,,,,13.789
FALSE POSITIVE,1.20608769,1.253,2.2272,1.66E+03,44.46,0.0224,1941,3353.78,66.9,5657,4.186,1.355,14.252
FALSE POSITIVE,613.82905,0.2616,18.18,1.48E+02,2.85,1.5457,307,2.1,10.2,5636,3.809,2.357,13.016
FALSE POSITIVE,476.80454,0.5619,10.65,1.44E+02,1.12,1.1453,227,0.63,5.7,5806,4.473,0.901,13.879
CONFIRMED,4.09513876,0.97,2.462,1.82E+02,1.75,0.0511,1122,374.3,11.6,5858,4.495,0.963,15.524
CANDIDATE,502.8356901,,9.97,,,,,,,,,,15.195
CANDIDATE,81.704814,0.0021,1.468,2.97E+02,1.65,0.3517,442,9.04,5.8,6099,4.421,0.95,14.794
FALSE POSITIVE,0.779615874,0.699,3.932,8.15E+01,0.83,0.0164,1847,2735.51,22,5764,4.548,0.863,15.292
CANDIDATE,578.21805,0.3937,4.18,6.37E+02,2.44,1.3722,223,0.59,5.3,6089,4.495,0.95,15.584
CANDIDATE,317.009388,0.2991,3.013,3.27E+02,4.03,0.9541,345,3.34,7.5,5066,3.787,2.27,13.555
CANDIDATE,482.51701,0.0846,14.791,5.73E+02,2.3,1.2182,242,0.8,10.3,6168,4.488,0.96,15.054
FALSE POSITIVE,224.469892,0.2691,2.952,4.59E+02,2.35,0.7093,323,2.58,5.5,5911,4.337,1.091,14.918
FALSE POSITIVE,113.556471,0.1828,2.383,2.79E+02,6.76,0.4481,651,42.48,7.6,4842,3.167,4.164,13.316
FALSE POSITIVE,208.02789,0.6065,10.82,2.55E+02,1.04,0.5867,196,0.35,8.8,4285,4.63,0.632,14.487
FALSE POSITIVE,308.024953,0.3366,2.665,3.53E+02,3.55,0.8409,345,3.35,10.2,5220,3.808,1.887,11.879
CANDIDATE,7.77710639,0.196,3.418,7.74E+01,0.73,0.0713,773,84.44,10.6,5073,4.481,0.851,13.725
FALSE POSITIVE,1.33261458,0.936,5.161,1.34E+03,3.65,0.0215,1208,505.52,17.5,4611,4.551,0.76,17.511
CANDIDATE,233.64574,0.0691,10.05,2.27E+03,5.2,0.744,296,1.8,7.6,5780,4.438,1,17.106
CANDIDATE,27.285315,0.213,7.47,3.97E+02,2.19,0.184,678,49.97,9.6,6304,4.407,1.094,14.71
FALSE POSITIVE,105.895315,0.093,2.581,1.23E+03,2.69,0.4045,323,2.58,7,5271,4.548,0.781,15.979
FALSE POSITIVE,61.224558,0.571,4.103,5.44E+02,2.76,0.3244,525,17.89,9.7,6343,4.408,1.14,15.873
FALSE POSITIVE,28.50787754,1.025,3.13331,2.44E+04,27.79,0.1841,613,33.32,449,6131,4.497,0.945,14.876
FALSE POSITIVE,444.46522,1.2803,0.767,4.08E+03,30.17,1.0697,189,0.3,9,5134,4.609,0.746,15.466
FALSE POSITIVE,8.48039,0.008,6.134,1.34E+02,1.23,0.0848,969,208.42,12,6193,4.434,1.067,14.863
CANDIDATE,445.351255,0.1716,6.516,4.20E+02,3.66,1.2938,370,4.43,10.6,7202,4.112,1.755,13.735
FALSE POSITIVE,72.0153825,0.6038,2.548,1.78E+02,6.94,0.4152,783,88.86,6.8,5099,3.299,5.032,11.888
FALSE POSITIVE,21.12752693,0.157,2.253,5.18E+01,20.93,0.1763,2349,7200.22,18.4,4024,1.672,30.882,8.789
FALSE POSITIVE,23.9341825,0.0465,1.607,2.28E+02,1.03,0.145,432,8.27,6.5,4415,4.58,0.715,14.869
FALSE POSITIVE,87.775799,0.8114,1.862,4.50E+02,2.44,0.3746,409,6.61,6.3,5604,4.375,1.025,15.429
FALSE POSITIVE,65.67350728,,2.73,,,,,,,,,,15.528
FALSE POSITIVE,222.0640988,,2.89,,,,,,,,,,14.017
FALSE POSITIVE,35.88227289,0.858,3.95004,1.01E+05,35.21,0.2052,512,16.3,3096.9,5840,4.57,0.812,14.295
FALSE POSITIVE,8.780603773,1.127,3.16989,9.00E+04,52.34,0.0812,775,85.17,1406.9,5487,4.563,0.832,15.674
CANDIDATE,97.5137491,0.0922,2.655,2.80E+02,5.27,0.4608,630,37.25,9.1,5437,3.57,3.18,12.603
CANDIDATE,549.42772,0.4315,6.09,7.19E+02,2.64,1.3488,223,0.58,12.1,5957,4.498,0.971,14.654
CANDIDATE,284.666844,0.3413,2.752,4.18E+02,8.98,1.0029,486,13.14,5.6,5248,3.368,4.413,13.761
CONFIRMED,224.150923,0.019,12.455,3.49E+02,2.41,0.6762,369,4.4,34.2,6072,4.133,1.286,13.093
CANDIDATE,148.179343,0.102,12.733,4.67E+02,2.52,0.5425,367,4.29,12.5,5635,4.278,1.183,15.563
FALSE POSITIVE,551.49832,0.9478,40.92,1.87E+03,4.89,1.3067,215,0.51,37,5926,4.532,0.887,15.536
FALSE POSITIVE,351.2878737,0.712,11.2066,1.35E+05,38.47,0.9771,252,0.96,1002.8,5911,4.519,0.914,15.703
CANDIDATE,376.934014,0.6546,4.28,3.82E+02,2.13,0.991,274,1.33,6.1,6074,4.369,1.034,13.797
FALSE POSITIVE,46.50446209,,1.37,,,,,,,,,,15.682
CANDIDATE,17.168095,0.999,13.04,1.43E+02,4.81,0.2602,603,31.34,8.1,5053,3.824,1.907,14.498
FALSE POSITIVE,124.091252,0.031,2.172,2.81E+02,1.3,0.4619,305,2.04,5.7,5275,4.571,0.792,14.152
CANDIDATE,403.163148,0.02,5.735,6.81E+02,2.49,1.0963,240,0.79,12.1,5812,4.504,0.963,14.624
CANDIDATE,341.557931,0.6746,3.365,4.33E+02,6.81,1.0293,393,5.65,9.6,5138,3.551,3.098,12.472
CANDIDATE,476.91977,0.5589,5.07,1.94E+02,2.49,1.2893,321,2.49,7.4,6282,4.063,1.725,12.952
CANDIDATE,9.011888,0.948,4.167,9.88E+02,7.04,0.0876,1105,351.97,15.5,5627,4.002,1.735,14.321
CANDIDATE,351.25069,0.1777,3.648,1.32E+03,2.23,0.8302,186,0.28,6.5,4828,4.63,0.63,15.806
FALSE POSITIVE,212.771978,0.2065,2.115,1.24E+03,2.84,0.6458,255,1,6.9,5122,4.505,0.824,15.788
CANDIDATE,65.3558881,0.4827,2.165,1.16E+03,2.61,0.2894,337,3.05,9.6,4703,4.55,0.764,15.676
FALSE POSITIVE,18.0766788,0.822,3.06,2.88E+04,19.47,0.1351,694,54.73,26.6,5780,4.438,1,16.667
FALSE POSITIVE,1.33255577,0.199,4.282,1.27E+02,0.97,0.0223,1420,961.41,15.4,5122,4.469,0.881,15.916
FALSE POSITIVE,1.33259275,0.833,4.014,7.91E+01,0.97,0.0241,1703,1983.27,15.9,6091,4.487,0.967,15.3
FALSE POSITIVE,36.6092739,0.26,1.835,1.10E+03,52.42,0.2708,1623,1640.55,7.6,4770,2.319,16.114,13.823
CANDIDATE,39.399926,0.544,5.729,3.41E+02,1.52,0.2172,499,14.66,9.4,5913,4.581,0.795,15.453
CANDIDATE,270.1430241,,6.32,,,,,,,,,,15.059
FALSE POSITIVE,0.812592362,1.007,1.5646,6.95E+03,25.84,0.0191,2912,16928.43,226.6,7117,4.153,1.64,14.235
FALSE POSITIVE,81.871309,0.1996,1.606,9.82E+01,1.12,0.3783,480,12.59,5.4,6343,4.375,1.115,12.869
FALSE POSITIVE,0.566805859,0.724,3.835,6.11E+01,1.25,0.0146,2858,15850.69,21.5,6413,4.203,1.494,13.857
FALSE POSITIVE,326.3659519,,3.75,,,,,,,,,,14.983
FALSE POSITIVE,520.58269,0.045,2.264,3.48E+02,1.94,1.3069,244,0.83,6,6210,4.45,1.033,14.027
CANDIDATE,126.586058,0.799,5.41,1.25E+02,1.54,0.5029,460,10.54,10.5,6611,4.269,1.249,12.968
CANDIDATE,2.7200197,0.0078,1.874,8.69E+02,1.53,0.0313,713,61.08,8.5,3939,4.735,0.527,16.56
CANDIDATE,18.347081,0.1988,2.825,1.13E+03,5.65,0.1354,855,126.14,11.6,5465,3.968,1.702,14.261
CANDIDATE,57.140035,0.0783,5.684,1.57E+03,5.78,0.2891,588,28.34,7.2,5936,4.103,1.46,16.558
FALSE POSITIVE,0.718643659,0.922,2.51246,1.25E+05,50.85,0.0155,2002,3813.75,575,5853,4.483,0.934,15.121
CANDIDATE,31.70757465,0.923,7.6771,7.87E+02,2.96,0.1935,547,21.1,5.5,5861,4.546,0.865,15.197
FALSE POSITIVE,17.94632811,0.774,8.15905,1.03E+05,66.65,0.1282,845,120.63,3497.6,5228,3.906,1.722,14.933
FALSE POSITIVE,204.818268,0.346,1.93,3.04E+02,5.18,0.7609,525,17.9,5.4,6060,3.65,2.93,11.784
CANDIDATE,9.3589254,0.184,3.169,1.53E+03,17.37,0.1014,1528,1288.85,8.9,5188,3.327,4.521,17.054
CANDIDATE,4.15472242,0.971,1.791,2.24E+03,23.47,0.0609,2292,6522.18,19.7,6996,3.627,3.359,12.572
FALSE POSITIVE,23.81490574,0.772,1.9948,7.92E+04,63.1,0.1507,847,121.57,444.4,5421,3.79,1.89,14.488
FALSE POSITIVE,1.3274511,0.245,3.465,1.24E+02,0.66,0.02,1009,243.87,16.6,4137,4.646,0.61,15.158
CANDIDATE,87.565484,0.0563,2.527,3.96E+02,2.12,0.4009,437,8.6,6.7,6064,4.429,1.069,15.212
CANDIDATE,535.1515,0.3162,2.826,3.62E+02,2.7,1.2454,258,1.04,8.6,5468,4.085,1.423,12.706
CANDIDATE,495.40462,2.3238,0.63,9.04E+02,152.21,1.2628,248,0.9,5.5,6225,4.45,1.031,13.825
FALSE POSITIVE,209.238576,0.2683,2.245,1.55E+02,1.43,0.6992,354,3.72,5.4,6302,4.345,1.135,13.564
CANDIDATE,353.65927,0.247,4.543,1.02E+03,2.58,0.9524,223,0.58,7.5,5438,4.574,0.82,15.871
CANDIDATE,346.4174,0.1572,9.23,6.62E+02,2.41,0.9687,251,0.94,7.9,5754,4.49,0.946,15.612
FALSE POSITIVE,1.166835206,1.257,2.17596,1.55E+04,96.28,0.0279,3457,33728.08,388.6,8982,4.111,2.123,14.99
FALSE POSITIVE,230.7057888,,2.69,,,,,,,,,,14.626
FALSE POSITIVE,4.99471597,0.698,3.44,5.30E+01,2.2,0.0653,1861,2836.06,14.1,6409,3.706,2.83,13.352
CANDIDATE,161.651504,0.736,2.509,2.54E+02,2.22,0.5787,377,4.77,8.4,5725,4.212,1.289,13.756
CANDIDATE,376.24253,0.328,4.064,1.86E+02,1.32,1.0124,254,0.99,6.3,5916,4.463,0.96,13.772
FALSE POSITIVE,27.65960779,0.604,4.16321,3.18E+05,50.7,0.1692,499,14.66,4791,5310,4.593,0.768,14.706
FALSE POSITIVE,476.727302,0.008,9.327,1.04E+03,23.42,1.3199,530,18.64,17.9,5068,2.827,7.417,13.587
CANDIDATE,21.7997515,0.1657,4.756,1.10E+02,1.01,0.1548,674,48.75,8.7,6122,4.487,0.964,14.82
CANDIDATE,54.595746,0.332,2.21,1.36E+02,2,0.2843,649,41.81,8.7,6014,3.989,1.699,13.67
FALSE POSITIVE,22.0495604,0.651,3.428,1.35E+02,1.9,0.1685,912,163.51,15.4,6821,4.176,1.548,13.454
FALSE POSITIVE,150.7003939,,2.82,,,,,,,,,,15.396
FALSE POSITIVE,44.48477463,,1.67,,,,,,,,,,15.179
FALSE POSITIVE,93.6452481,,2.12,,,,,,,,,,15.854
CANDIDATE,585.64118,0.5274,13.97,5.65E+02,2.2,1.368,207,0.43,12.5,5779,4.526,0.901,14.644
FALSE POSITIVE,574.69029,0.004,4.269,2.77E+02,1.26,1.2394,191,0.31,7.2,5503,4.557,0.764,13.873
CANDIDATE,502.9828392,,2.94,,,,,,,,,,14.03
CANDIDATE,48.8130123,0.0608,1.538,7.02E+02,2.95,0.2713,553,22.17,8.8,6202,4.395,1.11,15.861
FALSE POSITIVE,280.1604956,1.04,2.8637,1.29E+04,19.25,0.8057,237,0.74,54.5,5387,4.581,0.799,15.884
FALSE POSITIVE,370.46262,0.2421,9.541,3.48E+02,2.03,1.0335,284,1.53,12.1,6295,4.401,1.08,13.84
FALSE POSITIVE,116.301793,0.4631,2.253,6.49E+02,2.18,0.4541,336,3.01,6.3,5593,4.552,0.842,15.503
FALSE POSITIVE,480.19416,0.1548,10.76,3.72E+02,1.79,1.203,235,0.72,9.1,6072,4.51,0.923,14.382
FALSE POSITIVE,368.49828,0.1772,14.903,5.82E+02,1.86,0.9155,214,0.5,18,5255,4.527,0.783,14.697
FALSE POSITIVE,6.993576155,1.317,21.2695,2.92E+03,101.15,0.0803,1605,1569.11,643.3,6565,3.803,2.467,12.594
FALSE POSITIVE,223.5213173,,3.27,,,,,,,,,,13.658
FALSE POSITIVE,1.811461128,0.309,8.42343,9.22E+05,373.77,0.0367,3438,33024.44,3934.3,8572,3.776,3.034,13.947
FALSE POSITIVE,2.17491508,0.719,8.4418,6.35E+05,193.73,0.0364,2009,3847.36,1572,6792,4.143,1.636,14.281
CANDIDATE,441.61919,0.5027,5.372,8.20E+02,1.71,0.9487,152,0.12,7.8,4351,4.659,0.592,14.497
FALSE POSITIVE,24.5002702,0.405,4.079,1.54E+02,0.73,0.1419,409,6.61,13.3,4519,4.688,0.597,13.511
CANDIDATE,318.49078,0.4328,3.012,6.30E+02,3.01,0.9166,301,1.94,6.3,6026,4.302,1.176,14.582
FALSE POSITIVE,2.16402661,,2.78,,,,,,,,,,15.09
FALSE POSITIVE,392.8927563,,4.93,,,,,,,,,,13.802
FALSE POSITIVE,114.734287,0.3694,3.724,2.43E+02,1.1,0.4069,296,1.82,6.7,5083,4.569,0.71,14.259
CANDIDATE,362.0619,0.524,14.02,8.86E+02,2.12,0.9112,203,0.41,13.5,5271,4.636,0.698,15.766
FALSE POSITIVE,1.340649911,0.561,5.0912,6.28E+05,127.25,0.0237,2004,3824.87,791,6332,4.26,1.222,14.558
FALSE POSITIVE,30.69537638,0.846,5.6634,1.99E+04,19.39,0.2027,662,45.29,186.8,6185,4.356,1.192,15.496
FALSE POSITIVE,30.69533113,1.041,5.94855,8.88E+04,69.4,0.185,737,69.65,7846.3,6335,4.171,1.286,12.508
CANDIDATE,11.37444271,0.978,2.30694,2.79E+04,22.86,0.0933,687,52.84,643.6,5297,4.546,0.808,14.585
FALSE POSITIVE,49.873958,0.4119,1.351,5.62E+02,1.5,0.2261,366,4.26,5.7,4979,4.632,0.629,15.518
CANDIDATE,411.447056,0.287,3.481,2.85E+02,2.86,1.1846,342,3.22,7.3,6519,4.108,1.672,13.81
CANDIDATE,29.9371143,0.321,4.435,1.94E+02,1.19,0.1758,501,14.87,11.6,5115,4.47,0.866,14.489
FALSE POSITIVE,114.2504149,,2.11,,,,,,,,,,15.872
CANDIDATE,651.358046,0.0946,4.384,5.71E+02,14.58,1.8916,411,6.75,11,5122,3.172,6.261,12.888
FALSE POSITIVE,407.97623,0.0598,14.69,2.38E+02,4.63,1.3498,498,14.53,11.2,7612,3.787,2.968,12.234
CANDIDATE,33.3037881,0.072,3.003,2.72E+02,1.14,0.1866,422,7.53,8.1,4899,4.624,0.713,14.733
CANDIDATE,212.60398,0.0513,5.74,1.89E+02,1.64,0.7026,337,3.06,7.1,5834,4.284,1.207,14.01
CANDIDATE,50.550788,0.632,2.353,1.55E+02,5,0.3046,790,92.03,7.9,5031,3.433,3.859,11.509
FALSE POSITIVE,239.2557898,,5.21,,,,,,,,,,13.816
CANDIDATE,285.374561,0.018,4.865,4.82E+02,5.94,0.7937,423,7.54,13.7,5142,3.47,2.756,13.863
FALSE POSITIVE,6.279888981,1.244,5.5086,1.51E+03,196.78,0.0831,1931,3281.24,150.5,5057,3.137,6.222,13.285
FALSE POSITIVE,37.47695717,,1.46,,,,,,,,,,14.508
CANDIDATE,93.359737,0.0547,5.397,3.83E+01,1.05,0.4308,592,29.01,8.1,6809,4.078,1.673,10.926
FALSE POSITIVE,519.8022187,0.894,14.9678,7.72E+04,40.88,1.2124,216,0.51,2502.9,5310,4.356,1.03,12.651
CANDIDATE,122.58481,0.3468,22.37,3.19E+02,1.19,0.4192,279,1.43,7.6,5003,4.602,0.669,15.443
CANDIDATE,84.934357,0.1612,3.169,1.30E+02,1.6,0.3805,531,18.83,5.9,6290,4.156,1.395,13.67
FALSE POSITIVE,48.9200563,0.6077,2.295,3.34E+02,1.71,0.243,456,10.22,7,5375,4.433,0.899,14.981
CANDIDATE,421.98194,0.1494,13.799,1.73E+02,2.02,1.2041,334,2.96,15,6760,4.193,1.515,12.338
CONFIRMED,469.61309,0.906,13.709,1.23E+03,3.24,1.117,200,0.37,18.2,5474,4.598,0.763,15.696
FALSE POSITIVE,583.73632,0.126,15.75,3.39E+02,2.65,1.4277,266,1.19,11.4,6003,4.176,1.442,14.495
FALSE POSITIVE,502.658,0.3138,19.51,2.16E+02,0.69,0.9719,116,0.04,10,3754,4.773,0.473,13.676
CANDIDATE,116.454312,0.006,15.826,2.13E+03,3.33,0.4142,306,2.06,30,5197,4.548,0.736,16.017
CANDIDATE,397.499229,0.5839,8.019,2.63E+03,6.57,1.1541,293,1.73,34.8,6423,4.37,1.231,15.312
FALSE POSITIVE,243.954706,0.1207,2.562,2.92E+02,1.35,0.7299,257,1.03,5.2,5578,4.578,0.794,14.43
CANDIDATE,24.9093027,0.679,3.8,3.33E+02,1.32,0.1507,452,9.9,10.4,4810,4.633,0.685,15.712
CANDIDATE,192.138741,0.0503,3.218,1.51E+02,1.93,0.6782,407,6.48,8.2,6065,4.098,1.569,12.534
CANDIDATE,281.95332,0.6164,2.756,1.04E+03,2.31,0.7622,204,0.41,7.6,4864,4.628,0.692,15.399
FALSE POSITIVE,12.71368909,0.196,1.875,1.92E+02,1.09,0.1014,700,56.78,9.8,5715,4.586,0.782,15.127
FALSE POSITIVE,25.26363805,,2.72,,,,,,,,,,12.231
FALSE POSITIVE,1.391716834,0.233,1.421,4.10E+01,36.19,0.0234,8346,1150147.99,9.7,3749,0.833,59.684,13.71
FALSE POSITIVE,70.51623381,0.587,4.09296,3.30E+05,52.74,0.3065,390,5.47,3168.8,5511,4.531,0.789,15.284
FALSE POSITIVE,2.645596805,1.239,2.9095,1.27E+03,167.05,0.0437,2452,8539.63,166.8,4980,3.167,5.443,12.375
CANDIDATE,388.67155,0.0576,11.701,3.71E+02,1.49,0.9976,210,0.46,10.1,5354,4.587,0.788,14.829
FALSE POSITIVE,105.6327297,,2.73,,,,,,,,,,13.568
FALSE POSITIVE,274.553579,0.1125,5.95,2.18E+02,1.66,0.8227,322,2.55,6.7,6267,4.334,1.118,13.715
FALSE POSITIVE,251.0230401,,3.11,,,,,,,,,,13.439
FALSE POSITIVE,1.80774253,0.9062,2.637,5.93E+02,5.29,0.0278,1822,2606.24,15.1,5164,3.88,1.779,15.651
CANDIDATE,520.655224,0.2674,12.94,3.15E+02,7.58,1.4248,401,6.12,14.4,5227,3.321,4.313,12.518
CANDIDATE,369.93355,0.149,7.6,9.95E+02,3.24,1.0371,270,1.25,15.8,6158,4.453,1.024,15.524
FALSE POSITIVE,28.7369766,0.1108,1.586,5.25E+02,1.95,0.1798,550,21.64,5.5,5722,4.547,0.854,15.642
FALSE POSITIVE,2.45649061,0.167,2.844,2.88E+02,14.14,0.0333,3440,33039.62,21,4870,2.486,8.531,10.45
FALSE POSITIVE,98.51783198,,1.65,,,,,,,,,,14.037
FALSE POSITIVE,457.513348,0.9613,5.763,5.63E+02,25.18,1.4802,512,16.21,3.9,5047,2.966,7.821,13.853
FALSE POSITIVE,224.0258992,,2.93,,,,,,,,,,15.496
FALSE POSITIVE,323.77153,0.083,17.57,3.54E+02,1.44,0.8795,216,0.52,10.6,5196,4.586,0.784,14.458
CANDIDATE,641.60204,0.3218,16.762,2.37E+02,1.61,1.4993,230,0.66,10.6,6277,4.449,1.031,14.152
FALSE POSITIVE,40.0389613,0.3619,1.711,1.09E+02,0.95,0.2139,517,16.85,5.7,5701,4.437,0.903,13.699
FALSE POSITIVE,22.57197263,1.056,4.00349,7.93E+04,46.14,0.1419,617,34.24,1040.1,5645,4.431,0.871,15.45
CANDIDATE,28.406342,0.2208,2.598,2.24E+02,1.41,0.1793,613,33.44,5.4,6085,4.474,0.936,15.423
FALSE POSITIVE,1.018861199,0.358,6.5005,2.91E+05,93.47,0.0201,2505,9299.2,911.3,6225,4.009,1.672,14.039
FALSE POSITIVE,80.519237,0.102,4.044,9.25E+01,1.08,0.3759,476,12.11,7.2,6251,4.378,1.119,12.725
FALSE POSITIVE,149.356804,0.1627,15.415,1.72E+02,2.92,0.5907,560,23.18,14,6569,3.842,2.203,13.825
CANDIDATE,264.466625,0.129,6.371,4.37E+02,2.61,0.8599,346,3.41,27,6551,4.337,1.236,11.154
CANDIDATE,151.77884,0.159,2.615,1.90E+02,4.35,0.6438,616,34.01,8.2,6328,3.634,3.134,11.141
FALSE POSITIVE,50.47759052,,2.02,,,,,,,,,,12.909
CANDIDATE,113.993156,0.7026,7.721,6.97E+01,2.23,0.5697,729,66.64,15.6,7892,3.921,2.496,11.176
FALSE POSITIVE,2.79123954,0.709,2.843,1.55E+02,2.22,0.0425,1771,2322.96,25.3,6407,4.111,1.668,13.116
FALSE POSITIVE,223.3176922,,3.54,,,,,,,,,,13.705
FALSE POSITIVE,44.637111,0.029,5.868,2.83E+02,1.28,0.222,432,8.22,9.4,5222,4.518,0.78,15.292
CANDIDATE,102.493119,0.9591,2.814,6.36E+02,2.7,0.41,317,2.37,8.3,5166,4.583,0.791,15.142
CANDIDATE,284.9421278,,3.2,,,,,,,,,,13.248
FALSE POSITIVE,365.620697,0.4173,32.263,2.72E+04,12.75,0.9018,215,0.5,671.1,5273,4.531,0.768,14.622
CANDIDATE,6.13292733,0.225,1.561,5.87E+01,1.56,0.0719,1379,854.43,10,5877,3.941,2.034,13.421
CANDIDATE,12.63063129,0.017,2.212,3.01E+02,1.37,0.1019,689,53.17,9.5,5579,4.58,0.798,15.633
FALSE POSITIVE,191.272501,0.504,3.064,2.87E+02,1.59,0.6103,310,2.18,5.8,5727,4.43,0.918,13.955
CANDIDATE,286.02266,0.3591,10.43,1.04E+03,2.03,0.7259,180,0.25,9.8,4368,4.624,0.637,15.45
CANDIDATE,7.95445779,0.021,4.6012,6.27E+03,9.5,0.0794,1064,303.36,228.4,6217,4.306,1.196,14.406
CANDIDATE,331.70918,78.4871,7.44,3.46E+03,6815.75,0.8952,221,0.56,9.5,5282,4.565,0.805,15.54
FALSE POSITIVE,575.42002,0.1538,17.22,4.02E+02,1.91,1.3184,225,0.61,11.7,6025,4.448,0.949,14.693
CANDIDATE,297.78282,0.2697,18.38,3.92E+02,1.17,0.7267,167,0.18,10.8,4192,4.657,0.59,14.587
CANDIDATE,137.396194,0.525,17.61,1.55E+02,3.38,0.5691,517,16.87,13.2,5425,3.704,2.655,13.668
CANDIDATE,365.739893,0.6206,1.218,3.01E+02,1.73,0.9391,241,0.8,4.7,5420,4.396,0.953,12.962
CANDIDATE,104.198102,0.3437,3.2,6.52E+02,5.13,0.412,497,14.46,8.9,5087,3.759,2.024,14.457
FALSE POSITIVE,368.72715,0.3411,5.06,4.27E+02,1.55,0.9183,215,0.51,6.4,5401,4.569,0.749,14.598
CANDIDATE,74.833577,0.1101,3.247,8.64E+01,1.68,0.3555,590,28.65,6.4,5933,3.953,1.807,12.395
CANDIDATE,8.5852872,0.029,2.834,1.41E+03,3.02,0.0795,777,85.95,11,5488,4.57,0.818,16.565
FALSE POSITIVE,100.303613,0.388,10.578,4.88E+05,78.77,0.4221,421,7.41,354.7,6060,4.397,1.046,17.908
CANDIDATE,102.100752,0.492,2.009,1.94E+02,2.63,0.4737,551,21.84,5.2,6359,4.046,1.83,13.845
CANDIDATE,6.263491873,0.048,0.8513,2.83E+03,6.46,0.0651,1180,458.5,35.1,6247,4.255,1.194,13.952
FALSE POSITIVE,0.83620025,0.56,3.7127,3.31E+05,65.64,0.0174,1932,3299.29,145.4,5780,4.438,1,20.003
CANDIDATE,335.43143,0.4062,10.3,2.28E+02,7.12,1.1236,468,11.31,6.8,5172,3.315,4.721,13.938
CANDIDATE,558.21886,0.022,13.556,1.54E+03,3.1,1.2704,198,0.36,19.1,5679,4.581,0.794,15.326
CANDIDATE,290.02002,0.5367,23.87,1.73E+02,1.56,0.9025,321,2.51,7.6,6452,4.384,1.148,14.737
CANDIDATE,279.21957,0.6009,10.015,3.34E+02,4.92,0.8635,395,5.77,10.5,5159,3.648,2.604,13.845
CANDIDATE,348.665961,0.0873,3.849,3.91E+02,9.56,1.0528,493,13.93,10.8,5183,3.166,4.89,12.038
FALSE POSITIVE,616.34132,0.28,12.724,1.29E+03,2.11,1.1794,131,0.07,12.5,4197,4.659,0.588,15.894
CANDIDATE,222.28056,0.2151,3.035,2.72E+02,2.56,0.777,405,6.37,8,6543,4.17,1.531,12.401
CANDIDATE,570.01886,0.1946,3.52,4.29E+02,1.62,1.282,190,0.31,6.8,5496,4.579,0.79,14.441
CANDIDATE,378.9313911,,14.11,,,,,,,,,,15.316
CANDIDATE,580.8532679,,16.63,,,,,,,,,,15.927
FALSE POSITIVE,390.40832,0.0407,7.916,2.52E+02,0.63,0.7839,115,0.04,8.5,3659,4.858,0.4,13.974
FALSE POSITIVE,191.528018,0.0258,2.342,1.72E+02,1.32,0.6436,334,2.95,6.4,6054,4.416,1.009,13.337
FALSE POSITIVE,386.59946,0.2307,3.305,3.81E+02,1.89,1.0523,259,1.06,5.8,6137,4.487,0.963,14.79
FALSE POSITIVE,15.4032765,0.623,3.246,2.53E+02,1.32,0.1101,626,36.41,9.2,5272,4.508,0.799,15.555
CANDIDATE,7.58062893,0.382,3.484,8.61E+01,0.97,0.0764,937,182.01,10.9,5753,4.417,1.041,14.498
FALSE POSITIVE,61.0011095,0.7091,1.049,4.08E+02,2.55,0.3262,536,19.57,4.6,6418,4.395,1.171,15.227
FALSE POSITIVE,198.232389,0.0297,1.919,4.16E+02,2.28,0.6849,352,3.64,5.7,6263,4.382,1.113,13.991
FALSE POSITIVE,0.66062715,1.208,4.56,2.49E+02,26.13,0.0154,2327,6966.29,7.8,6322,4.426,1.075,14.162
CANDIDATE,248.421771,0.7838,4.187,7.04E+02,18.92,0.8927,579,26.64,8.8,4895,3.008,6.428,13.586
FALSE POSITIVE,456.5734,0.1768,5.465,3.98E+02,7.88,1.1533,413,6.88,7.6,5002,3.216,4.042,13.731
FALSE POSITIVE,601.13797,0.057,15.26,1.73E+02,1.81,1.3967,254,0.99,9.9,5786,4.155,1.388,13.17
FALSE POSITIVE,344.06248,0.935,15.6,1.36E+02,5.26,1.2186,589,28.42,17.7,7664,3.611,3.697,11.566
FALSE POSITIVE,39.94344731,,1.71,,,,,,,,,,12.218
CANDIDATE,551.22396,0.2134,5.896,5.71E+02,2.1,1.3184,206,0.42,17.2,5691,4.544,0.887,14.465
FALSE POSITIVE,466.90824,0.0868,2.64,6.60E+02,2.19,1.0865,210,0.46,5.4,5340,4.456,0.867,15.202
FALSE POSITIVE,361.30991,0.0802,12.968,2.76E+02,7.07,1.1641,422,7.5,10.6,4911,3.354,4.419,13.851
FALSE POSITIVE,199.4424134,1.1877,7.2533,3.22E+04,56.11,0.6615,344,3.32,486.4,5869,4.288,1.17,14.372
FALSE POSITIVE,31.59115876,1.247,2.6431,1.43E+03,72.91,0.1953,783,88.84,83.5,5178,3.714,2.295,13.687
FALSE POSITIVE,356.99135,0.2437,17.03,7.48E+02,2.47,0.9483,240,0.78,13.8,5539,4.467,0.913,15.684
FALSE POSITIVE,96.120478,0.5381,1.125,2.85E+02,2.08,0.397,460,10.62,6,6038,4.245,1.186,13.917
FALSE POSITIVE,9.63647672,0.046,2.999,4.76E+01,2.02,0.0994,1243,565.04,11.1,5125,3.631,3.007,12.162
FALSE POSITIVE,45.680876,0.206,2.293,3.50E+02,14.5,0.244,1215,514.91,3.7,4835,2.608,7.917,13.409
FALSE POSITIVE,43.169798,0.5639,9.686,1.21E+02,1.47,0.2338,615,33.77,6.9,5929,4.176,1.292,13.158
CANDIDATE,395.94327,0.1116,16.09,1.51E+03,2.53,0.9443,172,0.21,14.5,4596,4.63,0.678,15.921
CANDIDATE,76.37924,0.7333,0.645,2.76E+02,1.73,0.3286,406,6.41,5.7,5451,4.404,0.936,13.717
CANDIDATE,58.669218,0.332,3.712,1.69E+02,1.28,0.2918,450,9.68,10,5548,4.433,0.986,13.899
CANDIDATE,355.84731,0.1578,16.68,1.24E+02,1.68,1.08,354,3.71,9.8,6823,4.212,1.493,13.127
CANDIDATE,61.611129,0.364,14.96,8.29E+01,1.29,0.323,597,30.02,22,6533,4.227,1.386,12.332
CANDIDATE,150.728285,0.2751,2.718,2.14E+02,1.27,0.5487,321,2.51,5.6,5778,4.544,0.871,14.396
CANDIDATE,253.790434,0.1412,3.702,6.04E+02,2.06,0.7588,253,0.97,6.4,5426,4.535,0.85,15.327
FALSE POSITIVE,322.544807,0.0183,11.236,8.80E+01,0.68,0.8613,219,0.55,12.1,5359,4.611,0.741,11.697
CANDIDATE,35.6606167,,1.59,,,,,,,,,,13.951
FALSE POSITIVE,22.57494749,1.271,36.756,1.34E+03,49.49,0.1673,860,129.25,302.6,6581,4.192,1.468,11.612
CANDIDATE,587.38162,0.6822,11.973,8.64E+02,36.77,1.8953,527,18.29,12.8,4784,2.711,11.839,13.715
FALSE POSITIVE,85.5692223,0.98,4.954,5.39E+02,6.85,0.3798,536,19.51,18.2,5361,3.856,1.951,13.982
CANDIDATE,7.07987663,0.034,2.589,3.10E+02,1.36,0.0666,738,70.05,10,4808,4.521,0.806,15.975
CANDIDATE,91.240335,0.1436,2.314,2.06E+02,1.75,0.4058,494,14.03,5.7,6493,4.305,1.205,13.89
CANDIDATE,357.41382,0.1438,3.675,7.77E+02,3.01,1.0151,283,1.52,6.7,6233,4.412,1.076,15.388
CANDIDATE,359.854745,0.8071,3.429,3.02E+02,2.25,1.0501,302,1.97,6.1,6495,4.379,1.168,13.728
CANDIDATE,89.366114,0.39,3.945,4.94E+02,1.97,0.3819,391,5.54,6.3,5861,4.522,0.875,15.409
FALSE POSITIVE,422.255426,0.3769,4.974,1.94E+03,5.09,1.1357,277,1.39,17.4,6273,4.364,1.139,15.17
CANDIDATE,37.6259039,0.49,3.91,4.11E+02,1.81,0.2172,519,17.13,11.7,5874,4.542,0.871,15.013
CANDIDATE,100.414752,,1.72,,,,,,,,,,12.124
CANDIDATE,41.9934673,0.046,3.226,2.94E+02,1.56,0.2335,503,15.19,9.4,5766,4.498,0.915,14.847
CANDIDATE,94.67782,0.3614,2.215,2.87E+02,1.46,0.3885,353,3.67,5.9,5360,4.503,0.866,14.258
CANDIDATE,290.196139,0.017,13.698,2.81E+02,2.35,0.9128,341,3.2,15.7,6238,4.224,1.403,13.511
FALSE POSITIVE,471.39698,0.3379,10.714,3.30E+02,1.87,1.2155,265,1.16,13.1,6587,4.463,1.008,13.731
CANDIDATE,175.452812,0.1526,2.734,1.42E+02,3.96,0.7047,591,28.77,6.1,6184,3.58,3.304,13.086
CANDIDATE,367.07446,0.093,5.887,3.68E+02,2.15,1.0547,287,1.59,6.6,6315,4.407,1.116,14.666
CANDIDATE,366.684634,0.5294,3.284,4.56E+02,10.75,1.2691,444,9.18,9.1,5090,3.353,4.962,13.026
CANDIDATE,291.306507,0.3377,2.91,1.13E+03,2.49,0.7716,219,0.54,7.1,5031,4.548,0.748,15.789
CANDIDATE,93.006,0.4428,2.461,1.25E+02,1.97,0.4073,503,15.18,6.7,5518,3.973,1.742,12.979
CANDIDATE,26.46288074,,1.4,,,,,,,,,,13.023
FALSE POSITIVE,436.42852,0.3772,13.8,1.64E+02,1.26,1.1288,245,0.86,9.2,5997,4.466,0.971,13.298
CANDIDATE,20.69920737,,2.17,,,,,,,,,,11.957
CANDIDATE,466.002988,0.867,10.278,2.36E+03,4.92,1.1654,223,0.58,42.3,5830,4.54,0.876,14.692
CANDIDATE,302.77571,0.1265,3.183,1.11E+03,1,0.5874,106,0.03,7.1,3358,4.944,0.303,15.755
CANDIDATE,115.1995292,,2.67,,,,,,,,,,11.794
CANDIDATE,355.86134,0.003,23.39,1.22E+03,2.79,0.9429,233,0.7,15.2,5736,4.576,0.801,15.887
CANDIDATE,236.506437,0.1474,5.004,7.44E+02,10.37,0.8455,480,12.54,10.6,5066,3.414,3.9,13.856
CANDIDATE,19.3854894,0.0074,1.031,4.56E+03,6.13,0.1312,632,37.73,2.7,5432,4.42,0.913,13.891
CANDIDATE,416.8789312,,4.45,,,,,,,,,,15.69
CANDIDATE,48.38798413,,1.23,,,,,,,,,,15.025
CANDIDATE,357.588538,0.1542,3.367,3.45E+02,3.53,1.1418,420,7.38,7.2,7435,4.082,1.876,13.382
CANDIDATE,545.205601,0.3515,3.296,2.00E+02,1.66,1.3395,257,1.03,7.1,6273,4.345,1.155,12.812
CANDIDATE,105.053389,0.2199,1.988,1.77E+02,1.52,0.4566,449,9.61,5.8,6471,4.392,1.13,13.724
CANDIDATE,24.7967294,0.952,4.278,9.71E+02,3.14,0.1583,537,19.62,13.8,5496,4.592,0.776,15.627
CANDIDATE,44.7060191,1.6552,0.25,2.92E+02,60.47,0.2219,465,11.01,6.6,5509,4.482,0.811,13.783
CANDIDATE,125.277815,0.131,4.442,4.32E+02,15.75,0.6174,799,96.53,11,5119,2.961,7.738,13.325
CANDIDATE,27.2020672,0.223,1.811,1.80E+02,1.87,0.1808,719,63.31,8.7,5869,4.175,1.396,14.172
FALSE POSITIVE,64.71316809,0.573,5.69869,3.13E+05,62.03,0.3106,482,12.8,3582.5,6175,4.44,0.974,13.882
CANDIDATE,40.7282314,0.9828,13.677,2.22E+02,4.58,0.2692,829,111.83,19.4,6531,3.936,2.231,12.717
CANDIDATE,183.3804845,,3.25,,,,,,,,,,13.612
FALSE POSITIVE,1.036592136,1.25,2.296,2.12E+03,293.01,0.0231,4194,73013.77,150.6,4884,2.737,8.747,11.449
CANDIDATE,398.51312,0.5091,5.41,2.49E+02,1.23,0.9961,222,0.58,5.9,5776,4.596,0.759,13.843
CANDIDATE,559.785594,0.411,3.496,2.75E+02,1.88,1.3356,249,0.92,7.3,6201,4.352,1.111,13.295
CANDIDATE,109.43946,0.0905,3.801,1.87E+02,1,0.419,314,2.31,7.3,5359,4.611,0.741,13.718
CANDIDATE,194.2583534,,3.15,,,,,,,,,,15.779
CANDIDATE,164.507439,0.3819,11.428,4.34E+02,2.15,0.5707,346,3.39,11.7,5866,4.382,1.02,15.025
CANDIDATE,370.84786,0.8847,13.966,1.44E+03,4.03,1.0076,219,0.54,15.2,5291,4.539,0.886,15.479
CANDIDATE,73.908995,0.4947,3.916,1.01E+02,0.94,0.3464,421,7.44,7,5865,4.518,0.918,13.144
CANDIDATE,96.32561456,,2.28,,,,,,,,,,14.451
CANDIDATE,212.646179,0.1739,2.539,9.53E+02,3.19,0.727,321,2.5,5.4,6108,4.466,1.03,15.611
FALSE POSITIVE,371.54879,0.6743,9.841,1.26E+02,1.13,0.9599,230,0.66,10.1,5225,4.41,0.954,12.235
FALSE POSITIVE,226.499243,0.266,1.328,1.27E+02,0.89,0.6692,245,0.86,4.7,5093,4.525,0.798,12.059
CANDIDATE,251.48808,0.8011,6.8,3.05E+02,1.74,0.7757,284,1.55,6.4,5979,4.52,0.902,14.495
CANDIDATE,32.4185265,0.7105,5.154,1.11E+02,1.62,0.1877,687,52.7,7.9,5622,4.044,1.441,13.325
CANDIDATE,19.15976088,1.191,3.10166,3.25E+04,25.24,0.1126,424,7.65,900.3,4492,4.727,0.516,15.053
FALSE POSITIVE,2.61594288,0.711,6.45,7.21E+01,0.92,0.0386,1370,831.27,13.4,6063,4.476,1.012,15.367
FALSE POSITIVE,1.686009643,0.566,1.1818,3.90E+02,1.81,0.0275,1442,1024.99,48.5,5783,4.539,0.88,14.391
CANDIDATE,32.033211,0.007,5.289,7.13E+01,0.85,0.2044,591,28.78,9.2,6039,4.478,1.005,13.186
CANDIDATE,43.3975622,0.08,3.908,5.85E+02,1.69,0.2224,388,5.35,8.6,4871,4.608,0.725,15.944
CANDIDATE,478.7918502,,4.06,,,,,,,,,,14.63
FALSE POSITIVE,344.961485,0.3073,3.023,4.28E+02,1.61,0.8588,230,0.66,6.2,5481,4.51,0.775,15.023
CANDIDATE,22.2659599,0.03,4.816,6.13E+01,1.18,0.1716,896,152.29,8.3,6888,4.223,1.492,11.299
CANDIDATE,199.064336,0.763,13.623,2.65E+02,6.12,0.7637,483,12.81,15.4,5157,3.541,3.436,14.323
CANDIDATE,277.114286,0.0288,3.926,5.67E+02,17.56,1.0509,605,31.66,10.4,5117,2.986,7.549,12.348
CANDIDATE,323.159363,0.0504,2.427,3.69E+02,3.41,0.8873,331,2.83,7.4,5251,3.872,1.811,13.789
CANDIDATE,21.512259,0.1017,4.337,1.31E+02,1.13,0.1495,639,39.45,7.1,5611,4.424,0.997,14.489
CANDIDATE,303.226376,0.1097,1.802,1.46E+03,3.66,0.8778,274,1.33,12.7,5952,4.469,0.955,14.897
CANDIDATE,22.8631517,0.1918,1.659,1.03E+02,4.84,0.1951,1112,361.26,8.5,5043,3.339,4.874,12.26
CANDIDATE,97.942437,0.0071,2.575,1.00E+02,2.29,0.4443,600,30.59,7.8,5997,3.806,2.284,11.366
FALSE POSITIVE,163.820347,0.2012,1.331,1.20E+03,2.59,0.5557,251,0.93,7,4822,4.594,0.771,15.001
FALSE POSITIVE,151.577009,0.0653,2.59,4.68E+02,3.67,0.6083,502,14.96,9.3,6854,4.106,1.674,13.965
CANDIDATE,493.30572,0.327,5.425,4.05E+02,1.08,0.9988,149,0.12,7.2,4558,4.697,0.548,13.771
CANDIDATE,449.87203,0.1377,6.539,1.13E+03,2.59,1.0903,199,0.37,10.5,5310,4.578,0.786,15.29
CANDIDATE,419.93373,0.4097,10.29,2.85E+02,1.82,1.1253,285,1.57,12,6686,4.425,1.053,12.71
CANDIDATE,322.221973,0.2141,7.531,4.66E+02,2.18,0.9233,277,1.4,8.9,6026,4.437,1.006,14.718
CANDIDATE,235.413973,0.1095,3.065,1.03E+03,3.2,0.7645,304,2.03,6.9,6028,4.468,1.001,15.583
CANDIDATE,366.68293,0.782,3.854,1.08E+03,3.15,0.9305,222,0.58,6.4,5217,4.462,0.869,15.847
CANDIDATE,240.57135,0.457,11.164,9.22E+02,2.93,0.7621,302,1.96,36.9,6146,4.497,0.943,14.466
CANDIDATE,217.792748,0.926,4.695,1.49E+03,6.15,0.7021,334,2.94,16.6,5600,4.209,1.283,15.138
CONFIRMED,259.34304,0.447,16.04,3.50E+02,6.04,0.9302,449,9.65,13.1,5490,3.629,3.204,14.759
CANDIDATE,388.0388485,,4.44,,,,,,,,,,13.583
FALSE POSITIVE,8.34410791,0.546,1.606,2.55E+02,1.75,0.0834,993,229.93,9.9,6321,4.434,1.058,15.067
CANDIDATE,4.76815507,0.046,2.115,6.10E+01,0.49,0.0477,761,79.48,9.2,4680,4.618,0.649,13.442
FALSE POSITIVE,545.4562397,,5.91,,,,,,,,,,12.104
FALSE POSITIVE,2.709570339,1.238,5.57527,1.32E+04,223.75,0.0435,2427,8211.89,900.9,5030,3.18,5.208,13.368
CANDIDATE,49.49059818,,1.61,,,,,,,,,,13.841
CANDIDATE,364.18129,0.0594,6.65,4.70E+02,1.78,0.9383,209,0.45,7,4988,4.498,0.85,14.923
CANDIDATE,37.7935113,0.0794,1.718,6.72E+01,0.89,0.2279,592,29.06,6.9,6178,4.417,1.076,11.982
FALSE POSITIVE,0.855294909,1.269,2.89112,6.77E+03,49.03,0.0176,2137,4916.23,870.3,5846,4.27,1.207,13.683
FALSE POSITIVE,350.609298,0.0409,1.621,3.70E+02,3.88,1.047,405,6.37,3.6,6658,3.934,1.992,13.329
CANDIDATE,172.621943,0.3131,4.435,7.88E+02,26.09,0.7631,790,92.12,3.4,5119,2.795,9.343,13.414
CANDIDATE,264.708077,0.2277,3.975,4.61E+02,6.17,0.8757,425,7.68,6.3,5283,3.617,2.907,13.581
FALSE POSITIVE,452.40428,0.6038,17.2,2.17E+02,1.58,1.1753,256,1.01,8.2,6195,4.437,1.029,13.752
FALSE POSITIVE,0.699985822,0.28,3.02633,3.89E+05,46.27,0.0143,1653,1761.47,626.9,5264,4.617,0.724,15.667
CANDIDATE,8.67237968,0.1385,2.826,9.91E+01,0.87,0.0796,825,109.61,12.3,5620,4.498,0.882,14.219
CANDIDATE,35.9216912,0.7193,0.585,2.21E+02,1.38,0.1958,468,11.38,5.6,5161,4.49,0.829,13.791
FALSE POSITIVE,35.8726918,0.963,4.402,9.16E+02,62.51,0.2961,1670,1837.31,24.6,5254,2.494,15.369,13.375
CANDIDATE,102.300622,0.9599,4.473,7.81E+02,35.36,0.4546,984,221.33,13,4895,2.566,9.435,13.83
CANDIDATE,359.8455,0.4022,34.84,5.04E+02,14.76,1.2126,510,16.01,12.3,4945,3.058,6.632,12.117
CANDIDATE,22.7783121,0.3499,1.037,1.56E+02,1.89,0.1651,863,130.87,7.3,6538,4.162,1.477,13.787
CANDIDATE,114.406187,0.2729,4.92,1.31E+03,2.42,0.405,267,1.21,11.4,4641,4.589,0.691,15.746
CANDIDATE,132.114,0.2502,2.514,2.17E+02,0.75,0.4078,217,0.52,5.7,4342,4.715,0.523,13.586
CANDIDATE,623.2344,0.0831,14.448,6.03E+02,2.04,1.3288,196,0.35,15.8,5600,4.496,0.839,14.645
CANDIDATE,46.16051579,,2.37,,,,,,,,,,15.655
CANDIDATE,217.170081,86.1724,4.291,9.37E+02,109061,0.9171,802,97.62,9.5,5083,2.638,11.723,12.446
CANDIDATE,287.33114,0.529,12.722,4.07E+02,2.07,0.8181,266,1.18,19.7,5426,4.378,1.007,13.618
CONFIRMED,9.8788502,0.732,2.951,4.55E+02,2.64,0.0932,1003,238.98,13.4,6477,4.361,1.148,14.496
CANDIDATE,189.456089,0.2906,3.077,4.53E+02,2.2,0.6319,337,3.04,5.4,5991,4.387,1.026,15.242
CANDIDATE,230.358183,0.4159,2.031,1.02E+03,2.87,0.692,289,1.66,6.2,5803,4.465,0.884,15.571
CANDIDATE,211.54114,0.1723,5.4,7.51E+02,1.88,0.628,251,0.94,5.3,5433,4.629,0.689,15.784
CANDIDATE,88.523517,0.9117,7.22,8.28E+02,1.6,0.3027,209,0.45,7.7,3827,4.782,0.462,15.841
FALSE POSITIVE,386.2240091,,4.93,,,,,,,,,,14.166
CANDIDATE,134.35872,0.2786,13.3,7.52E+01,1.27,0.5414,499,14.61,16.5,6948,4.194,1.433,11.083
CANDIDATE,55.01469183,,2.34,,,,,,,,,,13.113
CANDIDATE,198.781156,0.1924,6.77,1.38E+02,1.69,0.7141,404,6.33,10.3,6493,4.22,1.424,12.752
FALSE POSITIVE,588.63759,0.3978,3.84,3.22E+02,1.52,1.2726,185,0.28,7.4,5135,4.479,0.849,13.714
CANDIDATE,111.149082,0.1665,2.911,3.94E+02,1.87,0.462,364,4.16,5.9,5763,4.511,0.948,14.889
CANDIDATE,284.87177,0.0404,15.63,1.07E+02,1.84,0.8901,401,6.1,10.1,6437,4.004,1.773,13.074
FALSE POSITIVE,9.8338474,0.733,14.585,5.76E+01,0.98,0.092,946,188.78,23.8,5929,4.308,1.202,12.792
CANDIDATE,190.860818,0.4668,2.823,5.12E+02,1.84,0.6244,273,1.32,6.2,5463,4.578,0.803,15.491
CANDIDATE,374.41813,0.5723,17.9,4.30E+02,2.42,1.0739,280,1.44,8.9,6195,4.407,1.124,15.429
CANDIDATE,263.30198,0.1782,2.213,3.78E+02,2.19,0.7722,308,2.11,5.6,5758,4.277,1.132,14.225
CANDIDATE,370.31761,0.3565,12.588,1.89E+03,2.98,0.8914,182,0.26,15.1,4665,4.584,0.701,15.988
CANDIDATE,37.959659,0.3842,2.793,2.88E+02,1.41,0.2137,484,12.93,6.9,5573,4.558,0.827,15.337
CANDIDATE,405.6296,0.4652,11.26,3.04E+02,1.4,1.0226,216,0.52,5.8,5583,4.58,0.79,15.006
FALSE POSITIVE,1.080695116,0.62,7.449,3.13E+05,155.22,0.0247,3344,29671.05,198.8,7796,3.937,2.34,14.355
CANDIDATE,11.8307724,0.592,8.791,1.36E+02,1.16,0.0968,770,83.17,12.4,5550,4.411,0.958,15.337
CANDIDATE,434.28175,0.3094,8.14,6.63E+02,1.94,0.9941,212,0.48,12.8,5544,4.529,0.75,14.886
CANDIDATE,33.814176,0.1563,7.69,2.23E+02,1.49,0.2095,589,28.41,8.1,6122,4.471,0.996,15.863
CANDIDATE,16.2957847,0.603,5.16,4.10E+02,2.13,0.1306,744,72.62,14.2,6063,4.476,1.012,15.735
CANDIDATE,28.201998,,3.86,,,,,,,,,,12.044
CANDIDATE,58.92565,0.0655,14.56,4.47E+01,1.5,0.3495,809,101.17,5.3,7282,3.961,2.216,12.044
FALSE POSITIVE,24.0733775,0.914,19.612,1.33E+03,27.78,0.1595,1263,601.46,76.9,4647,2.843,6.055,11.43
CANDIDATE,19.2405821,0.258,4.99,2.07E+02,1.19,0.1306,565,24.17,9,5031,4.485,0.848,15.099
CONFIRMED,232.040326,0.61,12.235,2.91E+02,2.05,0.7326,327,2.71,15.2,5903,4.3,1.156,13.797
CANDIDATE,28.684308,0.0138,4.64,2.82E+02,1.35,0.1674,512,16.27,9.1,5243,4.49,0.821,15.099
CANDIDATE,265.29617,0.3323,4.1,6.08E+02,2.99,0.8106,302,1.97,5.9,5589,4.27,1.218,14.424
CONFIRMED,61.569765,0.486,9.75,2.98E+02,2.44,0.3045,530,18.66,10.9,5626,4.149,1.389,15.589
CANDIDATE,58.940569,0.643,4.769,5.70E+02,2.48,0.3015,465,11.06,9.2,5819,4.468,0.99,15.606
CANDIDATE,14.1502311,0.013,1.503,2.08E+02,0.74,0.0931,390,5.44,9.3,3705,4.721,0.529,13.693
CANDIDATE,486.12702,0.3621,9.495,1.21E+02,1.18,1.1989,249,0.91,8.1,6008,4.373,1.062,12.988
FALSE POSITIVE,1.71029474,0.825,2.946,1.59E+02,1.04,0.0254,1267,610.77,14.5,5365,4.586,0.729,14.658
CONFIRMED,31.8245304,0.681,4.17,7.90E+01,0.8,0.1911,589,28.37,7.7,6338,4.545,0.847,13.827
CANDIDATE,140.2440875,,5.43,,,,,,,,,,15.717
CANDIDATE,48.04066636,,1.62,,,,,,,,,,12.877
CANDIDATE,12.008552,0.901,4.613,7.66E+01,2.08,0.1041,1016,251.93,11.8,5303,3.87,1.964,13.726
CANDIDATE,10.4314847,0.95,2.09,5.91E+01,0.77,0.0884,700,56.67,9.6,5361,4.588,0.774,13.241
CANDIDATE,47.5571352,0.6234,1.708,3.39E+02,1.85,0.2494,507,15.58,6.7,5861,4.436,0.958,14.732
FALSE POSITIVE,1.838514245,0.947,3.2601,1.19E+05,57.6,0.0279,1572,1447.16,470,5799,4.326,1.055,13.925
FALSE POSITIVE,8.412008943,0.539,5.41096,1.36E+05,50.83,0.0825,1100,345.76,5696.2,6247,4.225,1.314,13.551
FALSE POSITIVE,3.912679136,23.127,3.556,2.92E+05,1794.2,0.0427,1018,253.12,1229.9,5616,4.553,0.72,14.756
FALSE POSITIVE,7.544804312,1.266,8.2678,6.50E+03,63.99,0.073,1233,546.03,587.2,5953,3.984,1.609,12.92
CANDIDATE,27.2497521,0.194,11.609,1.02E+02,4.49,0.2193,1090,333.56,14.6,5440,3.404,4.524,13.33
FALSE POSITIVE,2.283466438,0.457,7.7999,8.64E+05,218.79,0.0373,2014,3883.24,1103.1,6723,4.089,1.719,14.312
FALSE POSITIVE,0.692807507,1.196,1.49242,2.53E+04,46.44,0.0154,2057,4211.9,260.9,5780,4.438,1,15.726
FALSE POSITIVE,17.27929077,0.496,5.07591,1.64E+05,27.66,0.1141,556,22.63,2841.5,5251,4.623,0.658,15.16
CANDIDATE,16.9972894,0.825,2.585,2.25E+02,3.14,0.1378,956,197.18,11.1,5897,3.98,1.86,14.5
CANDIDATE,93.05654364,,2.34,,,,,,,,,,12.749
CANDIDATE,88.433122,0.021,2.392,1.20E+02,1.7,0.4212,595,29.68,4,7092,4.176,1.525,12.749
CANDIDATE,282.34315,0.5038,3.956,2.21E+02,2.35,0.9132,404,6.31,3.7,7092,4.176,1.525,12.749
FALSE POSITIVE,4.326946311,0.482,5.55905,4.09E+05,106.99,0.0517,1481,1137.15,4247.8,6231,4.078,1.501,13.253
FALSE POSITIVE,527.29093,0.2371,14.305,2.01E+02,1.3,1.2344,216,0.51,16,5671,4.466,0.919,12.796
FALSE POSITIVE,168.858303,0.0436,12.964,1.19E+02,2.41,0.671,526,18.16,9.7,6608,3.907,2.189,13.409
CONFIRMED,5.34264143,0.021,2.453,6.91E+02,1.72,0.0531,799,96.47,19.9,5101,4.63,0.67,13.116
FALSE POSITIVE,19.38444245,0.203,20.5899,3.37E+03,28.3,0.1719,1185,466.04,685.3,4968,3.291,5.026,11.98
CANDIDATE,1.645319649,0.118,1.635,1.08E+03,2.46,0.0257,1296,666.35,11.8,5416,4.603,0.756,15.517
FALSE POSITIVE,2.179924994,0.711,4.87581,2.53E+05,60.99,0.0334,1448,1040.63,4541.1,6106,4.487,0.966,13.96
FALSE POSITIVE,10.13540105,0.704,5.6831,2.56E+05,89.16,0.0894,1035,270.76,4311.3,5895,4.103,1.415,13.92
FALSE POSITIVE,2.02487934,0.3797,1.621,1.46E+02,1,0.0288,1284,643.17,7.7,5440,4.496,0.825,14.808
CANDIDATE,15.3573445,0.966,1.634,1.17E+02,1.42,0.1223,729,66.65,9.6,5818,4.464,0.986,12.72
CONFIRMED,5.71668787,0.616,1.97,4.32E+02,1.92,0.0599,955,196.51,11.8,5638,4.488,0.883,15.665
CONFIRMED,51.1658019,0.817,4.637,2.59E+02,1.51,0.2494,398,5.96,12.2,4963,4.501,0.826,14.55
FALSE POSITIVE,12.4249559,0.174,16.332,1.10E+02,0.88,0.1017,703,57.8,17.6,5524,4.54,0.847,14.72
FALSE POSITIVE,12.427135,0.011,12.81,3.25E+01,1.05,0.1167,1143,403.8,4.2,6561,4.054,1.821,13.306
CANDIDATE,77.792718,0.576,6.08,2.88E+02,2.17,0.3548,453,10,9.1,5497,4.243,1.241,15.245
CANDIDATE,163.5148985,,3.08,,,,,,,,,,15.553
FALSE POSITIVE,1.946198513,0.249,4.0336,1.31E+05,52.58,0.0315,1853,2779.44,902.8,6224,4.165,1.433,13.993
CANDIDATE,5.288547653,0.93,3.2646,2.19E+03,55.28,0.0793,2333,6999.38,218.9,4918,2.889,9.169,11.317
CANDIDATE,294.055263,0.0617,14.32,7.70E+02,2.8,0.8824,288,1.64,21.1,6108,4.453,1.011,14.827
FALSE POSITIVE,30.4838006,1.222,2.6,1.84E+04,23.87,0.1552,315,2.32,9.4,3857,4.717,0.531,15.021
FALSE POSITIVE,5.7584367,0.101,2.587,7.37E+02,66.22,0.0968,3389,31195.25,26.8,4754,2.194,25.287,13.819
FALSE POSITIVE,25.9522913,0.142,10.977,5.58E+02,2.03,0.1696,567,24.49,14,5692,4.547,0.866,15.999
FALSE POSITIVE,8.58599537,0.316,2.4078,8.18E+02,39.03,0.1165,2319,6831.52,36.9,4805,2.605,13.941,11.598
FALSE POSITIVE,9.892240848,1.28,4.1774,5.28E+03,40.38,0.0924,907,160.25,314,6225,4.461,1.009,13.664
CANDIDATE,126.505657,0.1855,8.836,9.55E+01,1.51,0.5347,528,18.42,3.7,7092,4.176,1.525,12.749
FALSE POSITIVE,1.129848432,1.042,2.07578,4.66E+03,120.13,0.0257,3553,37690.9,490.6,4846,2.984,7.102,13.8
FALSE POSITIVE,7.244778994,0.522,3.3873,9.91E+04,25.68,0.0701,818,105.76,1761.4,5530,4.586,0.788,13.926
FALSE POSITIVE,110.1552727,,2.04,,,,,,,,,,13.926
FALSE POSITIVE,0.730964241,0.459,2.483,4.40E+01,0.99,0.0164,2467,8801.05,28.7,5929,4.152,1.463,13.036
CANDIDATE,117.684591,0.4466,2.219,1.35E+02,1.52,0.4789,459,10.46,5.3,6362,4.248,1.279,13.036
FALSE POSITIVE,17.73402024,0.837,7.27595,1.87E+05,93.52,0.1316,892,149.48,2905.9,5883,4.04,1.554,12.553
CANDIDATE,46.245164,0.392,5.663,4.92E+02,2.46,0.2466,519,17.15,15.5,5553,4.32,1.107,15.376
CANDIDATE,9.7043379,0.07,3.515,1.29E+02,1.19,0.092,932,178.46,8.6,6273,4.442,1.044,14.752
CANDIDATE,34.775371,0.4758,2.93,3.88E+01,0.67,0.2186,582,27.11,5.7,6028,4.459,1.047,11.538
CANDIDATE,0.306702491,0.173,0.9074,1.39E+02,0.93,0.008,2318,6868.33,21.9,5310,4.512,0.786,15.229
CANDIDATE,12.7713826,0.374,3.347,1.42E+02,1.26,0.1104,851,123.93,8,6273,4.442,1.044,14.752
FALSE POSITIVE,0.829019343,0.72,4.8401,2.78E+05,90.08,0.0184,2492,9089.67,631.1,6645,4.271,1.328,14.661
FALSE POSITIVE,1.1080999,0.525,3.3542,3.81E+05,124.19,0.0198,2212,5632.6,155.4,5299,3.865,1.769,14.305
CANDIDATE,42.294739,1.145,34.63,2.54E+02,140.14,0.3162,1083,324.71,25.2,4926,3.02,7.849,12.057
FALSE POSITIVE,215.778765,0.7163,3.737,3.78E+02,14.71,0.8877,610,32.65,5.8,4902,3.042,7.056,12.057
CANDIDATE,1.444486083,0.305,1.437,9.81E+02,1.73,0.0205,1051,290.01,12,4569,4.686,0.559,15.356
CONFIRMED,5.99273265,0.505,2.6502,6.98E+01,0.91,0.0632,1010,245.32,19.2,5574,4.354,1.065,12.639
CONFIRMED,5.10110666,0.083,2.657,6.51E+01,0.85,0.0567,1065,304.8,19.5,5574,4.354,1.065,12.639
CANDIDATE,11.6089351,1.105,2.957,2.00E+02,46.44,0.1219,1496,1184.51,8.7,6303,3.595,3.53,13.487
FALSE POSITIVE,94.22498,0.801,22.445,3.46E+02,1.84,0.402,387,5.28,15.5,5880,4.525,0.893,15.534
CANDIDATE,14.2378417,0.314,4.86,1.93E+02,1.1,0.1095,629,37.02,10.5,5273,4.566,0.801,14.838
FALSE POSITIVE,241.0122,0.4046,1.19,2.16E+02,4.41,0.9684,600,30.56,4.1,7843,3.829,2.909,13.205
CANDIDATE,10.8206034,0.592,2.848,1.17E+02,1.19,0.0958,885,145.06,7.3,6032,4.387,1.06,14.633
FALSE POSITIVE,164.689421,0.5312,1.847,5.21E+02,2.24,0.594,340,3.15,4.6,6089,4.495,0.95,15.377
FALSE POSITIVE,4.264729569,0.924,2.2075,2.27E+04,29.95,0.0495,1428,983.86,201.6,6052,4.084,1.417,12.873
FALSE POSITIVE,4.804469712,0.567,3.51946,1.33E+05,30.97,0.0531,958,198.67,1177.8,5561,4.558,0.809,14.654
FALSE POSITIVE,6.150529292,1.236,4.4562,2.42E+03,49.79,0.0675,1421,964.26,301.4,6691,4.084,1.565,13.303
FALSE POSITIVE,4.944927575,1.215,3.4648,1.03E+03,19.43,0.0504,728,66.56,62.5,4428,4.59,0.701,14.928
FALSE POSITIVE,4.442517008,0.936,2.43922,2.53E+04,26.08,0.0548,1258,593.85,396.2,6316,4.387,1.119,11.297
CANDIDATE,10.2090268,0.213,6.264,3.67E+01,0.92,0.1014,1058,296.42,9.8,6188,4.196,1.524,13.31
FALSE POSITIVE,62.7356439,0.73,10.7925,2.44E+05,90.12,0.3105,590,28.65,1115.3,6211,4.127,1.44,14.27
FALSE POSITIVE,7.035518449,1.268,3.5286,2.14E+03,24.91,0.0631,782,88.6,91.5,5288,4.566,0.71,14.884
CANDIDATE,54.2916336,0.7285,3.364,9.78E+01,1.67,0.3102,665,46.21,7.9,6711,4.179,1.565,10.915
CONFIRMED,453.54212,0.633,17.026,8.61E+02,9.23,1.3292,390,5.45,48.8,5874,3.664,3.006,13.436
FALSE POSITIVE,0.579516759,0.638,1.342,2.70E+01,0.6,0.014,2484,8953.61,9.8,6339,4.387,1.102,13.559
CANDIDATE,122.8054416,1.346,2.663,3.13E+02,118.62,0.5563,602,31.11,10.6,5874,3.664,3.006,13.436
FALSE POSITIVE,16.2480865,0.928,8.232,4.39E+02,2.38,0.1189,704,58.1,21.1,5729,4.436,0.923,14.708
FALSE POSITIVE,466.9407,0.2921,30.56,9.79E+02,2.9,1.1156,230,0.66,13.7,5729,4.436,0.923,14.708
FALSE POSITIVE,289.788624,0.6187,2.857,4.74E+02,5.51,1.0558,537,19.6,6.6,8057,3.946,2.407,10.924
FALSE POSITIVE,55.00402906,,6.06,,,,,,,,,,13.335
FALSE POSITIVE,2.873657901,1.13,2.1054,4.39E+04,110.29,0.0431,1830,2645.12,65.6,5692,3.829,2.287,12.702
FALSE POSITIVE,1.680425996,0.646,5.4548,2.77E+05,102.31,0.0306,2203,5564.77,440.1,6844,4.145,1.629,14.11
FALSE POSITIVE,0.53345831,,1.32,,,,,,,,,,11.957
FALSE POSITIVE,20.6864602,0.002,37.7424,1.36E+05,184.22,0.1582,1210,506.27,1656.7,4809,3.106,5.145,13.957
FALSE POSITIVE,131.68018,0.1224,14.73,2.07E+03,5.96,0.5386,444,9.15,9.2,6468,4.288,1.302,12.714
CANDIDATE,37.8404232,0.211,6.408,2.33E+02,1.76,0.2363,607,32.14,23.7,6243,4.406,1.149,12.949
FALSE POSITIVE,200.762693,42.778,2.215,1.92E+03,15056.9,0.8547,692,54.06,5.5,7981,3.716,3.298,12.377
FALSE POSITIVE,1.123258617,0.513,4.27355,3.78E+05,150.94,0.0258,3215,25226.88,779.2,7945,4.023,2.17,15.01
CANDIDATE,47.25643291,,2,,,,,,,,,,11.543
CANDIDATE,32.0273169,0.259,5.144,1.62E+02,1.14,0.1945,525,17.95,8.8,5505,4.501,0.909,15.004
CANDIDATE,8.75630628,0.371,2.852,8.19E+01,1.12,0.0844,982,219.87,9.8,5839,4.279,1.227,13.382
CANDIDATE,9.6183111,0.447,4.215,2.50E+01,0.85,0.0934,1142,402.64,11.9,6134,4.065,1.665,11.265
FALSE POSITIVE,12.4250319,0.777,1.4446,2.95E+01,0.89,0.1092,1030,266.45,2.7,6290,4.133,1.506,13.582
CONFIRMED,386.370512,0.01,11.007,1.34E+03,2.96,0.9712,209,0.45,13.1,5119,4.508,0.834,15.825
CANDIDATE,0.518060209,1.262,1.8062,2.26E+03,61.49,0.0118,2921,17224.79,140.6,5405,3.853,1.772,14.463
CANDIDATE,17.3695112,0.28,4.012,3.14E+02,1.45,0.1228,588,28.35,8.6,5119,4.508,0.834,15.825
CANDIDATE,17.8693759,0.259,6.886,6.30E+01,0.81,0.1369,759,78.58,9.8,6328,4.456,1.013,13.517
CANDIDATE,17.236085,0.04,4.209,3.30E+02,1.98,0.1278,721,63.85,10.4,5543,4.318,1.111,15.377
FALSE POSITIVE,12.4297161,0.293,15.078,1.93E+02,1.26,0.1058,742,71.78,13.3,5754,4.534,0.905,15.842
FALSE POSITIVE,12.4288476,0.031,16.43,1.65E+02,1.12,0.1027,725,65.27,15.2,5595,4.513,0.886,15.47
FALSE POSITIVE,12.4258252,0.689,21.841,1.30E+02,1.27,0.1074,822,108.1,30,5968,4.426,1.048,14.332
FALSE POSITIVE,153.725848,1.255,117.52,5.26E+03,259.36,0.5663,734,68.48,302.3,4794,2.781,6.816,11.167
FALSE POSITIVE,12.4257907,0.384,19.859,3.40E+02,1.27,0.0922,589,28.51,28.2,4873,4.586,0.693,15.71
FALSE POSITIVE,12.4253356,0.966,27.49,3.74E+02,2.02,0.0966,683,51.57,35.4,5442,4.541,0.783,15.539
FALSE POSITIVE,12.4254201,0.428,18.56,1.45E+02,0.84,0.0961,659,44.57,24.9,5571,4.643,0.691,14.667
FALSE POSITIVE,12.424995,0.746,20.282,5.15E+01,2.06,0.115,1293,660.61,21.4,6098,3.707,2.657,13.262
FALSE POSITIVE,12.4227918,0.979,27.29,2.03E+02,1.44,0.097,634,38.29,15.5,5279,4.62,0.72,15.955
CANDIDATE,485.92297,0.4516,3.756,1.23E+02,1.07,1.1294,225,0.61,5.5,5551,4.386,0.957,12.12
FALSE POSITIVE,22.9134463,0.709,4.11699,2.52E+05,81.61,0.1682,811,102.27,6512.7,6621,4.294,1.297,11.856
CANDIDATE,9.6550473,0.124,2.752,3.13E+02,1.45,0.0825,705,58.36,12.2,4999,4.49,0.843,15.692
FALSE POSITIVE,10.0046881,0.0164,2.389,5.06E+01,1.9,0.1048,1466,1091.58,8.3,6620,3.779,2.641,11.856
FALSE POSITIVE,8.65315602,0.049,2.627,4.18E+02,1.37,0.0737,643,40.5,13.6,4746,4.605,0.696,15.863
CANDIDATE,228.65412,0.225,2.487,1.79E+02,3.63,0.8976,521,17.44,6.6,6845,3.849,2.674,12.914
FALSE POSITIVE,2.243015737,0.661,4.31675,2.78E+05,92.34,0.0327,1813,2547.31,5552.2,6181,4.084,1.444,12.785
FALSE POSITIVE,4.694218481,0.616,4.53365,1.75E+05,35.81,0.052,946,189.23,739.8,5512,4.575,0.787,15.584
FALSE POSITIVE,0.87683182,,1.96,,,,,3077.39,,,,,15.397
FALSE POSITIVE,0.953734449,1.262,1.7616,1.24E+03,47.65,0.0214,2672,12038.6,120.5,7332,4.265,1.46,12.771
FALSE POSITIVE,2.073873563,0.198,6.5605,6.04E+05,274.78,0.0403,3150,23242.18,637.1,7803,3.688,3.373,14.701
FALSE POSITIVE,15.71378722,0.762,11.3122,6.04E+04,27.64,0.1197,747,73.68,3602,5843,4.399,1.006,14.049
FALSE POSITIVE,7.964440392,0.001,9.1701,6.85E+04,18.98,0.0693,755,76.69,693.8,5250,4.548,0.736,14.641
FALSE POSITIVE,0.518071538,1.264,1.7865,2.20E+03,42.1,0.0126,2536,9823.05,152.1,5876,4.273,1.209,14.013
FALSE POSITIVE,2.151214629,0.235,2.226,3.33E+02,14.54,0.0332,3287,27604.18,28.5,4748,2.635,8.179,11.576
CANDIDATE,12.7143635,0.071,3.101,5.25E+02,2.2,0.1074,785,89.81,9.9,5947,4.481,0.962,16.154
CANDIDATE,80.4103783,0.913,3.487,5.91E+02,4.93,0.3412,535,19.35,14,5476,3.904,1.673,13.237
CANDIDATE,1.93188768,0.256,1.087,3.78E+01,0.57,0.0304,1427,977.65,8.8,5896,4.516,0.914,13.5
FALSE POSITIVE,320.1847186,,11.94,,,,,,,,,,13.909
FALSE POSITIVE,12.426469,0.978,25.71,1.81E+02,1.66,0.1052,729,66.74,24.2,5691,4.544,0.887,15.178
FALSE POSITIVE,12.4262889,0.879,18.764,9.42E+01,1.23,0.111,864,131.83,20.5,6246,4.433,1.092,14.285
FALSE POSITIVE,12.424747,0.976,25.24,1.39E+02,1.35,0.1023,691,53.94,30.7,5514,4.569,0.826,14.418
FALSE POSITIVE,12.4255705,0.984,28.88,1.39E+02,1.37,0.102,721,63.95,21.1,5742,4.564,0.827,14.961
FALSE POSITIVE,12.426173,0.997,30.64,1.15E+02,2.67,0.1057,1006,242.41,36.9,6367,4.181,1.357,13.605
FALSE POSITIVE,12.4244306,0.98,26.15,2.14E+02,1.59,0.1003,714,61.31,15.5,5761,4.581,0.791,15.899
FALSE POSITIVE,6.71738328,0.159,3.60057,1.65E+05,37.65,0.0656,883,143.87,1208.2,5301,4.416,0.936,12.778
FALSE POSITIVE,24.9559985,0.996,2.76331,4.86E+03,36.91,0.2108,1438,1011.42,555.6,8617,3.78,3.018,11.458
CANDIDATE,5.2449156,0.019,8.367,3.55E+01,0.52,0.0562,1015,251.14,11.7,5823,4.486,0.878,13.695
CANDIDATE,168.6693478,,4.07,,,,,,,,,,13.497
FALSE POSITIVE,4.426942241,0.951,1.6116,2.90E+03,5.43,0.048,958,199.4,68.9,5511,4.569,0.746,15.469
CANDIDATE,571.280892,0.6109,21.827,4.61E+02,3.65,1.5017,324,2.62,37.8,7081,4.16,1.619,12.767
CANDIDATE,4.66185924,0.2695,3.164,4.93E+01,1.16,0.0609,1610,1590.18,15.8,7081,4.16,1.619,12.767
CANDIDATE,1.213672208,7.3743,1.3644,2.73E+03,697.14,0.0226,1789,2422.45,24.8,6113,4.463,0.995,14.912
FALSE POSITIVE,3.454241684,0.505,4.69505,8.82E+04,75.11,0.0504,2010,3867.02,6581.3,6562,3.822,2.433,13.198
CANDIDATE,90.097375,0.042,12.697,2.83E+02,1.7,0.3975,430,8.05,11.5,6116,4.444,1.008,15.416
CANDIDATE,7.72966941,0.668,2.091,4.27E+02,2.1,0.0771,927,174.28,8.4,5947,4.481,0.962,16.154
CANDIDATE,51.85656556,,2.21,,,,,,,,,,13.173
FALSE POSITIVE,1.457256942,0.549,6.51381,3.65E+05,98.16,0.0272,2112,4686.52,2443.8,6630,4.235,1.416,14.713
FALSE POSITIVE,10.81824842,0.813,18.2848,1.37E+04,11.71,0.0894,830,112.55,581,5955,4.446,0.894,13.392
FALSE POSITIVE,2.559236603,1.251,1.6706,1.13E+04,37.66,0.0363,1296,665.95,45.7,5955,4.534,0.883,14.752
FALSE POSITIVE,281.35877,0.0371,7.74,2.79E+02,4.22,0.9034,446,9.34,6.2,6049,3.728,2.522,13.654
CANDIDATE,154.536881,0.3257,15.44,2.59E+02,4.1,0.6059,544,20.76,3.5,6049,3.728,2.522,13.654
FALSE POSITIVE,462.12345,0.2396,8.46,6.99E+02,1.9,1.0574,169,0.19,6.9,4547,4.559,0.747,15.165
CANDIDATE,87.707513,0.4,2.184,5.78E+02,1.72,0.3558,310,2.2,7.1,4944,4.614,0.721,15.322
CONFIRMED,5.1117547,0.962,3.281,2.68E+02,2.81,0.0593,1351,788,12.1,6432,4.207,1.345,13.306
CONFIRMED,9.6310258,0.951,5.255,2.97E+02,2.9,0.0905,1094,338.33,12.7,6432,4.207,1.345,13.306
FALSE POSITIVE,101.889228,0.0237,2.71,8.09E+01,1.43,0.4398,487,13.26,8.5,5802,4.073,1.59,11.443
CANDIDATE,437.5158614,,4.16,,,,,,,,,,12.981
FALSE POSITIVE,48.5023669,30.612,1.053,7.40E+02,906.03,0.1704,192,0.32,5.5,3396,4.991,0.28,15.896
FALSE POSITIVE,524.14139,0.1508,11.603,4.04E+02,1.88,1.2545,237,0.74,9.2,6225,4.481,0.931,14.892
CANDIDATE,8.97377221,0.237,2.135,1.07E+02,2.96,0.1005,1530,1294.96,9.4,6537,3.76,2.829,13.36
FALSE POSITIVE,41.86539723,1.286,6.663,4.31E+03,31.14,0.2253,500,14.79,103.4,6063,4.584,0.788,14.528
FALSE POSITIVE,4.553370029,0.951,3.2209,2.37E+04,25.84,0.0537,1264,603.58,570.6,6306,4.346,1.109,11.471
FALSE POSITIVE,5.262652179,0.96,2.85554,2.27E+04,35.99,0.0667,1499,1191.71,2246.9,7049,4.212,1.549,13.537
FALSE POSITIVE,345.9820728,,2.97,,,,,,,,,,15.962
FALSE POSITIVE,16.6218534,0.58,3.91517,5.53E+04,22.32,0.1207,719,63.3,1872.6,5949,4.451,0.907,15.229
FALSE POSITIVE,19.74161604,1.04,3.07231,8.88E+04,82.98,0.1561,902,156.6,2153,6535,4.183,1.529,10.543
FALSE POSITIVE,5.455766383,0.794,2.8923,1.05E+05,28.2,0.0549,795,94.27,536.8,5067,4.625,0.694,15.863
FALSE POSITIVE,22.44620704,1.256,7.5491,1.63E+03,58.2,0.1595,894,150.81,138.8,6070,3.969,1.777,11.878
CANDIDATE,205.41415,0.0856,10.26,2.84E+02,1.67,0.6918,323,2.58,7.9,6123,4.465,0.991,15.416
FALSE POSITIVE,1.237147407,0.466,7.06623,4.35E+05,106.18,0.0233,2107,4680.26,5557.4,6064,4.16,1.449,13.82
FALSE POSITIVE,1.28619671,0.874,1.114,1.37E+02,1.27,0.0212,1646,1740.01,5.9,5650,4.391,0.926,14.256
FALSE POSITIVE,2.649026189,0.914,2.4698,5.22E+04,32.7,0.0345,1377,852.59,190.1,5838,4.342,0.988,13.87
FALSE POSITIVE,6.932281325,1.291,11.0301,6.41E+03,90.57,0.0906,1872,2902.34,325.8,8675,4.08,2.168,11.52
FALSE POSITIVE,2.151384476,0.237,3.34471,2.64E+05,66.2,0.0314,1725,2097.48,2657.6,6184,4.19,1.257,12.916
FALSE POSITIVE,0.562273947,0.662,3.1572,6.70E+01,0.73,0.0121,2083,4412.19,52.4,5632,4.45,0.847,13.042
FALSE POSITIVE,17.4352218,1.211,51.666,6.03E+02,67.91,0.1434,1195,482.16,121.8,6313,3.706,2.641,13.439
CANDIDATE,114.271739,,2.19,,,,,,,,,,13.05
CANDIDATE,26.40805532,,2.7,,,,,,,,,,12.655
CANDIDATE,46.07931317,,1.87,,,,,,,,,,12.655
CANDIDATE,24.8434837,0.641,4.8,2.17E+02,1.58,0.1639,625,35.97,14.2,5670,4.397,1.022,14.028
CANDIDATE,7.7016694,0.01,10.898,1.56E+02,4.44,0.071,1627,1656.27,17.8,5174,3.228,3.608,15.268
FALSE POSITIVE,117.634213,0.5206,3.82,2.53E+02,3.78,0.4732,513,16.34,8.7,5236,3.711,2.332,12.742
FALSE POSITIVE,21.02544702,0.978,6.52216,1.16E+05,135.84,0.1653,1123,376.4,4881.9,6631,3.798,2.438,13.079
FALSE POSITIVE,0.933753371,0.311,4.438,4.73E+01,1.44,0.0216,3137,22850.9,19.8,7286,3.998,2.056,13.231
FALSE POSITIVE,1.72153588,0.002,1.9227,3.99E+04,12.89,0.0245,1045,281.41,29.3,4535,4.607,0.668,16.459
CANDIDATE,4.67250377,0.95,4.441,7.96E+01,1.11,0.0549,1149,412.73,13.8,6146,4.454,0.987,13.775
FALSE POSITIVE,2.765621941,1.262,2.3191,8.34E+03,34.42,0.0368,1134,391.86,173.2,5423,4.542,0.828,15.664
FALSE POSITIVE,3.664964374,0.552,3.9058,9.08E+04,30.98,0.0449,1184,464.89,437.8,5726,4.403,0.987,15.643
FALSE POSITIVE,6.8072842,0.923,1.9477,1.46E+04,31.15,0.0714,1156,421.16,32.9,5182,3.935,1.824,14.044
FALSE POSITIVE,2.136577151,0.996,2.4682,7.91E+04,43.89,0.0305,1311,698.75,124.3,5457,4.442,0.905,15.281
FALSE POSITIVE,2.638432816,0.863,2.42989,4.85E+04,49.77,0.0386,1933,3299.02,529.4,6502,3.991,1.753,12.601
FALSE POSITIVE,11.99100036,0.534,6.4648,3.76E+05,78.78,0.0979,897,153.29,802.9,5988,4.271,1.13,17.777
FALSE POSITIVE,2.03746414,0.008,2.895,1.39E+02,1.12,0.0317,1474,1118.26,14.1,6117,4.496,0.947,15.341
FALSE POSITIVE,37.80694072,1.111,3.84264,1.06E+05,72.01,0.2308,617,34.14,1571.8,6387,4.41,1.105,14.898
CANDIDATE,21.9711574,0.119,5.012,1.78E+02,1.32,0.1531,649,41.86,7.8,5763,4.436,0.997,15.57
CANDIDATE,144.688915,0.087,9.468,3.97E+02,3.33,0.5544,416,7.09,11.6,5372,4.007,1.71,14.569
FALSE POSITIVE,12.42555055,0.973,28.492,4.09E+02,3.79,0.107,1027,262.42,123.7,6381,4.155,1.423,13.244
FALSE POSITIVE,12.42592247,0.885,31.5,8.71E+03,79.21,0.1329,1547,1353.9,190.8,4849,3.06,6.952,12.696
CANDIDATE,1.54287434,0.013,1.1121,4.01E+02,1.05,0.0212,1007,243.62,20.7,4530,4.704,0.539,15.121
FALSE POSITIVE,12.4237327,0.132,18.15,3.01E+01,1.12,0.0982,1057,294.63,20.1,5221,3.72,2.067,12.409
FALSE POSITIVE,94.38163,0.593,11.87,9.12E+01,2.04,0.3796,537,19.72,7.5,5221,3.72,2.067,12.409
CANDIDATE,33.3200908,0.069,6.5265,6.19E+03,13,0.2241,750,74.79,84.5,6264,4.133,1.651,14.624
CONFIRMED,7.5844241,0.815,3.918,1.01E+03,5.83,0.0836,1228,537.4,23.8,6264,4.133,1.651,14.624
FALSE POSITIVE,210.899577,0.3202,2.167,3.35E+03,4.85,0.6493,268,1.22,7.8,5332,4.5,0.843,14.788
FALSE POSITIVE,3.103730697,0.539,6.93402,3.69E+05,75.28,0.0436,1340,763.25,5143.6,6075,4.422,1.091,15.001
CANDIDATE,91.20573037,,4.17,,,,,,,,,,12.962
FALSE POSITIVE,253.40538,0.3967,7.43,2.41E+02,2.69,0.8926,443,9.13,5,7304,4.151,1.69,12.962
FALSE POSITIVE,5.110771787,0.878,2.48392,5.07E+04,26.98,0.0576,1048,284.85,394,6029,4.523,0.894,13.985
CANDIDATE,7.07394528,0.277,2.319,2.28E+02,0.84,0.0595,647,41.43,9.5,4777,4.689,0.561,15.629
FALSE POSITIVE,1.463773705,0.838,1.9123,6.48E+04,21.79,0.0218,1329,739.19,119.7,5446,4.599,0.668,13.318
FALSE POSITIVE,4.46255312,0.004,14.0957,2.27E+04,52.74,0.0513,1795,2458.34,140.9,4847,3.277,3.619,14.673
FALSE POSITIVE,79.87804945,,3.19,,,,,,,,,,12.96
CANDIDATE,14.516741,0.851,2.706,2.27E+02,1.45,0.1078,606,31.8,10.1,4954,4.5,0.828,15.377
CANDIDATE,20.5718107,0.123,3.399,3.79E+02,1.34,0.1347,498,14.51,13,4922,4.624,0.708,15.322
FALSE POSITIVE,3.026764871,0.198,4.32532,6.67E+04,26.36,0.0419,1360,810.38,1561.2,6283,4.459,1.01,14.044
FALSE POSITIVE,3.840130917,0.872,2.8951,6.04E+04,33.44,0.0477,1205,498.48,275.6,5931,4.418,1.012,14.479
FALSE POSITIVE,5.554227226,0.174,4.77434,1.42E+05,31.71,0.056,930,176.7,1517.7,5433,4.465,0.843,12.376
FALSE POSITIVE,1.570919281,1.083,3.2232,6.51E+04,59.12,0.0268,1797,2473.29,316.9,6192,4.326,1.162,13.406
FALSE POSITIVE,35.08976902,1.264,3.9623,5.75E+03,33.1,0.2055,501,14.95,170.8,5603,4.556,0.846,14.266
FALSE POSITIVE,5.233450136,0.457,8.57374,4.30E+05,70.33,0.0588,1050,287.6,3921.8,5841,4.454,0.977,13.424
FALSE POSITIVE,3.6037011,1.225,2.994,1.61E+04,66.94,0.0445,1464,1089,33.4,5633,4.016,1.547,14.492
FALSE POSITIVE,3.518356021,0.593,6.90375,3.17E+05,64.49,0.0462,1266,606.41,3217.6,6201,4.472,0.989,15.168
CANDIDATE,11.867172,0.001,4.815,5.96E+02,4.03,0.1126,1058,296.23,13.4,6264,4.133,1.651,14.624
FALSE POSITIVE,2.6160943,0.6458,21.34,2.93E+01,0.81,0.0401,1744,2188.14,5.6,6645,4.232,1.42,12.754
FALSE POSITIVE,2.404386969,0.613,7.40348,3.13E+05,79.72,0.0353,1670,1838.11,8577.4,6466,4.278,1.21,11.941
CANDIDATE,142.685885,0.1086,3.792,1.20E+03,2.76,0.5095,319,2.43,9.3,5767,4.57,0.799,15.484
FALSE POSITIVE,4.390513938,0.879,2.9472,4.68E+04,41.83,0.0533,1401,910.71,290.7,6081,4.133,1.454,13.209
FALSE POSITIVE,3.86963822,,2.29,,,,,3728.91,,,,,11.399
CANDIDATE,12.4970599,0.65,3.877,1.80E+02,1.44,0.1075,839,117.3,10.6,6174,4.445,1.021,14.191
FALSE POSITIVE,7.384681,0.068,3.548,1.43E+02,1.22,0.0757,1000,236.56,10.6,6174,4.445,1.021,14.191
CONFIRMED,21.0907909,0.832,4.751,4.18E+02,1.88,0.142,606,31.86,19.7,5723,4.546,0.818,14.223
FALSE POSITIVE,3.371796653,3.219,3.4421,3.67E+05,306.28,0.042,1155,419.47,560.2,5615,4.455,0.912,15.909
FALSE POSITIVE,1.927177921,0.399,2.7742,1.36E+05,28.94,0.0273,1219,523.16,204.7,5193,4.525,0.774,15.706
FALSE POSITIVE,0.575925434,0.905,2.4676,1.37E+05,38.24,0.0118,1834,2666.7,354.4,5461,4.586,0.683,14.563
FALSE POSITIVE,496.17566,0.4188,11.63,2.93E+02,3.46,1.3248,358,3.88,11.3,6643,3.946,1.976,13.515
FALSE POSITIVE,6.256352128,1.269,2.3512,3.29E+03,30.76,0.0643,918,167.92,120.4,5772,4.549,0.836,15.798
CONFIRMED,16.17803,0.081,5.18,4.49E+02,2.25,0.1285,754,76.54,6,5929,4.413,1.069,14.472
FALSE POSITIVE,2.37795507,1.298,2.4329,4.39E+03,92.61,0.0463,2965,18261.57,257.5,9565,4.088,2.286,11.639
FALSE POSITIVE,2.053866175,1.265,4.8045,5.02E+03,158.25,0.0318,2528,9631.57,380.5,5051,3.22,4.089,13.912
FALSE POSITIVE,36.5521313,0.4969,2.481,2.83E+02,0.9,0.1751,361,4.03,7.7,4722,4.723,0.527,15.377
FALSE POSITIVE,5.177577252,1.341,2.4777,1.33E+03,73.82,0.069,1671,1846.9,23.6,7429,4.143,1.796,12.616
FALSE POSITIVE,4.08029328,0.2428,2.8343,1.13E+03,2.92,0.0493,1044,280.4,43.1,5619,4.536,0.874,15.488
CONFIRMED,104.3519624,0.532,3.695,2.44E+02,1.39,0.4297,355,3.74,15.8,5650,4.546,0.87,12.57
CANDIDATE,6.06330298,0.0214,3.275,2.01E+02,1.64,0.0671,1153,418.4,13.1,6308,4.353,1.153,15.212
CANDIDATE,86.431871,0.95,7.374,4.15E+02,2.85,0.4018,464,10.97,11.2,6325,4.409,1.112,15.212
CANDIDATE,26.1152887,0.1382,12.54,7.00E+01,2.38,0.1891,898,153.98,10.6,5190,3.63,2.912,13.274
FALSE POSITIVE,469.52303,0.733,5.487,3.56E+02,2.1,1.2207,252,0.95,10.5,6197,4.449,1.035,14.091
FALSE POSITIVE,11.83271013,0.548,6.152,1.76E+02,1.17,0.1002,728,66.51,12.7,5639,4.551,0.859,15.228
FALSE POSITIVE,32.66996259,0.18,3.581,3.65E+02,1.37,0.1864,428,7.96,6.2,4871,4.606,0.741,15.536
CANDIDATE,269.306232,1.219,14.931,1.71E+03,24,0.7965,235,0.72,18.1,5251,4.581,0.817,15.855
FALSE POSITIVE,19.93364711,0.852,8.6122,1.75E+05,75.88,0.1477,848,122.24,1863.4,6505,4.25,1.29,14.575
FALSE POSITIVE,1.071911311,1.272,3.8559,9.82E+03,40.32,0.0192,1809,2534.86,397.6,5885,4.413,0.933,15.083
FALSE POSITIVE,18.0196514,0.675,5.08572,1.77E+05,31.77,0.1207,544,20.7,3373.3,5278,4.658,0.659,14.928
FALSE POSITIVE,117.934158,0.658,9.25,1.88E+02,3.76,0.5545,648,41.73,12.9,6790,3.822,2.597,13.232
FALSE POSITIVE,4.032762189,0.599,4.14212,1.19E+05,35.22,0.0483,1173,447.97,1520,5960,4.438,0.962,13.861
FALSE POSITIVE,2.371589507,1.653,3.5116,2.35E+05,88.22,0.0307,1043,278.9,386,5340,4.715,0.601,14.528
FALSE POSITIVE,5.09112124,0.224,2.159,1.15E+02,3.58,0.0689,2044,4131.88,11.4,6705,3.629,3.293,11.585
FALSE POSITIVE,4.206070484,0.949,10.6988,1.20E+05,172.66,0.0644,2547,9955.22,508,8212,3.736,3.185,11.684
FALSE POSITIVE,0.905677864,1.321,2.2432,3.67E+03,325.51,0.0234,3989,60020.95,107.4,5037,3.002,7.553,6.966
CANDIDATE,96.509214,3.6303,0.589,1.53E+03,860.3,0.5007,787,90.63,3.8,7343,3.751,2.955,8.655
CANDIDATE,69.64679311,,3.71,,,,,,,,,,13.735
CANDIDATE,111.65546,11.3832,1.051,2.89E+03,2121,0.5247,579,26.58,7,6967,4.086,1.863,13.735
CANDIDATE,86.13201864,,3.11,,,,,,,,,,13.735
FALSE POSITIVE,94.219289,0.173,24.312,1.03E+03,2.15,0.3569,285,1.57,37.6,4641,4.589,0.694,15.703
FALSE POSITIVE,297.113395,0.0322,4.529,2.75E+02,5.37,1.0563,509,15.89,10.1,6626,3.676,3.206,9.666
CONFIRMED,180.921729,0.025,8.99,7.42E+02,2.3,0.6135,302,1.96,16.2,5818,4.554,0.848,14.876
FALSE POSITIVE,4.478116695,0.622,3.357,1.18E+05,38.85,0.0551,1218,521.12,3665.4,6304,4.435,1.058,15.534
FALSE POSITIVE,0.579108481,0.424,1.659,6.84E+01,0.42,0.0109,1377,849.52,9.3,4604,4.749,0.501,15.815
FALSE POSITIVE,1.27620899,0.276,2.169,1.86E+02,1.46,0.0239,1851,2769.8,11.4,6304,4.435,1.058,15.534
FALSE POSITIVE,528.50344,0.0094,6.394,1.34E+02,2.2,1.4647,354,3.73,11.7,7102,4.068,1.874,11.741
CANDIDATE,47.14404783,,4.35,,,,,,,,,,11.741
CANDIDATE,197.0543157,,6.38,,,,,,,,,,12.366
CANDIDATE,406.496216,0.5052,3.495,3.80E+02,1.77,1.0581,236,0.73,6.9,5847,4.525,0.884,13.893
CANDIDATE,491.6151681,,6.31,,,,,,,,,,13.893
FALSE POSITIVE,2.027383251,1.248,1.5528,3.86E+03,31.12,0.0286,1352,791.38,126.1,5544,4.435,0.875,15.476
FALSE POSITIVE,10.73370737,0.895,7.6706,6.16E+03,18.7,0.1013,1171,444.77,239.5,5971,3.914,2.003,13.602
FALSE POSITIVE,9.449438672,1.243,5.5479,1.29E+04,60.59,0.0903,1152,415.72,231.4,6558,4.167,1.431,13.099
FALSE POSITIVE,8.752913958,1.124,3.4546,4.18E+04,119.91,0.1012,1635,1689.12,326.1,7279,3.856,2.624,11.961
CANDIDATE,499.47338,0.793,12.248,1.66E+03,3.71,1.2023,191,0.31,15.7,5251,4.581,0.817,15.855
FALSE POSITIVE,1.985586627,0.804,2.53163,7.26E+04,105.22,0.0354,2796,14480.75,1594.1,6651,3.6,3.219,11.427
FALSE POSITIVE,16.57902805,0.745,7.803,3.80E+04,49.01,0.1368,1062,300.36,813.6,5870,3.808,2.3,12.887
FALSE POSITIVE,513.42784,0.714,6.278,5.23E+02,14.87,1.5302,424,7.67,11.5,4833,3.13,6.065,13.175
FALSE POSITIVE,2.064900876,1.253,6.8769,1.09E+04,38.19,0.0311,1357,800.75,364,5714,4.501,0.901,14.597
FALSE POSITIVE,9.751720174,0.15,16.1937,3.33E+05,182.09,0.0881,1356,800.41,1767.3,5147,3.424,3.145,13.531
CONFIRMED,19.672324,0.721,4.812,6.50E+02,4.07,0.1473,908,160.98,20.6,6486,4.136,1.485,14.263
CONFIRMED,32.657035,0.007,5.953,6.20E+02,3.73,0.2065,767,81.91,17.9,6486,4.136,1.485,14.263
CANDIDATE,7.3138454,0.893,2.273,2.48E+02,2.73,0.0762,1263,601.53,9.2,6486,4.136,1.485,14.263
FALSE POSITIVE,4.592401261,0.272,4.96038,8.74E+04,52.18,0.0618,1678,1872.74,5784.8,7201,4.138,1.724,12.93
FALSE POSITIVE,6.70995253,0.616,2.297,8.60E+01,1.1,0.0732,1120,372.31,9.8,6461,4.396,1.131,13.872
FALSE POSITIVE,5.776794344,0.366,6.33505,1.22E+05,129.2,0.0814,2249,6048.96,8022.8,7666,3.658,3.601,11.61
FALSE POSITIVE,23.19923256,,2.09,,,,,,,,,,15.778
FALSE POSITIVE,0.503199724,0.492,1.117,2.76E+02,1.06,0.0106,1363,819.89,10.1,4013,4.639,0.63,14.155
FALSE POSITIVE,4.768540307,0.806,0.9938,3.48E+02,1.84,0.051,1010,246.11,4,5491,4.432,0.887,14.189
FALSE POSITIVE,73.91858615,1.137,6.9735,1.84E+05,89.96,0.3487,484,12.95,933.5,6300,4.404,1.057,15.401
CANDIDATE,212.4350367,,4.26,,,,,,,,,,12.914
CANDIDATE,11.1619384,0.739,5.195,1.24E+02,1.97,0.1027,1093,337.23,13.4,6200,4.072,1.64,13.374
FALSE POSITIVE,2.38793696,1.193,17.302,1.14E+02,25.56,0.0369,1674,1860.02,41.7,6769,4.379,1.161,14.394
FALSE POSITIVE,589.17968,0.0431,10.2,2.53E+02,4.91,1.5755,330,2.82,7.7,5295,3.617,3.152,13.439
CANDIDATE,76.83994597,,3.11,,,,,,,,,,12.914
CANDIDATE,78.86684,0.2074,4.5,8.61E+01,1.3,0.3908,573,25.44,4.8,6907,4.264,1.381,12.914
FALSE POSITIVE,4.618767943,0.004,6.03,3.26E+04,32.36,0.0543,1565,1418.08,674.9,6195,3.937,1.781,11.685
FALSE POSITIVE,3.60727417,0.463,14.0841,8.42E+05,221.55,0.051,1833,2671.63,710.9,7026,4.068,1.785,15.076
FALSE POSITIVE,2.565717939,1.313,1.7084,1.94E+03,180.8,0.0557,4607,106664.85,45.8,11360,3.636,4.712,10.846
FALSE POSITIVE,22.05274533,1.247,5.5924,1.39E+04,32.56,0.1437,552,21.93,343.5,5510,4.608,0.741,15.44
FALSE POSITIVE,2.881338104,1.271,3.5943,2.53E+03,31.58,0.0393,1206,501.88,111.3,5783,4.539,0.88,15.139
FALSE POSITIVE,4.078355243,0.368,6.4649,3.61E+04,16.73,0.047,1113,362.07,310,5872,4.481,0.867,14.936
FALSE POSITIVE,7.73590441,1.205,4.4389,4.65E+02,21.3,0.0751,884,144.83,59.5,5927,4.544,0.86,13.241
FALSE POSITIVE,3.530164642,0.019,4.11466,6.99E+04,35.71,0.047,1465,1086.97,731.2,6208,4.226,1.344,13.924
CANDIDATE,28.8672107,0.041,3.782,3.47E+02,1.51,0.1803,493,14,12,5191,4.564,0.837,15.258
CANDIDATE,48.9528113,,1.66,,,,,,,,,,12.182
FALSE POSITIVE,94.225938,0.213,22.08,5.30E+02,1.93,0.4014,348,3.48,25.4,5421,4.564,0.852,15.454
CANDIDATE,431.78556,0.196,9.135,3.33E+02,1.36,1.0429,211,0.47,9.4,5642,4.6,0.747,14.401
FALSE POSITIVE,395.07333,0.013,7.844,6.45E+02,230.33,1.2548,1406,923,16.4,3599,0.679,98.38,13.544
FALSE POSITIVE,1.51918335,0.336,5.45573,5.00E+05,128.17,0.0288,2517,9460.59,899.3,7426,4.116,1.698,15.106
FALSE POSITIVE,13.59940118,,2.52,,,,,,,,,,15.191
FALSE POSITIVE,2.745910734,0.639,4.02594,2.87E+05,61.16,0.0362,1221,524.18,1550.9,5372,4.396,0.96,15.316
FALSE POSITIVE,1.608363345,0.608,2.1988,9.61E+04,19.36,0.0225,1133,390.1,312.3,5022,4.668,0.589,13.819
FALSE POSITIVE,5.746017234,1.008,3.6347,2.92E+04,29.32,0.0607,1042,278.69,393.9,5940,4.429,0.96,14.737
CANDIDATE,144.102562,0.0879,2.753,1.71E+02,1.67,0.5465,437,8.64,4.1,6528,4.257,1.26,12.431
CANDIDATE,112.317402,0.5434,3.471,1.82E+02,1.77,0.4628,475,12.05,7.8,6528,4.257,1.26,12.431
CANDIDATE,9.13315062,0.275,2.1557,2.31E+02,1.48,0.0867,900,155.42,23,6122,4.487,0.964,11.767
FALSE POSITIVE,3.963787093,0.95,3.10316,2.50E+04,28.11,0.0521,1389,880.12,584.8,6617,4.373,1.18,14.281
FALSE POSITIVE,1.759208679,0.548,4.60837,3.62E+05,66.06,0.0281,1475,1121.32,1967.2,5721,4.453,0.961,15.409
FALSE POSITIVE,1.6031794,,0.91,,,,,676.51,,,,,14.653
CANDIDATE,335.56311,0.12,13.06,1.58E+02,1.83,0.9777,333,2.9,7.2,6200,4.16,1.448,13.959
FALSE POSITIVE,6.496031958,0.065,5.21924,1.09E+05,32.33,0.0639,957,198.07,1797.6,5516,4.364,0.988,14.502
FALSE POSITIVE,4.012537983,0.783,2.0101,1.98E+04,9.96,0.0421,765,80.95,166,4483,4.629,0.63,15.381
FALSE POSITIVE,1.594162001,1.128,5.4958,9.88E+03,26.11,0.0248,1419,960.51,415,5388,4.449,0.885,14.585
FALSE POSITIVE,10.23893988,1.022,3.4851,3.15E+03,22.09,0.0968,1190,474.05,427.6,6244,3.986,1.807,13.897
FALSE POSITIVE,5.499941387,0.002,5.1339,4.01E+04,23.34,0.0646,1202,492.27,506.4,6435,4.385,1.157,15.48
FALSE POSITIVE,8.667826242,0.822,5.06514,4.35E+04,37.51,0.0899,1225,531.63,4638.1,6712,4.174,1.538,13.089
FALSE POSITIVE,265.2996227,0.798,8.8452,1.00E+05,33.81,0.7968,270,1.25,616.3,5873,4.547,0.863,15.518
FALSE POSITIVE,265.2999623,0.928,8.8577,3.18E+04,25.56,0.8276,296,1.81,154.7,6108,4.471,0.997,15.279
FALSE POSITIVE,98.1020983,0.1865,1.225,1.84E+02,1.97,0.448,525,17.96,6.9,6669,4.224,1.427,13.557
FALSE POSITIVE,182.467019,0.0158,7.607,1.02E+03,3.73,0.6787,364,4.17,12.5,6299,4.401,1.167,13.408
FALSE POSITIVE,126.5783727,,2.5,,,,,,,,,,13.408
FALSE POSITIVE,11.41437505,0.895,6.276,4.60E+04,44.08,0.1082,1128,383.45,34.2,6826,4.187,1.52,11.254
CANDIDATE,154.607419,0.0898,9.225,2.80E+02,1.56,0.5675,340,3.16,13.4,6017,4.508,0.931,13.936
CANDIDATE,57.132855,0.32,4.958,4.14E+02,1.81,0.273,414,6.94,11,5157,4.445,0.904,15.369
FALSE POSITIVE,151.31847,0.3788,16.45,1.05E+02,1.13,0.5471,373,4.57,6,6003,4.346,1.085,12.744
FALSE POSITIVE,10.4032399,1.296,23.85,1.06E+03,51.47,0.0948,1104,350.59,272.8,6428,4.144,1.436,13.272
FALSE POSITIVE,1.853209359,0.99,1.7543,1.23E+04,32.99,0.0309,2100,4584.55,238.9,6384,4.026,1.716,13.085
FALSE POSITIVE,14.66769462,1.169,2.4462,2.99E+04,145.18,0.1473,1552,1370.6,86.5,7517,3.717,3.226,13.415
CANDIDATE,28.2251049,0.778,2.354,2.01E+02,1.59,0.1838,625,36.13,8.9,6014,4.436,1.021,14.651
CANDIDATE,150.381954,0.892,4.968,3.96E+02,2.26,0.5454,325,2.63,7.8,5569,4.459,0.954,15.198
CANDIDATE,95.906433,0.576,4.08,8.36E+02,2.17,0.3684,288,1.63,11,4620,4.564,0.736,15.504
FALSE POSITIVE,11.4132144,0.439,2.371,7.64E+01,1.03,0.1006,925,172.97,10.4,6188,4.33,1.155,13.746
CANDIDATE,445.21685,0,16.37,2.12E+02,1.37,1.061,237,0.74,11.1,5670,4.387,0.95,13.865
FALSE POSITIVE,172.178768,0.2431,1.19,5.01E+02,2.29,0.621,349,3.51,4.7,6208,4.462,1.009,14.349
CANDIDATE,35.502865,0.783,8.149,1.16E+02,2.18,0.2088,724,64.83,11,5528,3.892,1.839,14.31
FALSE POSITIVE,13.78752053,0.99,2.55435,1.30E+04,25.33,0.1211,921,170.01,2126.1,6399,4.312,1.289,12.14
FALSE POSITIVE,8.2904597,0.426,2.6002,1.73E+05,23.96,0.0661,594,29.41,297.2,4601,4.681,0.566,17.409
CANDIDATE,66.789347,0.667,4.08,3.59E+02,2.07,0.3315,490,13.61,9.5,6297,4.448,1.031,15.083
CANDIDATE,6.150251376,1.27,1.68923,2.13E+03,100.03,0.0875,2251,6066.49,471,8914,3.896,2.867,10.622
FALSE POSITIVE,8.214204254,1.092,4.5905,7.42E+04,42.29,0.0755,798,96.12,613.1,5654,4.59,0.774,16.356
FALSE POSITIVE,15.71377375,0.864,7.464,9.48E+03,10.85,0.1192,728,66.24,98.1,5812,4.434,0.96,14.292
FALSE POSITIVE,5.918619554,0.258,3.94804,9.41E+04,29.98,0.0658,1009,245.42,1117,5957,4.498,0.971,15.678
FALSE POSITIVE,3.319523463,1.162,3.3465,3.88E+04,38.37,0.0416,1108,356.42,249.4,5761,4.581,0.791,15.101
FALSE POSITIVE,5.874197307,0.7,4.26585,2.06E+05,59.2,0.0635,1112,361.15,2200,6103,4.363,1.083,14.857
FALSE POSITIVE,19.7959731,0.156,5.342,3.34E+02,3.47,0.161,1014,249.43,16.6,6731,4.043,1.876,9.816
CANDIDATE,29.5126153,0.188,6.314,1.88E+02,1.84,0.1888,678,49.95,9.4,5746,4.189,1.351,15.334
FALSE POSITIVE,209.0005502,,2.52,,,,,,,,,,15.334
FALSE POSITIVE,5.614892073,1.243,3.7294,2.37E+03,1192.79,0.0761,4097,66631.18,122.3,4289,1.603,35.695,11.925
CONFIRMED,12.2064304,0.104,2.407,1.34E+03,5.41,0.1016,895,151.44,16.2,5254,4.05,1.514,14.13
CONFIRMED,6.6513189,0.064,2.135,1.06E+03,4.81,0.0678,1095,340.06,15.3,5254,4.05,1.514,14.13
FALSE POSITIVE,3.905532605,0.002,6.8091,7.31E+04,21.37,0.0453,1017,253.21,350.4,5495,4.543,0.798,12.862
CONFIRMED,210.631486,0.642,8.419,1.66E+03,3.23,0.6477,234,0.71,25.9,4895,4.589,0.759,15.195
CANDIDATE,455.27405,0.2429,2.4,3.66E+02,1.54,1.1097,196,0.35,4.5,5178,4.556,0.818,13.829
CANDIDATE,117.761,0.2505,3.454,5.39E+01,0.62,0.4503,337,3.06,7.1,5564,4.522,0.85,11.195
CANDIDATE,46.331703,0.1484,4.514,3.00E+02,1.39,0.2441,441,8.98,9.4,5477,4.571,0.815,15.378
CONFIRMED,0.766691517,0.388,1.2638,2.44E+02,1.22,0.015,1541,1334.22,29.5,4821,4.529,0.788,14.903
FALSE POSITIVE,5.2438528,0.583,10.539,1.36E+02,1.11,0.0585,1016,251.99,17.8,5815,4.5,0.918,15.656
FALSE POSITIVE,93.6273251,,1.92,,,,,,,,,,15.956
CANDIDATE,7.1931193,0.296,2.935,1.26E+02,1.12,0.0712,916,166.3,10.7,5518,4.4,1.008,14.834
FALSE POSITIVE,6.474202359,0.448,3.35989,2.03E+05,28.96,0.0578,717,62.47,1284,4947,4.636,0.624,14.998
FALSE POSITIVE,8.4803048,0.027,7.5348,2.67E+03,4.13,0.0786,777,86.01,70.1,5478,4.573,0.812,15.736
FALSE POSITIVE,8.947426242,0.517,4.89701,8.60E+04,45.87,0.0892,1141,401.11,7878,6297,4.155,1.506,12.985
FALSE POSITIVE,9.93443795,1.264,8.098,2.75E+03,35.54,0.0936,830,112.23,92.8,5763,4.484,0.998,15.777
FALSE POSITIVE,2.173552528,1.297,1.6107,3.03E+03,23.51,0.0276,1025,260.75,35.9,5008,4.663,0.594,14.605
CANDIDATE,47.7439509,0.977,2.99,9.69E+01,1.74,0.2691,575,25.84,15,5949,4.272,1.292,11.472
CANDIDATE,4.57834367,0.232,3.987,1.41E+02,1.44,0.0546,1206,499.41,11.4,5782,4.28,1.22,15.214
FALSE POSITIVE,10.15771597,1.268,2.9526,9.52E+03,42.27,0.0946,853,125.42,168,5993,4.489,0.986,15.589
CANDIDATE,12.654896,0.009,4.325,1.01E+02,1.02,0.1054,801,97.41,10.4,5833,4.407,1.022,14.264
CANDIDATE,131.258668,0.4901,4.89,1.53E+02,1.59,0.5376,433,8.31,8.5,6443,4.325,1.248,12.236
CANDIDATE,92.552007,0.513,2.135,2.83E+02,2.1,0.4134,440,8.87,7.3,5808,4.306,1.22,14.452
CANDIDATE,75.072964,0.2602,9.21,7.43E+01,1.09,0.3704,522,17.51,7.1,6443,4.325,1.248,12.236
FALSE POSITIVE,404.701927,0.2598,3.981,2.36E+02,1.94,1.1388,298,1.85,7.8,6443,4.325,1.248,12.236
FALSE POSITIVE,0.779609509,0.676,4.013,8.85E+01,1.07,0.0165,2097,4557.44,21,5899,4.37,1.07,15.211
FALSE POSITIVE,15.80529628,,1.56,,,,,,,,,,13.148
FALSE POSITIVE,2.103239235,0.62,7.08365,3.15E+05,64.15,0.0321,1470,1100.91,3069.4,6074,4.466,0.965,14.169
CANDIDATE,31.8134892,0.2316,1.422,2.34E+02,1.18,0.186,496,14.31,5.2,5505,4.586,0.776,14.458
CANDIDATE,115.230655,0.95,17.735,1.64E+02,4.02,0.5311,632,37.8,21.3,6585,3.813,2.517,12.605
CONFIRMED,184.262741,0.885,11.94,2.92E+02,2.57,0.6503,380,4.93,21.1,6115,4.249,1.291,13.312
CANDIDATE,106.25976,0.209,6.101,3.54E+02,1.5,0.4071,303,1.99,7.7,4827,4.508,0.823,15.141
CANDIDATE,505.462916,0.489,10.127,1.72E+03,3.46,1.1528,181,0.25,17.6,4817,4.499,0.833,15.768
CANDIDATE,274.743032,0.4073,9.137,3.09E+02,2.16,0.8478,330,2.82,12.2,6277,4.306,1.207,13.749
CANDIDATE,360.477635,72.848,4.332,6.04E+02,11943.8,1.0133,339,3.11,7.3,6266,4.101,1.522,14.327
CANDIDATE,18.0811429,0.6214,4.44,7.12E+01,0.75,0.1326,638,39.18,5.7,5693,4.551,0.856,14.754
CONFIRMED,20.9569985,0.112,3.493,1.92E+03,2.38,0.126,363,4.11,22.7,3891,4.718,0.564,16.279
FALSE POSITIVE,15.24933591,1.077,3.82224,3.46E+04,45.92,0.1231,875,138.77,635.5,6385,4.316,1.189,13.593
FALSE POSITIVE,4.816610903,0.431,3.82353,8.02E+04,26.15,0.0536,1050,287.3,759.1,5796,4.472,0.904,14.843
FALSE POSITIVE,2.305903447,0.003,3.3828,2.33E+04,39.04,0.046,3147,23214.46,511.7,9696,4.033,2.492,16.321
FALSE POSITIVE,1.814128042,1.246,3.0646,2.06E+03,426.98,0.041,3773,47891.79,163.9,4822,2.662,12.899,11.78
FALSE POSITIVE,1.247121237,1.223,9.363,9.67E+02,18.39,0.0195,1237,552.82,92.1,4852,4.613,0.651,13.704
FALSE POSITIVE,4.128795314,0.739,2.771,1.55E+05,52,0.0482,1244,565.91,1041.8,5949,4.311,1.083,13.1
FALSE POSITIVE,3.269176601,2.195,2.7233,5.91E+04,164.61,0.0441,1349,781.57,515.5,6372,4.453,1.015,14.966
CANDIDATE,5.902596818,0.168,5.5711,5.49E+04,25.8,0.0645,1123,376.53,533.9,6184,4.371,1.094,15.179
FALSE POSITIVE,15.99509405,0.272,8.45037,4.43E+04,17.09,0.1194,676,49.26,2019.7,5899,4.574,0.805,15.284
CANDIDATE,214.013044,0.1289,7.87,1.23E+02,1.54,0.7579,397,5.89,9,6698,4.267,1.37,12.445
FALSE POSITIVE,0.70914232,1.0094,1.936,2.56E+03,7.27,0.0136,1685,1903.76,2.6,5350,4.578,0.693,14.677
FALSE POSITIVE,9.86869589,0.984,2.876,5.92E+03,21.68,0.1004,1332,743.72,15.8,7301,4.11,1.717,10.656
FALSE POSITIVE,66.34455122,,3.64,,,,,,,,,,15.189
CANDIDATE,143.09688,0.1129,17.74,1.25E+02,1.48,0.5927,441,8.94,6.4,6725,4.335,1.31,11.538
CANDIDATE,73.4567573,,2.74,,,,,,,,,,11.538
FALSE POSITIVE,0.978362973,0.267,1.206,3.71E+01,1.04,0.0219,2772,13948.03,15.9,7193,4.156,1.671,12.34
CANDIDATE,13.0327301,0.67,3.902,2.42E+02,1.64,0.1109,809,101.4,11.1,6122,4.471,0.996,15.863
CONFIRMED,37.6333868,0.338,4.49,1.66E+03,2.25,0.1861,299,1.88,18.6,3891,4.718,0.564,16.279
CANDIDATE,31.9533679,0.773,8.424,1.06E+02,1.65,0.2167,725,65.15,15.2,6313,4.228,1.467,12.742
CANDIDATE,458.16754,0.1573,6.97,6.83E+02,2.11,1.1212,208,0.45,5.6,5536,4.566,0.816,15.983
CANDIDATE,67.8766605,0.0011,2.598,3.89E+02,1.92,0.3322,455,10.11,9.1,6018,4.485,0.975,14.953
FALSE POSITIVE,15.0367776,1.115,3.042,5.04E+02,8.02,0.096,381,4.96,10.8,3729,4.733,0.514,15.665
CANDIDATE,25.0901574,0.935,8.273,3.77E+01,1.35,0.1746,852,124.33,12.1,6033,3.985,1.788,12.014
CONFIRMED,12.25384348,0.441,2.373,1.48E+02,1,0.1016,678,50.05,12.3,5413,4.579,0.82,13.747
CANDIDATE,326.6708,0.6133,10.84,3.86E+02,2.2,0.9045,283,1.52,10.8,5896,4.343,1.072,14.388
CANDIDATE,143.2110936,,2.71,,,,,,,,,,13.224
CANDIDATE,362.97828,0.055,14.083,2.61E+02,1.96,1.0009,296,1.81,13,6086,4.274,1.216,14.061
CANDIDATE,240.192808,0.814,9.72,6.06E+02,2.68,0.7718,298,1.86,12,6004,4.484,0.977,14.957
FALSE POSITIVE,22.16127178,1.277,3.699,5.26E+03,69.44,0.1534,877,139.67,56.6,5893,3.945,1.745,13.034
CANDIDATE,86.723653,0.662,4.852,2.41E+02,1.43,0.3799,391,5.5,9.4,5830,4.54,0.876,14.246
FALSE POSITIVE,2.745121487,0.861,2.9845,1.46E+04,9.55,0.0341,893,150.25,86.7,4608,4.648,0.658,15.187
FALSE POSITIVE,282.9656538,0.426,21.4259,4.68E+05,71.61,0.8568,280,1.45,1365.9,5999,4.494,0.959,13.974
FALSE POSITIVE,37.32030954,1.282,6.9616,4.33E+03,36.96,0.2209,538,19.77,171.3,5910,4.505,0.94,14.277
CANDIDATE,36.566324,0.018,4.832,2.94E+03,15.41,0.2296,828,110.92,8.1,5294,3.599,2.884,17.195
FALSE POSITIVE,5.889372452,0.403,4.94674,5.68E+04,50.78,0.0737,1695,1951.4,4146.7,7249,3.993,2.071,12.472
FALSE POSITIVE,2.581595167,0.124,4.9153,1.71E+05,40.94,0.0357,1328,735.27,338.2,5720,4.407,0.989,15.35
CANDIDATE,20.5736113,0.032,11.222,7.60E+01,3.86,0.1819,1197,484.82,12.3,5440,3.404,4.524,13.33
FALSE POSITIVE,0.566801886,0.3733,5.733,5.90E+00,0.54,0.0163,3862,52564.19,16.3,7589,4.023,2.169,10.238
FALSE POSITIVE,180.71809,0.8856,10.85,3.12E+01,1.28,0.7526,546,20.98,8.6,7608,4.08,1.991,10.505
FALSE POSITIVE,6.5583706,1.213,3.286,1.36E+02,39.06,0.0717,1283,639.83,18.1,6144,4.083,1.606,10.609
FALSE POSITIVE,434.39148,0.9936,13.02,1.20E+02,1.59,1.0834,236,0.73,10.4,5971,4.514,0.868,10.614
FALSE POSITIVE,71.1577054,,4.85,,,,,,,,,,10.923
FALSE POSITIVE,73.26417,0.4719,5.54,3.84E+01,1.32,0.3543,584,27.47,3,5424,3.832,2.11,11.026
CONFIRMED,11.3220104,0.1749,5.86,1.71E+01,0.91,0.1041,1215,515.77,8.1,6003,3.825,2.193,11.158
FALSE POSITIVE,681.9363102,0.828,7.94066,1.87E+05,61.52,1.5393,220,0.56,5388.3,6095,4.427,1.035,11.3
FALSE POSITIVE,0.705891195,0.511,5.281,1.50E+01,1,0.0214,4884,134291.26,32.9,10346,4.077,2.449,11.321
FALSE POSITIVE,377.88909,0.1164,9.259,9.28E+01,3.17,1.3905,606,31.87,11.6,9030,3.822,3.218,11.471
FALSE POSITIVE,199.21638,0.5,9.23,6.25E+01,2.36,0.8893,706,58.73,10.6,8914,3.896,2.867,11.472
FALSE POSITIVE,121.70747,0.9778,1.37,9.82E+01,3.02,0.5322,580,26.67,6.9,6362,3.858,2.27,11.496
FALSE POSITIVE,273.528359,1.363,22.346,4.09E+02,115.4,1.0301,557,22.75,32.1,7682,3.838,2.783,11.575
FALSE POSITIVE,3.88258905,0.553,2.741,5.78E+01,0.78,0.0484,1158,426.41,13.2,5780,4.438,1,11.706
FALSE POSITIVE,135.57186,0.2687,9.94,4.12E+01,0.83,0.4754,439,8.77,5.7,6070,4.117,1.277,11.766
CANDIDATE,0.954388314,0.737,6.26,5.72E+01,2.27,0.0233,3406,31694.26,56.3,7056,3.813,2.785,11.872
FALSE POSITIVE,173.06929,1.1262,12.84,5.77E+02,30.29,0.7005,518,17.08,19.9,7296,4.103,1.818,11.943
FALSE POSITIVE,1.039046871,0.096,1.689,2.44E+01,0.48,0.0195,1774,2348.45,9.3,5689,4.422,0.976,12.023
FALSE POSITIVE,0.607538435,0.9849,5.549,3.49E+01,1.34,0.0159,3219,25377.69,30.4,7076,4.147,1.691,12.156
FALSE POSITIVE,0.98762513,0.547,1.127,2.86E+01,1.14,0.0253,3728,45704.5,14.8,9456,4.172,2.022,12.234
FALSE POSITIVE,113.0707574,,9.03,,,,,,,,,,12.267
FALSE POSITIVE,66.713573,0.4916,4.487,6.39E+01,0.98,0.3394,555,22.47,6.7,6745,4.361,1.182,12.301
FALSE POSITIVE,135.223193,0.0177,8.989,5.63E+01,0.92,0.5234,417,7.18,8.9,6181,4.279,1.227,12.452
FALSE POSITIVE,195.7093855,,10.78,,,,,,,,,,15.322
FALSE POSITIVE,27.6775212,1.238,2.513,2.94E+02,23.04,0.1739,558,22.91,12.3,5797,4.563,0.828,13.678
FALSE POSITIVE,35.2340413,0.2713,11.874,4.66E+02,2.21,0.2154,602,31.14,14.7,6295,4.456,1.014,15.598
FALSE POSITIVE,20.9794338,1.284,3.762,2.39E+03,24.76,0.1287,520,17.28,32.2,5182,4.601,0.666,15.486
FALSE POSITIVE,15.6937855,0.2227,5.149,3.68E+02,1.99,0.1219,755,76.79,14.2,5868,4.397,1.037,15.281
CANDIDATE,5.77451117,0.348,3.752,1.56E+02,1.87,0.0648,1232,544.74,11.2,5821,4.127,1.492,15.589
FALSE POSITIVE,20.73376301,0.993,5.8043,1.05E+05,54.58,0.148,663,45.6,97.3,5780,4.438,1,17.474
FALSE POSITIVE,63.571688,0.7182,6.01,5.91E+02,2.14,0.3026,399,6.02,5.4,5504,4.572,0.819,15.635
FALSE POSITIVE,338.20075,0.2434,15.23,6.78E+02,2.08,0.9183,223,0.59,11.1,5381,4.575,0.811,15.65
CONFIRMED,124.922516,0.943,11.942,4.99E+02,3.37,0.5036,407,6.45,24.4,5970,4.317,1.2,13.804
FALSE POSITIVE,1.303570451,0.548,2.28163,3.32E+05,235.58,0.0225,2720,12920.56,573.2,4884,3.279,3.584,15.832
FALSE POSITIVE,3.72277264,1.2672,15.869,1.11E+03,22.78,0.0426,945,188.82,58.1,5333,4.633,0.688,15.673
FALSE POSITIVE,3.886730304,0,16.1723,3.72E+05,61.58,0.0485,1158,424.65,280.6,5780,4.438,1,16.81
FALSE POSITIVE,49.5740154,0.472,63.196,8.77E+03,5.01,0.2131,280,1.46,200.6,4040,4.714,0.527,13.534
FALSE POSITIVE,10.42360821,0.001,5.404,8.78E+02,1.67,0.0772,515,16.64,18.7,4260,4.663,0.58,15.719
CANDIDATE,10.1384691,0.207,4.026,9.28E+01,0.74,0.0872,723,64.55,9.1,5483,4.589,0.779,14.64
CONFIRMED,85.517344,0.944,9.331,2.70E+02,3.04,0.3802,482,12.75,12.9,5592,4.115,1.451,14.513
FALSE POSITIVE,161.2529031,0.227,24.3711,9.40E+04,59.07,0.746,652,42.81,576.6,9341,4.222,1.87,7.391
FALSE POSITIVE,0.761119678,1.129,1.43,1.11E+03,27.81,0.0157,2977,18660.94,9.7,6911,4.038,1.501,7.899
FALSE POSITIVE,94.212787,0.001,14.48,5.57E+04,35.89,0.391,597,30.09,112.3,6911,4.038,1.501,7.899
CANDIDATE,8.6040858,0.4146,3.01,8.76E+01,0.94,0.0836,947,189.96,6.4,6250,4.472,0.986,15.173
FALSE POSITIVE,1.330333096,0.692,5.045,6.19E+04,24.3,0.0236,1634,1691.25,700.5,5984,4.521,0.906,15.423
FALSE POSITIVE,1.140133012,1.181,9.251,2.23E+02,126.77,0.0274,4370,86385.22,63.4,6715,3.211,5.97,13.411
FALSE POSITIVE,7.946367138,0.636,2.58667,2.78E+05,36.01,0.0647,629,36.92,1228.9,4789,4.678,0.573,13.811
FALSE POSITIVE,16.8320798,0.218,7.79748,4.84E+04,61.35,0.1376,1243,565.17,5156.6,6300,3.646,2.755,13.125
FALSE POSITIVE,7.346159047,0.945,6.5974,1.22E+05,44.48,0.0714,835,114.57,2541.2,5616,4.574,0.81,15.63
FALSE POSITIVE,26.2402438,0.36,3.024,1.74E+02,1.16,0.1597,583,27.36,7.9,5649,4.45,0.875,14.68
FALSE POSITIVE,10.73842724,0.036,2.3544,1.68E+03,6.96,0.097,1137,394.4,112.8,6180,4.007,1.686,11.809
CANDIDATE,65.415183,0.377,4.224,4.17E+02,1.31,0.2732,295,1.79,8.9,4348,4.62,0.646,15.559
CANDIDATE,72.28198,0.2405,2.478,1.27E+03,13.11,0.4318,984,221.28,5.4,7694,3.631,3.627,9.277
FALSE POSITIVE,23.83238251,0.664,7.06068,2.79E+05,63.78,0.1642,623,35.58,2389.2,5722,4.454,1,15.581
FALSE POSITIVE,1.428766771,0.354,3.9753,9.22E+01,1.01,0.0256,1737,2157.42,3.6,6197,4.449,1.035,14.701
FALSE POSITIVE,14.5567427,0.4308,1.421,1.85E+02,1.38,0.1192,783,89.02,8.9,6153,4.471,0.993,14.927
FALSE POSITIVE,1.106560721,0.531,2.64151,2.54E+05,47.63,0.0206,1782,2382.7,643.6,6205,4.534,0.873,15.415
FALSE POSITIVE,0.721624431,0.855,2.54242,1.58E+05,40.61,0.0139,1604,1560.97,514.4,5067,4.565,0.715,14.424
CANDIDATE,371.7096571,,4.65,,,,,,,,,,14.936
FALSE POSITIVE,10.81589054,0.219,4.73495,4.54E+04,32.48,0.0978,1086,328.64,4313.4,6269,4.109,1.508,12.96
FALSE POSITIVE,4.1747072,,11.13,,,,,1914.16,,,,,12.472
FALSE POSITIVE,0.622303871,0.338,1.84,8.09E+01,0.77,0.0129,2032,4050.15,9.9,5672,4.447,0.853,14.519
FALSE POSITIVE,23.3924063,0.3153,3.416,6.23E+01,0.84,0.1607,701,57.23,8.1,6221,4.4,1.05,12.845
CANDIDATE,75.906736,0.0506,11.64,2.69E+01,0.63,0.3438,507,15.65,9.2,6140,4.248,1.206,11.649
CANDIDATE,2.15888911,0.224,1.791,1.02E+02,0.72,0.0302,1130,384.49,9.9,5269,4.627,0.713,15.377
FALSE POSITIVE,4.608901433,0.386,8.73393,3.79E+05,48.72,0.0511,1007,242.9,2624.6,5938,4.605,0.755,15.322
CANDIDATE,17.5806026,0.879,4.17,1.39E+02,1.87,0.1352,816,104.96,8.4,5839,4.199,1.358,14.989
FALSE POSITIVE,3.326193904,0.001,2.08375,1.78E+05,14.72,0.031,521,17.41,502,3520,4.906,0.349,14.888
FALSE POSITIVE,12.82327546,0.93,5.32062,1.22E+05,44.29,0.1039,743,72,2541.7,5973,4.562,0.826,15.626
FALSE POSITIVE,37.18327633,0.003,14.0996,2.21E+05,55,0.2062,594,29.41,2648.4,5657,4.23,1.168,13.84
FALSE POSITIVE,5.065329723,0.725,4.90392,1.56E+05,60.35,0.0584,1315,705.6,5497,6350,4.233,1.286,13.955
FALSE POSITIVE,0.957079167,1.135,3.85011,4.87E+04,72.76,0.0194,2441,8421.62,3062.6,6367,4.133,1.468,13.484
FALSE POSITIVE,9.380632783,1.084,4.295,6.58E+04,46.72,0.0872,846,120.99,1053.1,5926,4.519,0.913,15.435
FALSE POSITIVE,10.06468789,1.261,3.59854,1.01E+04,30.11,0.0801,679,50.11,585.4,5185,4.571,0.705,14.674
CANDIDATE,2.71772323,0.197,3.22,7.03E+01,0.72,0.0356,1123,375.05,9.3,5135,4.464,0.874,14.52
FALSE POSITIVE,7.73591011,0.613,5.01919,3.15E+05,50.46,0.0722,806,99.92,3786.7,5623,4.596,0.763,12.408
FALSE POSITIVE,3.359470825,1.281,2.14715,2.71E+03,129.93,0.0506,2421,8125.7,504.1,6587,3.531,3.514,12.983
FALSE POSITIVE,20.72925511,0.575,7.53677,3.42E+05,53.87,0.134,567,24.47,2957.7,5256,4.502,0.802,14.807
FALSE POSITIVE,3.04459739,0.385,7.638,6.61E+01,0.62,0.0386,1076,317.36,18.2,5525,4.603,0.753,14.567
FALSE POSITIVE,3.796448299,0.249,11.5917,5.23E+05,232.39,0.0593,2577,10412.56,1487.2,8117,3.748,3.07,14.005
FALSE POSITIVE,3.79654367,1.081,11.4071,7.08E+04,159.34,0.0593,2577,10412.56,283.7,8117,3.748,3.07,14.005
FALSE POSITIVE,15.92699063,1.368,11.5142,3.94E+05,93.94,0.1066,566,24.16,3458.3,5191,4.615,0.65,15.538
CANDIDATE,23.9830523,0.096,8.77,8.32E+01,1.17,0.1582,718,62.83,11.3,5696,4.178,1.292,13.863
FALSE POSITIVE,1.219049953,0.0517,1.477,5.35E+01,2.48,0.0249,2948,17862.9,10.1,5742,3.521,3.374,13.92
FALSE POSITIVE,0.64585177,1.138,1.97644,3.09E+05,51.1,0.0115,1234,543.24,808.3,4399,4.788,0.463,15.33
CANDIDATE,134.413808,0.1857,13.907,2.06E+02,1.69,0.5468,391,5.51,12.5,6013,4.37,1.187,14.262
FALSE POSITIVE,1.70192371,0.906,3.0271,4.98E+04,40.15,0.0287,1704,1993.63,351.1,5826,4.273,1.262,12.533
FALSE POSITIVE,1.20693963,0.701,6.881,2.00E+01,0.97,0.0263,2847,15568.09,24.3,7331,4.041,2.041,12.317
FALSE POSITIVE,3.008602107,0.948,4.34296,1.20E+05,56.15,0.0403,1343,768.47,502,6033,4.398,1.026,13.053
FALSE POSITIVE,41.81145,0.0121,2.208,3.02E+02,1.4,0.2117,483,12.88,5.9,5593,4.478,0.812,15.017
FALSE POSITIVE,0.846291334,0.779,1.79962,1.90E+05,30.8,0.0142,1243,562.86,1049.3,4627,4.721,0.526,15.994
FALSE POSITIVE,1.930451347,1.121,3.87956,5.31E+04,58.77,0.0327,1623,1637.68,602.3,6154,4.399,1.168,13.017
FALSE POSITIVE,2.427967843,0.954,4.7847,1.27E+05,108.33,0.0423,2275,6328.22,472.8,7652,4.104,1.921,10.367
CANDIDATE,347.97611,0.057,16.77,3.41E+02,1.62,0.9577,253,0.97,11.9,5995,4.536,0.878,14.648
FALSE POSITIVE,6.840305932,1.094,4.32742,1.25E+05,62.08,0.0705,945,188.58,2025.7,5970,4.521,0.908,15.445
FALSE POSITIVE,1.032967155,0.025,1.17,1.27E+02,21.22,0.0287,5990,304226.71,8.3,5283,2.352,18.959,12.698
FALSE POSITIVE,2.489550708,1.185,2.84685,2.98E+04,36.91,0.0341,1281,636.43,443.6,6018,4.569,0.794,13.669
FALSE POSITIVE,2.980479588,0.479,3.72527,3.75E+05,70.52,0.0399,1370,833.83,1737.7,6065,4.377,1.047,14.647
FALSE POSITIVE,4.81712182,1.233,2.45699,3.58E+04,43.45,0.0535,922,170.42,445.3,5419,4.581,0.795,15.973
FALSE POSITIVE,2.479948394,0.67,5.7219,1.51E+05,35.62,0.034,1169,441.85,489.6,5391,4.539,0.822,14.742
FALSE POSITIVE,1.58742695,0.718,2.66475,7.62E+04,37.64,0.028,1893,3023.98,1150.7,6440,4.313,1.241,13.296
FALSE POSITIVE,19.66840482,0,21.1764,3.53E+05,42.91,0.1255,555,22.36,1834.5,5260,4.56,0.717,13.486
CANDIDATE,11.8187288,0.282,4.017,2.49E+02,2.09,0.1031,919,168.38,10.3,5803,4.211,1.328,15.271
CANDIDATE,5.78901936,0.1847,3.102,1.10E+02,0.78,0.0565,849,122.75,7.8,5289,4.546,0.748,14.791
FALSE POSITIVE,0.968065631,0.518,1.772,9.25E+01,0.68,0.0174,1487,1157.58,14,5367,4.639,0.687,15.247
FALSE POSITIVE,0.824181335,1.174,2.4864,2.25E+02,18.2,0.0168,1912,3155.32,40.2,5977,4.514,0.883,14.638
CANDIDATE,12.26708306,,2.7,,,,,,,,,,12.322
FALSE POSITIVE,2.45261841,0.3595,1.9,8.55E+01,0.69,0.0324,1108,355.92,8.8,5216,4.564,0.751,15.223
CANDIDATE,6.33342309,1.101,3.46,1.23E+02,7.62,0.0578,625,36.11,7.5,4352,4.671,0.613,15.073
CANDIDATE,5.522479,0.6606,2.666,3.31E+01,0.76,0.0624,1288,650.66,8.6,6532,4.271,1.247,13.05
FALSE POSITIVE,0.706423768,0.71,1.0597,4.61E+01,1.16,0.0162,2845,15425.08,15.9,6514,4.09,1.585,12.892
CANDIDATE,9.4588054,0.365,3.66,2.70E+02,1.78,0.091,943,187.04,8.6,6247,4.433,1.066,15.812
FALSE POSITIVE,25.9534494,0.6188,6.001,5.29E+02,2.06,0.1703,554,22.3,10.5,5591,4.559,0.86,15.79
FALSE POSITIVE,3.49550335,0.0843,3.799,6.09E+01,0.66,0.0441,1081,322.8,9.6,5582,4.551,0.85,14.248
FALSE POSITIVE,25.95193721,0.51,15.9897,3.99E+05,123.34,0.1778,904,157.59,915.3,6569,4.008,1.729,9.277
CANDIDATE,71.008017,0.1788,5.395,1.70E+02,1.11,0.3221,419,7.27,6.6,5847,4.526,0.849,14.603
FALSE POSITIVE,31.02431043,1.009,7.63621,9.65E+04,93.29,0.1996,783,88.89,4403.8,6011,3.998,1.741,12.512
FALSE POSITIVE,0.634131057,0.0891,2.851,2.71E+01,0.58,0.0144,2488,9062.53,11.7,6428,4.345,1.109,12.939
CANDIDATE,2.90805147,0.771,2.812,1.03E+02,0.97,0.0394,1220,523.63,8.3,5889,4.543,0.869,14.557
FALSE POSITIVE,1.992098705,1.069,4.03833,6.94E+04,45.85,0.0308,1435,1006.31,1186,6024,4.523,0.9,14.985
FALSE POSITIVE,1.78752921,0.064,5.315,6.29E+01,5.86,0.0377,3868,52997.01,16,6286,3.056,7.342,11.8
FALSE POSITIVE,1.77555333,0.9299,14.41,8.35E+01,1.26,0.0302,1786,2402.56,14.1,6594,4.39,1.138,13.335
FALSE POSITIVE,5.462689263,1.298,3.2605,4.18E+03,36.25,0.0579,1024,260.14,82.6,5929,4.479,0.888,13.266
FALSE POSITIVE,3.58966681,1.209,18.534,4.21E+02,95.86,0.0554,2410,7969.78,102.3,6564,3.515,3.837,13.391
FALSE POSITIVE,1.37347867,0.9848,12.62,2.90E+02,4.25,0.0257,2505,9313.26,27.2,6877,4.028,1.753,12.821
FALSE POSITIVE,1.00960235,0.992,7.847,3.19E+01,1.94,0.0205,2885,16358.66,12.5,6028,3.724,2.412,13.572
FALSE POSITIVE,1.060996585,1.141,2.6494,4.11E+04,64.99,0.02,1968,3542.31,339.5,5433,4.154,1.348,14.34
FALSE POSITIVE,2.735152701,0.955,0.1046,2.83E+02,3.27,0.0422,1679,1875.08,4.7,6333,4.198,1.523,13.911
FALSE POSITIVE,9.459993213,0.743,5.3012,2.38E+05,51.89,0.0853,766,81.31,3164.4,5569,4.566,0.829,12.989
FALSE POSITIVE,1.208524388,1.259,1.8478,4.76E+03,26.71,0.0203,1286,647.48,181.3,4963,4.63,0.701,15.349
FALSE POSITIVE,3.79187443,0.798,3.5521,2.31E+05,47.49,0.0441,1004,240.31,1111.9,5622,4.619,0.723,13.764
FALSE POSITIVE,17.84432316,0.757,5.07999,2.22E+05,90.67,0.1357,874,138.25,4456.6,5993,4.114,1.485,13.745
FALSE POSITIVE,34.6506368,0.973,10.287,5.03E+02,12.35,0.2561,1191,476.15,21.6,6681,3.465,4.185,12.954
CANDIDATE,2.56271232,0.346,2.163,2.94E+01,0.48,0.0344,1171,443.49,8.2,5190,4.446,0.899,13.273
FALSE POSITIVE,12.64330354,0.739,5.48853,2.37E+05,34.94,0.0883,443,9.07,2907.6,3977,4.697,0.562,15.701
FALSE POSITIVE,1.36293943,1.13,10.32,5.44E+01,31.28,0.0276,2630,11346.02,15.8,6831,3.971,2.106,13.658
FALSE POSITIVE,185.103836,0.019,4.19,5.81E+02,14.63,0.6719,670,47.72,10.9,4992,2.921,6.226,13.623
FALSE POSITIVE,1.267693801,0.589,3.57993,3.34E+05,64.84,0.0215,1606,1572.85,713.8,5446,4.388,0.961,13.62
CANDIDATE,15.08186,0.7171,4.004,8.16E+01,0.98,0.115,758,78.11,7.1,5794,4.377,1.012,14.45
CANDIDATE,2.44693823,0.611,0.954,2.64E+01,0.56,0.0358,1379,855.53,9,5821,4.419,1.033,12.16
FALSE POSITIVE,7.002865192,0.358,5.90232,3.50E+05,75.09,0.0767,1197,486.09,8168.6,6818,4.357,1.216,13.934
CANDIDATE,13.05609,0.097,3.498,1.71E+02,1.3,0.1078,814,103.85,10.8,6078,4.434,0.994,15.154
FALSE POSITIVE,0.85450941,0.4204,3.723,1.37E+01,0.35,0.0169,1928,3269.09,9,5922,4.454,0.921,12.812
FALSE POSITIVE,30.13013,0.631,13.4919,2.81E+05,83.75,0.2058,753,76.07,2583.7,6674,4.286,1.347,13.076
FALSE POSITIVE,7.0435762,,15.76,,,,,567.89,,,,,12.484
FALSE POSITIVE,9.12208711,1.104,4.62417,5.88E+04,52.66,0.0849,904,157.73,1599.1,5857,4.396,1.039,13.666
FALSE POSITIVE,366.71923,0.592,9.8,2.46E+02,3.35,1.0767,383,5.09,9.8,6295,3.907,2.049,13.302
FALSE POSITIVE,6.373454978,1.284,3.9377,6.08E+03,51.6,0.0633,1169,441.1,258.1,5953,4.161,1.254,13.583
FALSE POSITIVE,1.075577069,0.886,4.11779,1.41E+05,69.11,0.0203,2094,4551.51,1589.6,6011,4.217,1.267,13.893
FALSE POSITIVE,0.811390968,0.345,1.0114,1.40E+02,14.74,0.0238,5043,153237.23,19.2,4994,2.682,12.487,11.817
FALSE POSITIVE,14.6494599,0.175,2.883,2.21E+02,1,0.1023,574,25.65,7.4,5017,4.585,0.688,15.376
FALSE POSITIVE,321.00742,0.6639,13.01,3.07E+02,3.7,0.8746,351,3.59,11.1,5258,3.771,2.004,13.636
FALSE POSITIVE,27.81892382,0.606,8.3777,2.38E+05,50,0.1795,610,32.75,156.8,6126,4.513,0.915,15.325
FALSE POSITIVE,8.467706136,1.054,4.05376,7.73E+04,43.98,0.0794,844,120.02,976,5873,4.554,0.843,14.408
FALSE POSITIVE,24.70361995,0.206,6.9719,2.18E+05,30.13,0.1484,464,10.99,268.7,5030,4.665,0.65,15.517
FALSE POSITIVE,5.1348689,1.137,48.69,1.16E+02,16.17,0.0548,1040,276.25,36.1,5515,4.357,1.001,14.49
FALSE POSITIVE,5.251918489,0.317,5.59653,2.96E+05,51.51,0.0591,1060,299.43,6979.7,6099,4.511,0.919,14.912
FALSE POSITIVE,3.62944008,0.253,5.94104,1.30E+05,40.08,0.046,1351,787.91,5131.4,6284,4.355,1.093,12.789
FALSE POSITIVE,43.26330502,0.555,10.0915,3.59E+05,62.75,0.2212,505,15.38,2415.6,5623,4.4,0.917,14.977
FALSE POSITIVE,6.042029838,0.689,8.0666,1.33E+05,23.94,0.0544,729,66.7,312.5,5030,4.67,0.587,13.373
FALSE POSITIVE,2.892087553,1.062,3.16757,7.16E+04,47.55,0.0379,1225,531.42,563.9,5622,4.443,0.924,15.599
FALSE POSITIVE,5.40597608,0.013,2.79,4.61E+02,31.78,0.0882,2818,14885.1,23.5,4840,2.56,15.355,12.504
CANDIDATE,3.64049242,0.181,1.194,4.21E+01,0.61,0.0466,1136,393.32,9.5,5745,4.503,0.936,12.646
FALSE POSITIVE,0.510804497,0.81,2.539,4.27E+01,1.58,0.014,3622,40925.32,15.4,6596,3.913,2.176,11.513
FALSE POSITIVE,0.645850521,0.476,1.2082,5.49E+01,0.69,0.0136,1941,3366.81,16.8,5381,4.426,0.911,14.107
FALSE POSITIVE,18.84497113,0.895,4.9442,4.14E+03,5.35,0.1211,552,21.89,79.8,5220,4.578,0.695,15.695
CANDIDATE,5.1581317,0.032,7.773,3.79E+01,2.02,0.0643,1642,1720.62,13,5155,3.511,3.355,13.031
FALSE POSITIVE,14.75947767,0.56,9.7746,3.57E+05,76.06,0.123,862,130.69,3813.5,6522,4.407,1.105,13.822
FALSE POSITIVE,10.47625827,0.318,7.77203,1.20E+05,54.13,0.0961,1077,318.44,8251.5,6109,4.097,1.536,12.421
FALSE POSITIVE,1.588298157,0.855,4.37027,1.65E+05,120,0.0318,2773,13941.82,1071.6,7742,4.024,2.094,12.186
FALSE POSITIVE,1.58826263,0.021,2.655,7.89E+01,0.47,0.022,862,130.67,8.5,3931,4.717,0.544,15.455
FALSE POSITIVE,3.909314318,0.776,5.36124,9.71E+04,42.54,0.0493,1364,819.78,1587.6,6425,4.341,1.143,14.618
FALSE POSITIVE,1.38385822,,1,,,,,234049.39,,,,,14.367
FALSE POSITIVE,0.79708975,0.53,3.301,1.93E+01,0.54,0.0167,2262,6174.2,9.8,6056,4.271,1.196,13.391
CANDIDATE,25.9136674,0.982,10.498,1.10E+02,3.37,0.1861,966,205.72,16.1,6167,3.804,2.346,12.556
FALSE POSITIVE,8.5412411,0.793,3.654,2.99E+02,1.4,0.0761,767,81.55,10.7,5602,4.614,0.732,15.661
FALSE POSITIVE,1.013922622,1.178,1.6393,3.50E+04,31.98,0.017,1392,883.9,79.8,5110,4.618,0.647,15.856
FALSE POSITIVE,17.91874306,0.252,4.36387,1.18E+05,56.94,0.1232,942,186,4696.8,5870,3.903,1.63,13.776
FALSE POSITIVE,2.287515702,0.346,10.0879,3.59E+05,86.76,0.0383,1801,2484.21,3017.9,6773,4.306,1.391,13.99
FALSE POSITIVE,659.2907,0.982,22.106,3.38E+02,4.66,1.6519,322,2.53,27,6917,4.05,1.837,10.629
FALSE POSITIVE,24.84708721,0.52,7.28274,3.18E+05,52.38,0.1636,569,24.75,6707.7,5644,4.55,0.854,14.608
FALSE POSITIVE,0.85574731,,2.01,,,,,,,,,,15.482
FALSE POSITIVE,20.86785566,1.045,5.73122,8.26E+04,53.53,0.1433,716,62.09,2768.6,6095,4.378,1.016,14.492
FALSE POSITIVE,3.401949837,0.958,16.5797,2.48E+03,14.32,0.0493,2076,4391.35,304,7094,3.905,2.17,12.471
CANDIDATE,6.96197304,0.103,2.806,1.51E+02,0.97,0.0656,778,86.68,8.8,5008,4.506,0.814,15.352
CANDIDATE,7.8935324,0.303,3.444,4.76E+01,0.78,0.0775,1052,289.79,8.3,6306,4.346,1.109,13.954
FALSE POSITIVE,2.252822538,0.621,3.41062,2.70E+05,57.6,0.0324,1462,1078.82,1575.9,6116,4.431,0.951,13.387
FALSE POSITIVE,2.25284817,1.043,3.069,6.00E+01,8.61,0.0371,1940,3351.24,8.8,6850,4.196,1.53,13.178
CANDIDATE,1.320499473,0.15,1.184,2.04E+02,18.94,0.0349,4477,95168.65,12,5172,2.693,13.454,11.466
FALSE POSITIVE,5.39525573,1,7.8377,1.04E+05,152.74,0.0716,1992,3721.55,175.7,7216,3.768,2.804,10.143
CANDIDATE,13.1538409,0.39,11.56,1.05E+02,1.03,0.1033,750,74.8,10.6,5443,4.36,1.008,15.007
FALSE POSITIVE,0.939740093,0.5488,3.682,1.07E+02,34.87,0.0232,7200,635197.09,14.3,4297,1.663,33.474,10.147
CANDIDATE,36.0484798,0.294,5.763,1.28E+02,1.24,0.2096,566,24.28,8.5,5602,4.33,1.1,14.743
CANDIDATE,4.2742605,0.089,2.687,2.64E+02,1.88,0.0533,1326,730.69,11.4,6477,4.361,1.148,14.496
FALSE POSITIVE,265.299451,0.88,4.563,4.95E+03,7.1,0.7968,270,1.25,34.3,5873,4.547,0.863,15.518
FALSE POSITIVE,265.310499,0.913,4.013,1.53E+03,4.69,0.8276,296,1.81,11.6,6108,4.471,0.997,15.279
FALSE POSITIVE,35.4261827,1.004,4.393,3.18E+02,153.72,0.2599,2217,5712.61,7.1,4289,1.603,35.695,11.925
FALSE POSITIVE,8.460438928,1.061,4.73492,7.64E+04,36.62,0.0749,804,98.6,1797.4,5951,4.638,0.702,14.813
CANDIDATE,27.556452,0.1438,8.23,2.89E+02,1.4,0.1748,531,18.86,6.7,5509,4.565,0.836,15.979
FALSE POSITIVE,4.318726936,0.867,2.67349,5.94E+04,29.74,0.0521,1091,334.31,394.4,5896,4.518,0.916,15.69
FALSE POSITIVE,3.22598684,,1.67,,,,,,,,,,13.43
FALSE POSITIVE,76.45315813,1.26,5.1822,9.66E+03,22.89,0.2889,291,1.7,151.8,4831,4.713,0.54,15.312
FALSE POSITIVE,7.698431197,1.149,5.43677,4.25E+04,42.72,0.0738,878,140.16,942.6,5774,4.508,0.876,15.451
FALSE POSITIVE,0.504296702,1.2942,1.4145,6.00E+03,50.41,0.012,2694,12445.73,231.8,6140,4.243,1.187,13.318
FALSE POSITIVE,5.194256813,0.378,7.25775,3.89E+04,41.77,0.0632,1546,1349.96,2390.4,6100,3.895,2.086,12.739
FALSE POSITIVE,61.42252657,0.574,3.76585,3.38E+05,41.01,0.2663,326,2.66,850.4,4867,4.687,0.613,14.951
CANDIDATE,566.28176,0.2065,20.39,1.20E+03,2.79,1.2853,203,0.4,8.9,5829,4.575,0.802,15.992
FALSE POSITIVE,9.761172507,0.343,11.4007,2.06E+05,95.58,0.0949,1325,729.48,3150.9,6468,3.893,2.048,13.773
FALSE POSITIVE,1.36513839,,1.86,,,,,,,,,,13.911
FALSE POSITIVE,1.061008464,0.477,2.8029,4.09E+05,32.58,0.0158,1002,238.59,997.7,4239,4.793,0.454,13.349
FALSE POSITIVE,1.36840167,,4.58,,,,,,,,,,12.103
FALSE POSITIVE,5.8957069,1.3087,56.84,1.30E+02,32.41,0.0642,1002,238.37,24.1,5956,4.504,0.934,14.087
FALSE POSITIVE,1.67473779,,5.67,,,,,16598.34,,,,,11.48
FALSE POSITIVE,1.039370613,0.976,1.0713,7.44E+02,12.6,0.0229,3320,28690.6,182.9,6429,3.615,3.137,13.028
FALSE POSITIVE,2.31169425,0.628,8.689,3.84E+01,1.76,0.0461,3178,24113.62,16,9451,3.97,2.679,13.234
FALSE POSITIVE,2.072177815,0.641,4.54864,2.94E+05,46.55,0.0294,1204,495.23,590.7,5519,4.621,0.718,15.08
FALSE POSITIVE,3.34328534,1.21,27.29,1.67E+02,64,0.0504,2094,4535.97,79.5,6541,3.773,2.652,13.276
CANDIDATE,0.52740121,0.4309,4.807,1.32E+03,1.49,0.0097,1027,263.23,31.1,3582,4.847,0.41,14.353
FALSE POSITIVE,0.905678252,0.357,1.249,7.04E+01,0.78,0.0181,1901,3074.42,11.1,6075,4.501,0.909,14.92
FALSE POSITIVE,0.905672916,0.033,1,1.10E+02,0.76,0.0164,1468,1096.04,12.1,4949,4.552,0.741,15.283
FALSE POSITIVE,0.790046373,0.65,4.9939,1.49E+05,56.93,0.0186,2541,9873.85,174.5,6785,4.321,1.342,14.838
FALSE POSITIVE,1.804591904,0.879,3.85009,1.37E+05,80.87,0.0314,1923,3221.97,1666.6,6271,4.178,1.515,13.877
CANDIDATE,1.400903699,0.196,0.883,1.37E+02,1.16,0.0248,1764,2284.73,9.8,6375,4.474,0.975,15.514
FALSE POSITIVE,1.14073528,0.768,2.394,1.35E+01,0.68,0.0252,3190,24512.67,7.8,8847,4.2,1.685,12.5
FALSE POSITIVE,3.31976683,0.713,4.523,4.80E+01,0.7,0.0418,1276,626.66,8.5,6100,4.438,0.94,14.644
FALSE POSITIVE,0.52880817,0.432,2.2865,5.77E+01,1.84,0.0141,3558,37880.12,38.8,6224,3.815,2.368,13.274
FALSE POSITIVE,0.700606479,0.37,0.993,2.35E+01,1.22,0.0171,3312,28551.69,9,6280,3.795,2.449,12.609
FALSE POSITIVE,9.469191607,0.627,9.55999,6.35E+04,49.17,0.1131,1679,1875.84,4419.3,9454,4.244,1.832,13.292
FALSE POSITIVE,15.53753378,0.425,5.8262,2.09E+05,40.9,0.1142,694,54.73,2807.8,5704,4.476,0.868,14.875
CANDIDATE,17.3816224,0.666,2.73456,5.91E+04,26.55,0.13,756,77.09,1149.7,6116,4.407,1.02,15.567
FALSE POSITIVE,2.172042913,0.881,8.0331,1.54E+05,100.79,0.0373,2169,5231.88,583.6,7128,4.105,1.775,13.908
CANDIDATE,28.655498,0.079,8.58,1.74E+02,1.45,0.1941,658,44.37,10.1,6268,4.429,1.1,15.426
CANDIDATE,13.4450174,0.531,2.118,1.96E+02,1.08,0.1006,606,31.92,8.3,5003,4.553,0.759,15.256
FALSE POSITIVE,6.35216475,0.196,3.251,1.86E+02,18.1,0.0848,2698,12523.45,10.9,4820,2.471,13.654,11.673
FALSE POSITIVE,0.705174384,13.5485,1.11196,3.75E+05,366.76,0.0097,751,75.23,222.8,3354,5.031,0.25,15.815
FALSE POSITIVE,38.05814006,0.63,8.82403,3.09E+05,94.1,0.2422,736,69.39,3602,6894,4.25,1.419,12.178
CANDIDATE,26.1556767,0.166,1.542,2.95E+02,1.28,0.1594,501,14.92,7,5204,4.573,0.76,15.425
FALSE POSITIVE,4.800232532,0.669,3.57105,2.77E+05,48.67,0.052,941,184.84,893.6,5591,4.59,0.756,15.431
FALSE POSITIVE,1.74336627,1.855,10.405,4.51E+02,140.49,0.0308,2029,4006.15,20.8,6640,4.208,1.478,13.142
CANDIDATE,4.60687717,0.341,2.295,2.59E+02,1.14,0.0482,865,132.78,7.5,5110,4.582,0.711,15.93
FALSE POSITIVE,1.507100589,0.336,5.8097,4.98E+05,131.16,0.0288,2378,7555.78,711.8,6919,4.099,1.748,14.15
FALSE POSITIVE,0.758355704,0.846,4.4135,9.57E+03,8.78,0.0155,1765,2292.94,153.3,5629,4.586,0.783,15.617
FALSE POSITIVE,0.77258608,,2.7,,,,,,,,,,15.214
FALSE POSITIVE,0.898837525,0.496,3.5342,4.00E+05,57.14,0.0168,1615,1609.86,445.6,5284,4.518,0.807,15.3
FALSE POSITIVE,11.9311316,1.037,5.56983,3.01E+05,93.46,0.1003,831,112.47,5606.7,6089,4.449,0.959,14.378
FALSE POSITIVE,11.93137992,0.412,3.639,1.22E+02,0.56,0.0819,415,7,14.7,3787,4.742,0.505,14.003
FALSE POSITIVE,27.5338034,0.908,3.96227,4.82E+04,50.02,0.1825,777,85.95,5446.9,5925,4.052,1.611,12.921
FALSE POSITIVE,12.4964346,1.17,84.32,2.72E+02,55.34,0.1267,1397,899.44,141.5,6821,3.805,2.73,13.054
FALSE POSITIVE,1.352576807,0.616,5.49531,3.17E+05,161.02,0.027,2866,15932.27,1365.1,6881,3.831,2.406,13.106
CANDIDATE,502.20642,0.9802,9.39,4.48E+02,2.18,1.1522,212,0.48,7.1,6018,4.615,0.733,14.948
CANDIDATE,8.3613732,0.067,3.649,1.05E+02,0.79,0.072,793,93.31,9.5,5470,4.509,0.777,15.122
FALSE POSITIVE,13.25413407,1.051,4.34991,4.50E+04,58.51,0.1086,990,227.51,2281,6175,4.111,1.436,13.876
CANDIDATE,10.5113779,0.198,4.74,2.99E+01,0.72,0.0992,1052,289.46,8.8,6575,4.278,1.305,12.931
FALSE POSITIVE,1.922009494,1.312,3.101,6.55E+03,48.61,0.0287,1596,1534.66,284.4,5880,4.296,1.087,14.738
FALSE POSITIVE,10.18657875,0.677,10.6304,3.41E+05,67.45,0.0875,793,93.53,5867.8,5557,4.448,0.916,14.846
FALSE POSITIVE,32.00381564,1.226,4.31197,1.71E+04,180.25,0.237,960,201.25,711.4,5260,3.459,4.062,13.396
FALSE POSITIVE,1.250390814,0.73,3.7184,2.31E+05,101.37,0.0229,2367,7420.89,2046.8,6297,4.006,1.663,12.64
CANDIDATE,1.58487898,0.417,1.791,4.29E+01,0.37,0.0218,943,187.91,9.3,4201,4.675,0.566,13.742
FALSE POSITIVE,9.2742685,,13.39,,,,,134.36,,,,,12.997
FALSE POSITIVE,5.748815953,1.172,1.9216,1.17E+04,26.94,0.0565,799,96.29,43.3,4961,4.545,0.753,15.311
FALSE POSITIVE,0.517573708,1.021,2.23102,8.72E+04,37.02,0.0116,1863,2827.01,740.2,5427,4.633,0.7,15.777
CANDIDATE,20.9525604,0.74,3.986,2.33E+02,1.19,0.1364,495,14.2,9.8,4885,4.61,0.72,15.645
FALSE POSITIVE,24.70932686,0.928,5.0698,2.93E+04,25.1,0.1672,662,45.33,284.7,6065,4.427,1.023,13.737
FALSE POSITIVE,13.68369259,0.089,4.22504,1.86E+05,30.6,0.0982,635,38.37,3641.6,5359,4.566,0.708,11.544
FALSE POSITIVE,9.726748645,1.883,19.4093,3.93E+05,277.38,0.0869,997,233.38,4414.3,5618,4.107,1.406,13.04
CANDIDATE,3.72920972,0.5232,5.012,1.44E+01,0.8,0.0525,1713,2035.92,9.6,6215,3.955,2.05,9.976
FALSE POSITIVE,0.691561191,1.0183,5.23,1.90E+03,5.91,0.0128,1460,1074.31,3.4,4892,4.669,0.586,14.353
FALSE POSITIVE,1.35337091,0.579,2.2396,1.05E+05,26.69,0.0215,1444,1031.53,303,5426,4.511,0.784,14.956
FALSE POSITIVE,1.854491777,0.285,5.14771,3.83E+05,63.08,0.0288,1511,1232.64,1070.6,5843,4.413,0.99,13.344
FALSE POSITIVE,4.737713268,0.8,6.384,1.05E+05,29.25,0.0511,882,143.54,476.7,5335,4.624,0.719,14.176
CANDIDATE,5.704593,0.285,1.149,1.30E+02,0.95,0.061,900,154.92,8.5,5523,4.566,0.832,14.572
CANDIDATE,1.36752316,0.299,1.208,6.10E+01,0.82,0.0245,1684,1899.59,11.7,5836,4.417,1.048,13.861
FALSE POSITIVE,2.49777454,0.778,5.241,7.87E+01,2.14,0.0425,2264,6214.34,51.1,7117,3.964,2.211,12.321
CANDIDATE,1.9997244,0.37,1.976,8.51E+01,0.84,0.031,1385,870.41,8.9,5838,4.529,0.897,15.512
FALSE POSITIVE,1.51264208,1.192,1.871,2.38E+04,36.72,0.0237,1357,801,262.6,5258,4.508,0.811,15.724
FALSE POSITIVE,323.2575,0.034,17.26,2.87E+02,2.01,0.9366,293,1.73,20,5866,4.301,1.198,13.011
FALSE POSITIVE,0.984971822,1.274,1.64247,6.68E+03,56.1,0.0205,2321,6852.37,279.1,6437,4.237,1.369,13.548
FALSE POSITIVE,567.71329,0.4247,12.85,2.59E+02,3.28,1.4346,325,2.64,6.6,6248,3.924,1.996,13.24
FALSE POSITIVE,9.31392071,0.1287,0.971,1.64E+02,1.25,0.0882,884,144.19,6.6,6032,4.485,0.973,14.574
CANDIDATE,14.137062,0.2133,2.264,3.93E+02,1.37,0.101,568,24.62,7.5,4861,4.574,0.709,15.729
FALSE POSITIVE,2.32539968,1.004,16.791,2.88E+02,9.76,0.0421,2501,9234.82,79.9,7046,3.831,2.724,11.661
FALSE POSITIVE,0.764597756,0.345,1.119,1.66E+01,0.72,0.0177,2708,12721.72,12,6218,4.066,1.726,11.215
CANDIDATE,4.78113942,0.118,2.733,1.06E+02,1.14,0.0548,1130,386.46,9.6,5683,4.326,1.115,14.595
CANDIDATE,7.18864064,0.424,2.364,1.34E+02,1.3,0.072,987,223.87,9.3,5683,4.326,1.115,14.595
FALSE POSITIVE,4.101595158,0.394,6.10362,3.67E+05,51.08,0.0468,1028,264.23,3809.8,5610,4.533,0.808,14.162
FALSE POSITIVE,2.43574046,0.997,22.25,6.22E+03,24.62,0.0411,2102,4614.94,74.6,7239,4.129,1.781,14.141
FALSE POSITIVE,2.756536015,1.239,1.5908,3.59E+03,57.46,0.0393,1580,1472.73,100.1,5496,4.02,1.669,13.485
FALSE POSITIVE,13.99585365,2.095,5.0308,1.97E+04,368.42,0.1157,1202,493.55,118.1,5638,3.597,2.703,12.12
FALSE POSITIVE,4.320850062,1.087,4.26661,7.59E+04,59.16,0.0526,1221,524.62,1691.5,6098,4.384,1.083,13.928
FALSE POSITIVE,8.6532378,0.359,2.974,1.26E+02,0.96,0.0816,793,93.75,9,5561,4.561,0.854,14.815
FALSE POSITIVE,5.197420145,1.025,6.78534,9.13E+04,81.49,0.0579,1416,949.86,4262.1,6248,4.05,1.528,13.961
FALSE POSITIVE,2.183517999,1.214,4.2703,1.32E+03,4633.66,0.0338,9791,2169685.72,147.7,3198,0.047,162.725,11.296
FALSE POSITIVE,383.61248,0.4658,12.263,6.19E+02,2.3,1.0294,248,0.9,10.2,6011,4.522,0.902,14.481
FALSE POSITIVE,1.945914237,1.273,2.8712,9.88E+03,35.94,0.0286,1417,955.56,299.2,5967,4.516,0.83,15.439
CANDIDATE,27.122801,0.3462,5.255,2.35E+02,1.46,0.1802,594,29.38,8.1,5878,4.512,0.945,15.747
FALSE POSITIVE,2.500560859,0.104,7.5902,2.04E+01,0.48,0.0369,1486,1149.55,4.5,6305,4.422,1.052,15.039
CANDIDATE,5.62241111,0.4026,1.185,4.64E+02,1.17,0.0507,561,23.43,8.5,3894,4.71,0.541,15.627
FALSE POSITIVE,1.25625738,0.8208,9.726,1.52E+01,1.32,0.0269,3507,35745.58,50.1,7450,3.68,3.063,11.857
FALSE POSITIVE,21.14245855,0.971,5.17846,7.40E+04,41.68,0.1506,672,48.12,3830.9,6079,4.495,0.945,14.083
CANDIDATE,11.2901559,0.6285,10.475,1.64E+02,0.88,0.0849,617,34.17,8.6,5025,4.609,0.657,15.929
CANDIDATE,28.24753303,,13.2,,,,,,,,,,15.929
FALSE POSITIVE,0.99519559,0.0372,2.293,1.37E+01,0.29,0.0175,1624,1642.44,7.4,5506,4.512,0.782,10.291
FALSE POSITIVE,25.15078845,1.025,7.72717,3.76E+04,39.12,0.1649,686,52.23,1504.9,6015,4.329,1.101,15.048
FALSE POSITIVE,7.21636091,0.017,2.218,3.85E+02,18.03,0.1013,2146,5009.17,37.2,5029,2.909,9.476,10.916
CANDIDATE,7.1356633,0.735,1.789,2.56E+02,1.38,0.0663,751,75.39,9.8,4926,4.522,0.793,15.125
FALSE POSITIVE,12.59165638,0.629,5.53385,3.03E+05,49.21,0.0999,642,40.23,3990.5,5293,4.604,0.756,14.832
FALSE POSITIVE,1.044408447,0.1512,3.633,4.62E+01,1.17,0.0232,2745,13421.48,15.1,7274,4.161,1.698,11.865
FALSE POSITIVE,0.97705114,0.603,2.33,2.01E+01,0.77,0.0216,2501,9261.1,7.4,6527,4.162,1.631,13.566
FALSE POSITIVE,5.407157086,1.062,5.8919,7.47E+04,125.96,0.0699,1984,3667.86,2882,7617,3.856,2.439,11.3
FALSE POSITIVE,30.97176647,0.763,8.31171,2.29E+05,51.72,0.1869,523,17.73,3245.9,5633,4.558,0.829,15.596
FALSE POSITIVE,5.06318803,3.4,13.8913,6.63E+05,302.18,0.0513,908,160.52,1602.7,5375,4.531,0.752,15.001
FALSE POSITIVE,10.88242209,0.788,5.51934,2.07E+05,63.14,0.0978,894,150.98,4284.2,6200,4.422,1.045,12.068
FALSE POSITIVE,1.926366998,0.498,3.98088,4.00E+05,53.63,0.0273,1204,497.84,1093.2,5176,4.542,0.76,15.138
FALSE POSITIVE,2.325185422,1.247,7.2871,2.69E+02,81.88,0.0495,3738,46102.7,256.3,11076,3.989,2.896,10.052
CANDIDATE,14.5909249,0.3084,1.591,1.47E+02,0.93,0.1048,622,35.34,6.3,5214,4.527,0.766,14.953
FALSE POSITIVE,40.87784199,0.71,9.88456,2.56E+05,164.06,0.2786,915,166.06,5260.3,6807,3.848,2.59,11.663
CANDIDATE,11.8496351,0.607,3.319,1.84E+02,1.31,0.1023,802,97.71,9.6,6032,4.508,0.929,15.472
FALSE POSITIVE,36.75892725,0.298,15.5723,2.62E+05,51.31,0.2134,575,25.82,4263.6,6085,4.438,0.979,13.676
FALSE POSITIVE,0.536869783,0.5604,4.164,2.22E+02,1.81,0.0137,2645,11576.28,27.8,6495,4.379,1.168,14.801
CANDIDATE,455.62395,0.335,13.07,1.11E+03,3,1.153,228,0.64,14,5883,4.53,0.892,15.975
FALSE POSITIVE,0.843400322,0.489,1.7606,4.37E+01,0.65,0.0177,1941,3371.24,23.8,5982,4.493,0.96,13.018
FALSE POSITIVE,17.04215521,0.455,7.80412,5.52E+04,24.93,0.1338,760,78.98,2046.2,6197,4.449,1.035,15.252
FALSE POSITIVE,0.874236216,0.2375,2.352,5.84E+01,3.46,0.0265,6177,344046.45,11.1,10894,3.667,4.378,13.752
CANDIDATE,1.75173647,0.6637,5.122,6.84E+01,3.86,0.0421,4900,136315.31,10.2,10894,3.667,4.378,13.752
FALSE POSITIVE,0.60886299,1.294,1.27896,2.02E+03,158.5,0.0153,3651,42225.89,457.8,5022,3.311,4.167,13.886
FALSE POSITIVE,4.43529675,0.353,2.117,1.82E+02,1.15,0.0499,1026,261.33,9.6,5659,4.511,0.842,15.738
FALSE POSITIVE,0.88512187,0.766,3.349,1.36E+02,1.05,0.0168,1659,1797.86,9.9,5392,4.521,0.819,15.871
FALSE POSITIVE,1.734221252,0.553,2.4577,2.90E+05,42.06,0.025,1114,363.79,542.2,4765,4.584,0.702,15.726
FALSE POSITIVE,5.776764285,0.88,6.99715,1.54E+05,117.51,0.0665,1542,1336.82,3033.4,6263,3.875,2.072,13.356
FALSE POSITIVE,1.26227317,1.247,3.30141,7.34E+03,369.2,0.0308,3790,48665.04,1159.9,4927,2.882,9.356,11.516
FALSE POSITIVE,0.76757669,0.821,2.04757,1.58E+05,34.23,0.014,1530,1294.42,431.3,5182,4.635,0.627,14.952
FALSE POSITIVE,5.860377067,0.526,10.4634,3.62E+05,78.14,0.0624,1191,475.44,3044.1,6267,4.284,1.158,13.955
FALSE POSITIVE,5.801881299,0.81,4.21133,3.45E+04,62.9,0.0771,2001,3784.87,3642,7259,3.739,3.009,12.368
FALSE POSITIVE,4.00770453,0.835,5.50884,1.69E+05,92.08,0.0564,1699,1969.22,1753.5,7162,4.185,1.631,13.251
FALSE POSITIVE,6.099032889,0.891,4.82208,5.54E+04,36.68,0.0641,1183,462.81,2884,6356,4.297,1.141,13.745
FALSE POSITIVE,0.652956712,0.26,0.627,5.00E+01,0.76,0.0151,2146,4984.96,12.7,5812,4.419,1.055,13.506
FALSE POSITIVE,13.69179001,0.269,5.64674,9.76E+04,49.2,0.1213,994,230.66,8326.3,6295,4.158,1.554,13.275
FALSE POSITIVE,21.57050843,0.388,13.8604,1.34E+05,63.68,0.1543,923,171.91,8616.1,6322,4.003,1.692,12.462
CANDIDATE,407.14656,0.7466,23.26,8.23E+01,1.18,1.0765,272,1.29,8.2,5845,4.282,1.198,13.31
CANDIDATE,487.83894,0.1252,32.77,4.53E+02,3.94,1.2051,298,1.88,8.8,5421,3.882,1.877,13.728
FALSE POSITIVE,14.19984009,0.772,5.98531,2.15E+05,85.76,0.115,907,159.99,1408.6,5864,4.139,1.414,13.135
CANDIDATE,6.853888,0.469,2.561,6.54E+02,1.74,0.0625,613,33.32,8.2,4199,4.609,0.684,16.538
FALSE POSITIVE,2.136834989,0.559,4.34882,3.46E+05,66.59,0.0318,1415,948.25,644.7,5753,4.42,0.989,14.902
FALSE POSITIVE,2.51690133,0.093,2.521,5.96E+01,0.97,0.0357,1430,986.6,10,5403,4.201,1.284,14.587
CANDIDATE,7.34672485,0.2525,2.136,1.43E+02,0.97,0.0722,784,89.33,10.1,5271,4.578,0.821,14.773
FALSE POSITIVE,9.296746368,1.623,6.88069,2.14E+05,400.4,0.0973,1552,1370.16,4407.8,6461,3.67,2.884,13.211
FALSE POSITIVE,18.0600782,0.328,11.5759,5.90E+04,20.71,0.1239,618,34.4,1797.6,5330,4.464,0.855,14.724
FALSE POSITIVE,18.74072534,0.203,5.19791,1.25E+05,35.61,0.1413,717,62.46,2964.7,6122,4.471,0.996,15.861
FALSE POSITIVE,0.93371313,0.133,2.971,6.60E+01,0.69,0.0185,1642,1724.34,8.9,5436,4.548,0.869,15.788
FALSE POSITIVE,0.93373716,0.793,5.015,1.45E+02,1.14,0.0174,1666,1811.1,16,5390,4.479,0.852,15.926
FALSE POSITIVE,0.933735579,0.565,3.892,3.51E+02,10.28,0.0192,3696,43890.28,27.1,5016,3.013,5.344,13.505
FALSE POSITIVE,58.28819056,0.499,21.6014,1.56E+05,42.57,0.2838,462,10.79,2927.4,5463,4.353,1.044,14.231
FALSE POSITIVE,3.989144446,0.252,20.7947,6.31E+05,60.26,0.0432,996,233.19,2055.9,5538,4.555,0.719,14.404
FALSE POSITIVE,32.77897303,0.496,19.1378,4.10E+05,69.08,0.2032,588,28.29,2126.1,6122,4.487,0.964,14.52
FALSE POSITIVE,28.48710734,1.175,3.77887,3.77E+04,116.84,0.202,963,202.98,658.2,6351,3.814,2.385,13.363
FALSE POSITIVE,8.61733907,0.825,4.05563,1.86E+05,51.79,0.0776,796,94.74,1542.6,5387,4.482,0.87,15.257
FALSE POSITIVE,2.16146908,0.41,3.643,8.48E+01,0.95,0.0326,1487,1155.45,11.8,6047,4.422,1.013,15.535
FALSE POSITIVE,10.26782676,0.277,6.02685,2.47E+05,73.59,0.0965,1136,393.02,5758.7,6664,4.176,1.44,13.691
CANDIDATE,6.933574,0.05,2.43,2.77E+02,1.3,0.0682,829,111.53,8,5510,4.584,0.793,15.804
FALSE POSITIVE,1.057335679,0.262,1.5795,4.73E+04,14.59,0.0178,1276,623.51,476,4664,4.594,0.683,15.414
FALSE POSITIVE,1.149198426,1.167,4.1603,3.77E+04,42.03,0.0203,1690,1922.43,164.2,5858,4.486,0.867,14.554
FALSE POSITIVE,2.50012775,0.9917,28.2,4.99E+01,1.66,0.0397,1977,3611.69,17.6,6923,4.12,1.664,11.27
CANDIDATE,0.673141323,0.1065,0.921,2.30E+02,1.29,0.0148,1834,2675.15,10.5,5461,4.552,0.858,15.771
CANDIDATE,8.60965352,0.213,2.218,6.32E+01,3.33,0.1006,1550,1365.41,9.9,5418,3.447,4.233,12.765
FALSE POSITIVE,1.40469182,0.597,6.26327,7.02E+05,217.25,0.0275,2263,6187.57,2651.1,6230,4.043,1.863,13.821
FALSE POSITIVE,10.30698279,0.564,11.4277,3.42E+05,81.21,0.0898,960,200.8,3691.9,5912,4.225,1.217,13.545
FALSE POSITIVE,1.109841858,0.12,8.11952,3.01E+05,177.78,0.0241,2944,17830.7,2082.6,5788,3.607,3.211,14.52
CANDIDATE,13.8911152,0.168,5.062,2.05E+02,1.12,0.1013,674,48.8,10.3,5472,4.499,0.79,15.365
FALSE POSITIVE,7.234965722,0.548,7.0245,1.65E+05,34.03,0.0699,843,119.12,671.3,5653,4.573,0.798,16.981
FALSE POSITIVE,7.45301717,0.035,3.685,5.52E+02,37.37,0.0969,2595,10730.53,18.3,4475,2.329,16.755,14.158
FALSE POSITIVE,2.442941283,1.164,4.1847,3.73E+04,48.18,0.0356,1352,788.17,229.7,5780,4.438,1,
FALSE POSITIVE,3.684337918,1.045,2.1931,7.67E+01,12.52,0.0615,2481,8964.2,31.4,9609,4.149,2.108,10.483
FALSE POSITIVE,11.2570616,0,29.059,6.90E+05,162.84,0.1078,1272,619.07,655.2,6915,4.012,1.875,12.538
FALSE POSITIVE,21.85896329,0.969,6.32492,1.17E+05,114.63,0.1645,925,172.73,2951.2,5923,3.904,2.06,13.916
FALSE POSITIVE,1.461270059,1.288,16.467,3.35E+03,26.29,0.0228,1253,583.36,131,5226,4.651,0.674,15.722
FALSE POSITIVE,9.4022333,0.019,2.79,3.16E+02,23.61,0.107,2309,6719.57,9.8,4597,2.42,13.874,10.59
CANDIDATE,6.76890076,0.15,3.616,1.23E+02,1.24,0.0696,1017,253.3,10.8,5737,4.327,1.125,14.725
FALSE POSITIVE,9.543584955,0.985,3.72007,6.82E+04,77.97,0.0817,1141,401.55,3442.2,5537,3.837,1.785,12.256
CANDIDATE,1.96134311,1.159,11.856,2.08E+02,41.53,0.0353,2167,5197.02,59.5,6221,3.935,2.198,13.749
FALSE POSITIVE,18.61195725,0.952,4.24721,1.25E+05,65.5,0.1395,829,111.83,2671.7,6492,4.32,1.17,13.528
FALSE POSITIVE,0.73240662,0.8618,4.33,3.29E+02,3.65,0.0185,3191,24515.44,15.3,7392,4.135,1.772,11.396
FALSE POSITIVE,2.954598,1.3662,24.79,3.38E+02,89.95,0.0441,2148,5028.39,18.1,6955,3.885,2.161,12.734
FALSE POSITIVE,0.562006231,0.678,3.496,1.42E+01,0.58,0.0139,2978,18708.86,12.8,6609,4.17,1.455,9.807
FALSE POSITIVE,3.21559054,1.153,16.261,2.02E+02,18.8,0.0429,1366,822.2,87.1,6300,4.414,1.036,14.128
FALSE POSITIVE,1.547426532,0.947,16.1346,5.33E+02,3.62,0.0276,1973,3587.69,210.1,6612,4.303,1.264,13.755
FALSE POSITIVE,12.8517221,1.15,5.71731,4.25E+04,47.26,0.1051,781,88.01,1537.8,5838,4.438,0.967,15.205
FALSE POSITIVE,4.2055797,0.9883,19.4,1.01E+02,1.8,0.0519,1345,773.19,71.7,6190,4.261,1.259,13.394
CANDIDATE,486.77832,0.1737,15.29,3.71E+02,9.3,1.4638,409,6.6,10.4,5039,3.295,4.95,13.892
CANDIDATE,28.2682167,0.5643,1.355,1.97E+02,1.22,0.1779,526,18.12,6,5496,4.564,0.838,14.927
FALSE POSITIVE,0.957476003,0.327,0.6624,4.51E+02,2.47,0.019,2138,4953.98,20.2,6312,4.338,1.122,13.483
FALSE POSITIVE,1.559360638,0.647,5.4458,2.80E+05,94.2,0.0284,2234,5905.62,419.9,7002,4.193,1.488,14.091
FALSE POSITIVE,0.57627248,,1.75,,,,,31519.61,,,,,13.865
CANDIDATE,1.6037058,0.729,9.067,3.28E+01,1.54,0.0322,2492,9138.09,22.4,6400,3.877,2.512,13.7
FALSE POSITIVE,2.313367981,1.247,2.42645,1.34E+04,33.55,0.0324,1180,458.02,733.6,5508,4.598,0.764,13.46
FALSE POSITIVE,76.01811375,0.788,13.4849,8.07E+04,63.58,0.3894,652,42.65,604.3,6703,4.018,1.892,13.755
FALSE POSITIVE,0.82883944,,1.83,,,,,,,,,,11.597
CANDIDATE,0.70965042,0.145,1.318,2.23E+02,1.49,0.0148,2036,4086.46,9.4,5618,4.373,1.002,15.444
FALSE POSITIVE,1.574063832,1.237,5.6357,1.12E+03,28.63,0.0253,1619,1622.84,145.3,5951,4.411,0.962,14.636
FALSE POSITIVE,2.51989935,0.4448,1.55,1.47E+02,1.04,0.0352,1217,519.13,7.7,5646,4.549,0.841,15.604
FALSE POSITIVE,3.867613816,0.553,5.36467,3.41E+05,69.23,0.047,1203,494.75,1379.1,5780,4.364,1.046,15.244
FALSE POSITIVE,0.733726452,0.291,2.309,1.15E+02,0.86,0.0152,1867,2891.64,13.8,5855,4.578,0.797,15.77
FALSE POSITIVE,36.47311505,1.003,2.91005,1.62E+05,53.1,0.2032,467,11.24,1899.1,5452,4.594,0.766,14.359
FALSE POSITIVE,4.238855579,1.031,5.2235,6.80E+04,38.01,0.0459,1044,280.82,374.8,5655,4.482,0.804,14.858
CANDIDATE,3.62657392,0.306,1.791,9.85E+01,0.79,0.0444,1014,250,10.7,5416,4.579,0.8,14.835
FALSE POSITIVE,1.17033848,0.1381,11.56,1.73E+01,0.98,0.0271,3272,27090,13.4,8027,3.997,2.314,12.331
FALSE POSITIVE,7.841066931,0.579,5.47901,3.42E+05,56.33,0.075,876,139.18,3314.7,5973,4.562,0.829,15.144
CANDIDATE,0.902403563,0.8925,1.7129,4.76E+03,6.17,0.0172,1688,1919.35,220.3,5776,4.599,0.755,14.596
CANDIDATE,8.7998722,0.344,1.153,2.70E+02,1.09,0.0729,577,26.18,7.4,4298,4.603,0.675,15.86
FALSE POSITIVE,4.292599454,0.89,4.73293,1.40E+05,64.04,0.0549,1319,715.83,1329.6,6467,4.377,1.174,15.573
CANDIDATE,6.87778029,0.08,3.199,1.24E+02,1.19,0.0735,1052,289.51,10.1,6274,4.434,1.062,15.099
FALSE POSITIVE,2.113197701,0.909,3.46341,5.73E+04,50.13,0.033,1825,2624.42,1048.1,6215,4.138,1.463,13.774
FALSE POSITIVE,11.02822674,0.351,8.275,2.78E+05,75.47,0.1004,1028,264.14,4680.2,6271,4.199,1.387,12.956
FALSE POSITIVE,70.37626987,0.944,6.4205,1.16E+05,40.43,0.3141,373,4.59,759.7,5458,4.603,0.755,15.108
CANDIDATE,12.9489256,0.0847,2.162,3.31E+02,0.94,0.0882,416,7.09,7.2,3867,4.734,0.525,15.663
FALSE POSITIVE,0.772803664,0.199,1.368,2.90E+02,1.11,0.0143,1365,826.03,8.5,4535,4.607,0.668,15.856
FALSE POSITIVE,7.549299761,0.899,2.46338,4.46E+04,18.8,0.0669,690,53.74,907.2,5085,4.679,0.634,14.608
FALSE POSITIVE,0.530972263,1.079,3.653,4.86E+01,9.32,0.0131,2373,7495,12.1,6185,4.472,0.991,15.016
FALSE POSITIVE,0.530967171,0.84,3.8102,3.78E+05,92.29,0.0128,2312,6728.14,671.9,5951,4.439,0.991,10.292
FALSE POSITIVE,1.606163631,0.901,4.92516,1.45E+05,130.46,0.0335,2943,17727.93,1662,8027,3.997,2.314,12.691
FALSE POSITIVE,42.03209608,0.519,11.6768,3.91E+05,79.17,0.2462,622,35.34,2164.4,6618,4.393,1.117,12.694
FALSE POSITIVE,0.619303759,1.013,6.6038,7.45E+01,4.71,0.016,3232,25737.02,3.5,7138,4.137,1.684,13.154
FALSE POSITIVE,22.47049437,0.86,7.39097,4.60E+04,19.12,0.1427,518,17.04,2393.2,5315,4.636,0.697,12.723
CANDIDATE,130.235324,0.075,5.678,7.50E+02,2.44,0.5041,332,2.86,9.7,5616,4.529,0.903,15.991
FALSE POSITIVE,37.48222388,1.2,4.81451,2.90E+04,114.14,0.2382,902,156.47,1262.3,6422,3.78,2.415,13.46
FALSE POSITIVE,3.71186243,0.469,1.032,5.39E+01,0.95,0.0492,1406,922.9,7,6302,4.299,1.258,13.787
FALSE POSITIVE,1.077358008,0.619,3.6713,3.11E+05,70.64,0.0208,1925,3242.53,537.4,6100,4.397,1.064,14.146
FALSE POSITIVE,3.55643514,0.146,8.529,4.58E+01,0.75,0.0436,1297,669.38,13.4,5831,4.289,1.109,13.874
FALSE POSITIVE,0.5366497,0.042,2.887,1.05E+02,0.92,0.0129,2142,4982.76,10.6,5822,4.529,0.898,15.449
FALSE POSITIVE,1.12284501,,0.95,,,,,42791.46,,,,,11.872
FALSE POSITIVE,1.480324075,0.388,3.20209,4.00E+05,47.81,0.0224,1313,701.93,1095.9,5260,4.56,0.717,13.983
FALSE POSITIVE,12.08353781,0.749,7.90317,4.31E+04,50.33,0.115,1310,696.82,3799.5,6770,3.89,2.214,12.344
CONFIRMED,10.692115,0.734,4.657,4.08E+02,2.71,0.0996,1008,244.47,9.4,6474,4.311,1.242,14.294
FALSE POSITIVE,0.934926138,0.905,3.1925,1.32E+05,58.67,0.0195,1957,3455.76,1149.3,5962,4.423,1.078,14.681
CANDIDATE,17.1677675,0.4828,2.975,3.35E+02,0.97,0.1058,370,4.43,7.4,3761,4.724,0.526,15.929
CANDIDATE,8.50207749,0.073,3.057,1.17E+02,0.75,0.0722,679,50.14,10.5,4889,4.57,0.715,14.755
FALSE POSITIVE,0.93374699,1.167,6.168,1.72E+02,103.98,0.0209,3442,33070.3,25.5,4909,3.136,5.272,13.327
FALSE POSITIVE,0.933759404,0.712,3.491,1.15E+02,0.99,0.018,1763,2289.8,18.9,5766,4.514,0.866,15.619
FALSE POSITIVE,0.93373711,0.121,3.151,1.29E+01,0.37,0.0183,2077,4422.99,11.2,6300,4.391,1.025,12.72
FALSE POSITIVE,3.0082548,,2.38,,,,,6114.15,,,,,13.907
FALSE POSITIVE,45.43324862,0.489,14.242,4.14E+05,77.25,0.247,529,18.46,1337,5731,4.359,1.08,14.774
FALSE POSITIVE,1.398890216,1.123,4.9641,6.60E+04,57.48,0.0242,1784,2389.78,204,6134,4.378,1.051,14.855
CANDIDATE,1.322475635,1.198,5.307,9.97E+02,14.03,0.0193,1097,342.59,53.9,4668,4.7,0.548,14.335
FALSE POSITIVE,12.31440232,0.506,5.8903,3.94E+05,75.21,0.1086,864,131.33,2540.6,6247,4.433,1.066,14.76
FALSE POSITIVE,0.691823991,0.3501,5.965,1.66E+02,1.23,0.0145,1878,2938.32,18,5226,4.404,0.962,15.247
FALSE POSITIVE,25.4318614,1.126,5.23771,4.66E+04,43.42,0.1603,601,30.92,785,5754,4.458,0.9,14.164
FALSE POSITIVE,3.98855869,0.1671,1.467,2.14E+02,2.4,0.0513,1447,1036.21,10.5,5791,4.057,1.646,13.035
FALSE POSITIVE,20.41305242,0.777,4.4621,9.27E+04,35.03,0.1481,668,47.14,1620.8,5941,4.487,0.963,14.874
CANDIDATE,3.773744,0.9606,15.2,8.52E+01,2.44,0.0536,2001,3791.11,5.7,7302,3.965,2.069,11.419
FALSE POSITIVE,0.527679032,0.284,1.395,8.41E+01,0.79,0.0126,2115,4714.94,14.8,5799,4.548,0.86,15.356
FALSE POSITIVE,0.527673075,0.134,1.3693,2.61E+01,0.42,0.012,1970,3535.35,2.3,5367,4.514,0.828,9.694
FALSE POSITIVE,2.44295727,1.242,4.0656,1.53E+04,44.35,0.0356,1352,788.17,85.5,5780,4.438,1,16.389
FALSE POSITIVE,3.31587688,0.688,3.152,1.86E+02,1.27,0.041,1097,342.77,11.4,5385,4.476,0.875,15.539
FALSE POSITIVE,49.78861301,0.753,7.41807,2.19E+05,32.57,0.2167,271,1.28,1566.8,3892,4.708,0.542,15.591
CANDIDATE,18.1772927,0.039,4.703,2.13E+02,1.5,0.1395,737,69.62,7.9,6158,4.455,1.026,15.324
FALSE POSITIVE,1.38607973,0.0198,8.7,6.46E+01,0.6,0.0225,1356,798.8,2.8,5261,4.562,0.768,14.132
CANDIDATE,3.09872834,0.133,1.89,2.48E+02,0.64,0.0313,579,26.6,10.1,3628,4.842,0.41,15.87
FALSE POSITIVE,0.648868342,1.172,2.82428,3.48E+04,72.32,0.0152,2882,16368.52,477,6531,4.12,1.524,11.471
FALSE POSITIVE,5.088582739,1.195,7.6066,4.49E+02,46.02,0.0674,1786,2400.3,40.3,7514,4.052,1.955,13.18
FALSE POSITIVE,1.1611022,,2.48,,,,,5175.96,,,,,15.742
FALSE POSITIVE,0.792023257,0.205,3.2604,1.77E+02,0.81,0.0142,1300,678.05,49.6,4447,4.632,0.625,14.498
FALSE POSITIVE,10.64374377,0.353,6.29783,4.37E+05,47.87,0.0827,675,49.06,3167.9,5282,4.578,0.694,14.343
FALSE POSITIVE,1.7317958,0.445,2.924,6.06E+01,1.19,0.0285,1825,2628.3,10.5,5691,4.095,1.508,15.019
FALSE POSITIVE,8.65298599,0.529,1.549,3.14E+02,1.36,0.0735,734,68.48,12.4,5210,4.538,0.749,15.415
FALSE POSITIVE,1.19563447,0.861,5.3934,8.25E+03,14.94,0.0217,1988,3686.75,105.8,5583,4.115,1.413,14.327
FALSE POSITIVE,0.550537628,0.516,1.216,7.20E+01,1.93,0.0161,4181,71798.87,4.9,8098,4.013,2.199,11.456
CANDIDATE,19.9310602,0.0766,8.48,9.79E+01,2.42,0.159,960,201.01,14.2,5500,3.775,2.491,13.37
FALSE POSITIVE,2.53470797,1.187,20.143,3.28E+02,50.25,0.0406,2117,4744.68,99.5,6440,3.874,2.254,13.92
FALSE POSITIVE,0.530799654,0.0126,3.487,3.19E+02,2.92,0.014,3102,21896.26,12.5,6534,4.128,1.622,12.328
FALSE POSITIVE,0.56818769,,2,,,,,17741.94,,,,,11.941
FALSE POSITIVE,1.0094779,,3.72,,,,,2573.87,,,,,13.965
FALSE POSITIVE,0.91057795,,2.73,,,,,,,,,,11.965
FALSE POSITIVE,1.0429419,0.922,7.22,4.12E+02,2.49,0.0202,1795,2448.03,40.9,5780,4.438,1,11.51
CANDIDATE,0.813998812,0.045,0.675,1.83E+02,1.36,0.0168,1933,3285.52,13.7,5705,4.424,0.989,15.567
FALSE POSITIVE,6.12650913,0.919,15.43,2.43E+03,9.08,0.0753,1370,832.67,3.1,6881,4.252,1.534,12.625
FALSE POSITIVE,0.720589427,0.64,4.329,7.00E+01,1.95,0.0201,3927,56448.93,1.7,8497,4.07,2.211,12.051
FALSE POSITIVE,0.573036404,0.9279,1.3176,4.17E+03,9.97,0.0136,2376,7539.67,419.6,5745,4.29,1.196,13.302
FALSE POSITIVE,0.643171495,1.214,2.31285,4.12E+04,54.03,0.0139,2193,5486.36,641.4,5899,4.387,0.989,15.147
FALSE POSITIVE,14.08677696,0.603,10.1279,1.07E+05,65.6,0.1308,1197,485.09,1856.9,7138,4.062,1.89,12.271
CANDIDATE,14.7639145,0.016,3.14,1.63E+02,0.93,0.1096,632,37.74,7.7,5541,4.613,0.733,15.559
FALSE POSITIVE,1.872620976,1.242,1.7626,1.53E+03,31.43,0.0296,1550,1362.23,181.9,6031,4.427,1.004,14.337
CANDIDATE,1.118510435,0.251,1.111,7.27E+01,0.75,0.0208,1684,1898.51,9.9,5918,4.544,0.865,14.796
FALSE POSITIVE,17.52782681,0.567,5.78491,3.48E+05,49.36,0.1196,554,22.31,2450.1,5079,4.579,0.732,12.534
FALSE POSITIVE,27.46721731,1.076,4.17961,7.18E+04,38.87,0.1575,527,18.22,1986.1,5503,4.536,0.742,13.182
FALSE POSITIVE,40.879068,0.988,6.562,4.99E+02,3.35,0.2328,533,19.12,12.2,6072,4.51,0.923,15.823
FALSE POSITIVE,0.566802325,0.3857,1.842,2.88E+02,1.4,0.0123,1889,3012,70.3,5233,4.489,0.824,14.905
CANDIDATE,2.64185268,0.199,1.76,1.50E+02,3.56,0.0348,2104,4636.69,7.9,5195,3.409,2.935,13.533
FALSE POSITIVE,0.634946497,0.442,2.40541,4.27E+05,52.75,0.013,1475,1123.92,541.4,4446,4.567,0.737,14.791
FALSE POSITIVE,5.077746556,1.211,3.1718,1.88E+04,54.93,0.0581,1274,622.32,616.9,6174,4.235,1.271,12.847
FALSE POSITIVE,2.00383703,0.268,3.473,4.23E+01,0.67,0.0317,1518,1256.78,10.5,6045,4.439,1.028,14.467
FALSE POSITIVE,5.321224925,1.003,7.48973,9.89E+04,40.62,0.0538,958,199.25,1203.4,5787,4.544,0.758,15.013
FALSE POSITIVE,2.340534383,0.71,4.43017,2.41E+05,69.55,0.0351,1581,1476.77,881.5,6300,4.349,1.136,14.39
FALSE POSITIVE,0.580724809,0.292,1.82,6.42E+01,0.75,0.0136,2191,5418.89,16.9,5989,4.492,0.933,14.569
FALSE POSITIVE,501.0764745,,3.21,,,,,,,,,,14.795
FALSE POSITIVE,1.72933255,0.586,3.631,2.97E+01,0.69,0.0271,1745,2196.53,17.1,5921,4.22,1.211,13.07
FALSE POSITIVE,1.729338354,0.887,6.8524,1.40E+05,139.36,0.0312,2230,5838.68,379.7,5587,3.754,2.553,11.679
FALSE POSITIVE,0.567493852,1.275,1.35349,7.98E+03,65.47,0.0134,3024,19665.18,1219.8,6370,4.053,1.548,13.205
CANDIDATE,2.54031121,0.295,1.83,1.73E+02,1.2,0.0368,1268,611.31,10.1,5778,4.531,0.911,15.921
FALSE POSITIVE,2.105238039,0.83,5.23595,9.47E+04,75.1,0.0336,1966,3523.25,1071.9,5947,3.943,1.885,13.796
FALSE POSITIVE,7.226944171,1.233,23.0124,6.82E+05,237.79,0.0748,1179,457.25,3076.6,6270,4.199,1.36,13.27
FALSE POSITIVE,31.9733117,1.35,13.2105,7.51E+04,272.44,0.2502,1289,652.01,1554.1,7854,3.669,3.462,8.5
FALSE POSITIVE,1.64125844,,4.51,,,,,698.68,,,,,14.97
CANDIDATE,1.371587993,0.9829,12.901,4.56E+02,4.91,0.0266,2413,8016.36,43.3,7045,4.154,1.604,13.104
FALSE POSITIVE,20.84991961,13.715,13.7687,3.13E+05,2912.48,0.1728,1099,345.25,1614.7,7355,4.042,1.984,13.04
FALSE POSITIVE,15.12021253,1.199,3.50007,2.46E+04,33.11,0.1056,605,31.61,928.2,5232,4.554,0.725,15.166
FALSE POSITIVE,3.481657589,0.245,4.75315,3.47E+05,78.24,0.0441,1485,1151.7,7428.7,6225,4.191,1.291,13.396
FALSE POSITIVE,0.739769962,1.212,1.95901,2.07E+04,82.29,0.0165,3013,19590.61,726.2,6465,3.947,1.847,11.634
FALSE POSITIVE,6.570421193,0.939,4.4698,6.01E+04,33.99,0.0667,946,189.25,712.6,5812,4.484,0.908,15.299
FALSE POSITIVE,0.541405029,0.641,2.7481,3.28E+05,125.64,0.0125,2679,12266.51,541.2,5096,3.889,1.782,14.771
FALSE POSITIVE,2.17814186,0.012,1.988,1.28E+02,0.92,0.0309,1174,447.79,11.2,5101,4.506,0.84,15.458
FALSE POSITIVE,10.54884842,,1.17,,,,,,,,,,14.184
CANDIDATE,5.89773974,0.1566,2.243,7.79E+01,1,0.0657,1150,414.11,8.1,6300,4.371,1.126,14.742
FALSE POSITIVE,0.609662423,0.799,4.24033,1.41E+05,110.14,0.0169,3834,51214.99,3250.1,7498,3.964,2.274,12.216
CANDIDATE,1.74145041,0.33,1.712,3.71E+02,1.46,0.0268,1234,547.5,10.9,5238,4.598,0.764,16.269
FALSE POSITIVE,0.953299962,1.267,1.69478,2.24E+03,35.67,0.0188,2011,3850.25,298,6183,4.407,1.02,14.538
CANDIDATE,20.2944118,8.7053,0.357,4.54E+02,774.73,0.1463,648,41.69,5.6,5865,4.518,0.918,15.919
FALSE POSITIVE,2.745640575,1.117,3.04508,4.53E+04,47.22,0.0385,1300,673.9,918,5780,4.438,1,15.945
CANDIDATE,17.9908273,0.129,1.436,6.60E+02,1.88,0.1208,541,20.29,10.9,4918,4.546,0.752,15.864
FALSE POSITIVE,12.18072127,0.479,4.15602,4.15E+05,63.25,0.1029,742,71.88,1809.8,5750,4.538,0.882,15.386
FALSE POSITIVE,50.4670244,0.973,8.96181,1.03E+05,52.88,0.2716,523,17.63,1435.1,6137,4.448,1.012,14.884
CANDIDATE,198.11309,0.1542,15.59,5.33E+01,1.09,0.6915,399,5.96,8.3,6163,4.144,1.486,11.909
FALSE POSITIVE,0.84986054,1.26,1.3875,6.57E+03,67.45,0.017,2260,6185.9,100.1,5164,3.949,1.676,14.319
FALSE POSITIVE,0.933728196,0.015,3.441,6.77E+01,0.85,0.019,2006,3826.49,13.3,6170,4.43,1.032,15.317
FALSE POSITIVE,2.03742712,0.791,3.939,3.60E+01,0.9,0.0325,1812,2550.21,11.4,6356,4.215,1.358,13.929
FALSE POSITIVE,5.274819905,0.99,4.6688,1.09E+05,100.89,0.0692,1646,1733.91,902.5,7247,4.111,1.834,12.465
FALSE POSITIVE,0.527678272,0.385,2.33166,2.48E+05,75.31,0.0125,2551,9989.53,706.1,5321,4.069,1.475,10.834
FALSE POSITIVE,3.55027051,0.022,1.879,2.13E+02,1.15,0.0438,1036,272.61,7.6,5497,4.581,0.8,15.81
CANDIDATE,5.70509519,0.469,1.58,2.84E+02,1.58,0.0599,947,189.8,9.2,5455,4.448,0.927,15.597
FALSE POSITIVE,65.4317194,0.885,12.2384,1.53E+05,59.22,0.3246,490,13.58,1146.6,6201,4.431,1.04,15.54
FALSE POSITIVE,1.718649321,0.421,3.94095,1.91E+05,39.08,0.0276,1499,1194.16,833.4,6071,4.541,0.865,13.51
FALSE POSITIVE,7.2949175,1.132,41.04,1.83E+02,11.67,0.0684,763,79.99,18.9,5289,4.614,0.731,15.848
FALSE POSITIVE,7.2935801,1.157,40.02,1.25E+02,17.41,0.0752,925,173.44,26.6,5900,4.509,0.951,14.973
FALSE POSITIVE,42.9261364,0.2964,2.578,3.78E+02,1.84,0.2444,490,13.65,8.6,5628,4.503,0.953,15.395
FALSE POSITIVE,1.89129338,0.373,5.677,3.38E+01,0.42,0.0267,1152,416.87,15.1,4986,4.558,0.733,13.558
FALSE POSITIVE,1.89124453,0.734,5.08,3.10E+01,1.19,0.0272,2200,5537.41,19.4,5850,3.72,1.977,12.76
FALSE POSITIVE,1.89134201,0.2376,4.674,1.29E+02,0.92,0.0289,1325,729.42,8.9,5658,4.567,0.815,15.799
FALSE POSITIVE,87.87826191,0.585,12.8138,3.39E+05,110.85,0.3805,530,18.65,1974.6,5784,3.985,1.642,12.744
FALSE POSITIVE,15.92663277,0.672,7.42888,2.72E+05,57.95,0.12,670,47.68,2278.9,5496,4.471,0.917,14.88
FALSE POSITIVE,0.958116585,1.275,2.3496,2.37E+03,49.16,0.0187,2271,6312.99,296,6032,4.147,1.365,12.735
FALSE POSITIVE,39.8415229,0.902,8.79024,1.44E+05,116.52,0.2543,765,80.93,4421.6,6078,3.946,2.07,12.003
FALSE POSITIVE,1.891268461,0.183,8.24958,6.42E+05,399.93,0.0454,5047,153163.32,4211.8,11287,3.642,4.662,10.672
FALSE POSITIVE,1.89114441,1.088,8.724,4.99E+01,6.57,0.0256,932,177.97,16.7,4267,4.637,0.627,13.814
FALSE POSITIVE,61.25964956,0.741,12.1777,2.33E+05,54.72,0.3024,447,9.45,880.3,5912,4.532,0.889,15.518
FALSE POSITIVE,0.872359598,0.686,3.74512,2.67E+05,67.08,0.0178,2112,4703.58,1063.2,6240,4.391,1.048,14.742
FALSE POSITIVE,374.318792,0.8507,5.96,1.54E+06,243.21,0.9836,241,0.79,10.3,5997,4.572,0.815,15.369
FALSE POSITIVE,5.627911313,0.464,7.08223,4.34E+05,81.61,0.0628,1167,438.81,2890.7,6280,4.361,1.115,13.858
FALSE POSITIVE,0.62927655,0.98,0.9698,8.40E+02,4.64,0.0136,2102,4624.3,30.9,5628,4.388,0.976,14.027
FALSE POSITIVE,1.22578134,0.985,2.235,9.94E+04,53.32,0.0225,1701,1973.12,86.8,5780,4.438,1,17.431
FALSE POSITIVE,0.751408792,1.242,2.2974,1.75E+04,41.48,0.0154,1926,3241.36,267.3,5697,4.46,0.903,15.596
FALSE POSITIVE,0.866344816,0.318,1.9188,2.34E+02,6.85,0.0168,3569,38575.44,46.5,4936,3.055,4.527,12.945
FALSE POSITIVE,2.24294107,0.23,2.532,3.94E+01,0.75,0.0312,1654,1763.55,12.1,6082,4.195,1.184,13.182
FALSE POSITIVE,0.950487062,0.907,2.9283,1.15E+01,1.35,0.0242,4231,75637.15,15.4,8107,3.698,3.385,11.633
FALSE POSITIVE,5.579631021,1.323,3.38646,1.18E+05,90.32,0.062,1108,356.56,1268.7,6188,4.427,1.022,15.473
FALSE POSITIVE,21.37831102,0.257,21.7174,8.06E+04,97.23,0.1447,1062,300.32,852.2,4905,3.3,3.484,13.998
CANDIDATE,129.847318,0.004,13.057,1.98E+02,1.45,0.5085,385,5.22,11.1,6133,4.427,1.032,14.52
FALSE POSITIVE,0.541396363,0.0783,2.384,1.81E+02,2.04,0.0143,3204,24909.05,20.4,7118,4.212,1.489,12.509
FALSE POSITIVE,0.550509602,0.386,1.1836,1.24E+02,5.02,0.0136,3938,56796.99,24,4891,3.169,4.529,13.355
FALSE POSITIVE,2.404293523,1.364,4.4649,8.15E+03,888.7,0.0419,4178,71976.93,471.2,4697,2.204,17.032,13.094
CANDIDATE,0.8867443,,3.16,,,,,,,,,,11.27
FALSE POSITIVE,25.83683127,0.899,6.32201,1.45E+05,50.72,0.164,587,28.08,3016.9,5691,4.477,0.897,13.347
FALSE POSITIVE,0.94895231,0.738,3.952,5.77E+01,2.51,0.0221,3464,33931.93,18.1,6661,3.666,3.067,12.669
FALSE POSITIVE,11.70220393,0.967,2.75173,2.90E+04,57.95,0.1019,1240,560.24,2184.7,6148,3.793,2.133,13.393
CANDIDATE,2.28494301,0.013,1.01,1.62E+02,1,0.0321,1180,458.39,10.6,5396,4.571,0.789,15.181
FALSE POSITIVE,3.722775537,0.626,14.3309,1.08E+05,90.36,0.0495,1731,2125.53,864.9,5425,3.678,2.592,12.746
FALSE POSITIVE,1.245342215,0.728,4.40308,2.34E+05,90.34,0.0254,2341,7120.27,1178.5,6967,4.25,1.476,12.142
FALSE POSITIVE,0.604755462,0.039,1.3741,3.35E+02,1.29,0.013,1598,1534.24,40.3,4842,4.616,0.726,15.553
CANDIDATE,439.21978,0.2863,9.392,3.42E+02,1.81,1.1379,266,1.18,10.3,6553,4.479,0.962,13.993
FALSE POSITIVE,8.144135648,0.222,8.88876,8.79E+04,56.52,0.0942,1491,1169.67,6113.7,7605,4.123,1.862,13.96
FALSE POSITIVE,0.566795196,0.227,2.18,1.48E+01,0.35,0.0134,2066,4277.24,13.1,5680,4.516,0.908,12.818
FALSE POSITIVE,0.566798827,0.25,3.662,3.49E+01,0.52,0.0127,2045,4154.8,21.9,5548,4.473,0.889,13.656
FALSE POSITIVE,0.56678012,0.492,3.257,2.76E+01,0.49,0.0133,2073,4352.1,13.5,5674,4.506,0.911,14.311
FALSE POSITIVE,0.566800113,0.751,3.315,1.04E+02,0.58,0.0109,1180,455.05,18.1,3844,4.721,0.526,15.765
FALSE POSITIVE,0.56679293,0.18,3.814,1.01E+02,0.86,0.0132,2064,4264.42,22.1,5812,4.551,0.853,15.787
FALSE POSITIVE,0.566809491,0.484,3.156,6.95E+01,0.55,0.0115,1656,1790.3,21,4987,4.611,0.654,14.873
FALSE POSITIVE,0.566799218,0.6858,4.227,1.82E+01,0.79,0.0128,3153,23364.03,19.2,6108,3.893,1.753,11.983
FALSE POSITIVE,0.566797404,0.119,4.109,6.94E+01,0.64,0.0121,1890,2993.84,18.8,5313,4.51,0.784,15.354
CANDIDATE,22.2548897,0.239,13.454,8.38E+01,2.16,0.1645,899,154.4,11.8,5349,3.76,2.388,14.156
FALSE POSITIVE,4.719336335,1.269,2.83787,1.24E+04,91.91,0.0623,1722,2078.32,632.4,6792,3.971,2.058,12.672
FALSE POSITIVE,1.258274109,1.244,1.92467,1.42E+04,25.98,0.0191,1207,502.19,669.1,4937,4.669,0.587,15.179
FALSE POSITIVE,8.966610607,1.101,4.01883,5.96E+04,56.94,0.0859,1038,274.04,2049.1,6480,4.351,1.132,13.478
FALSE POSITIVE,15.32763411,1.204,6.0662,1.77E+04,291.01,0.1422,1472,1108.58,117,4830,2.987,6.784,12.672
FALSE POSITIVE,2.10413487,0.611,4.2269,3.21E+05,67.03,0.0322,1421,963.4,86.4,5780,4.438,1,19.485
FALSE POSITIVE,6.767341062,0.724,4.49213,2.45E+05,52.84,0.0662,933,178.98,3356.8,5926,4.513,0.843,14.143
FALSE POSITIVE,1.92730001,1.285,18.812,6.18E+03,45.99,0.0304,1614,1605.97,351.1,6057,4.352,1.11,13.943
FALSE POSITIVE,48.79936881,0.622,8.80873,3.25E+05,67.36,0.267,525,17.9,1151.6,6170,4.472,0.992,15.05
CANDIDATE,1.01485981,0.185,1.65,2.43E+02,1.61,0.0203,1928,3274.72,8.4,6158,4.453,1.024,15.572
FALSE POSITIVE,5.882036054,1.183,5.16326,2.39E+05,119.09,0.0635,1114,363.01,2168.4,5837,4.282,1.187,13.781
FALSE POSITIVE,4.059428737,0.216,5.26926,2.45E+05,67.38,0.0534,1455,1059.83,5461,6610,4.281,1.33,13.374
CANDIDATE,15.3902613,0.231,3.431,7.68E+01,4.39,0.1458,1459,1069.24,9.4,5649,3.282,4.994,13.808
CANDIDATE,279.036565,1.198,31.92,3.95E+02,30.25,0.8734,323,2.58,31.7,6072,4.285,1.273,13.054
CANDIDATE,26.8552365,0.825,2.185,1.94E+02,1.49,0.1778,618,34.48,6.7,6045,4.494,0.955,14.958
FALSE POSITIVE,19.35954117,0.328,12.8464,3.87E+05,101.44,0.132,942,186.12,3590.2,6198,3.96,1.567,14.257
CANDIDATE,16.2347636,0.046,4.2,1.16E+02,1.28,0.1338,852,124.25,10.7,6478,4.371,1.188,14.299
FALSE POSITIVE,1.287097944,0.382,1.94,1.06E+02,0.89,0.0217,1631,1678.58,12.3,5906,4.494,0.852,15.506
FALSE POSITIVE,3.5565617,0.262,6.691,6.80E+01,0.52,0.0389,883,143.89,10,4964,4.628,0.633,15.191
FALSE POSITIVE,3.55646511,0.344,4.72,4.61E+01,0.56,0.0412,1076,317,7.8,5475,4.479,0.818,14.609
FALSE POSITIVE,3.661895766,2.959,35.6374,3.55E+04,374.78,0.0489,1708,2012.26,291.7,6793,4.101,1.589,13.658
CANDIDATE,2.3518268,1.23,5.797,5.77E+02,39.82,0.0349,1535,1313.37,24.5,5445,4.14,1.426,14.106
FALSE POSITIVE,2.35195525,0.511,5.98883,2.13E+05,59.62,0.0363,1678,1876,1819.1,6550,4.324,1.225,12.23
FALSE POSITIVE,1.882438182,0.395,3.50695,3.44E+05,74.77,0.0285,1818,2589.75,2051.3,6322,4.211,1.213,13.68
CANDIDATE,3.57944367,0.3976,1.869,1.17E+02,0.87,0.0429,1018,253.89,8.5,5341,4.546,0.801,15.56
CANDIDATE,8.2553499,0.918,3.959,5.45E+01,3.28,0.0957,1462,1079.27,10,5403,3.559,3.6,13.816
FALSE POSITIVE,5.682410334,0.761,5.33373,2.20E+05,72.9,0.0621,1141,401.43,2041.6,5897,4.278,1.196,14.3
FALSE POSITIVE,2.199069234,0.762,6.30646,2.25E+05,118.99,0.037,2104,4632.97,5915.4,6613,4.014,1.925,13.245
FALSE POSITIVE,1.481655821,1.103,3.4913,5.91E+04,59.19,0.0256,1935,3314.58,554.4,6478,4.307,1.174,13.873
FALSE POSITIVE,0.93370968,0.848,3.356,6.22E+01,0.38,0.0143,865,131.85,9.2,3615,4.839,0.42,15.431
CANDIDATE,10.6982275,0.032,3.198,2.46E+02,1.73,0.0995,919,168.88,9.1,6277,4.417,1.097,15.833
FALSE POSITIVE,1.388509353,1.145,2.84811,3.76E+04,52.43,0.0241,1836,2679.88,454.6,6075,4.315,1.13,12.309
FALSE POSITIVE,9.089355023,0.647,6.4006,1.01E+05,68.91,0.1011,1511,1233.59,756.4,7675,4.051,2.015,13.015
FALSE POSITIVE,0.94808587,1.105,8.03,2.30E+02,37.72,0.0233,3359,30040.23,145.3,6875,3.798,2.856,11.601
FALSE POSITIVE,10.36855269,0.978,4.37878,1.53E+05,61.14,0.0882,845,120.48,3170.1,5855,4.418,0.944,14.545
CANDIDATE,7.20558084,0.5196,2.997,5.80E+01,1.33,0.0756,1253,582.45,8.7,6002,4.025,1.693,13.553
FALSE POSITIVE,13.8602646,1.204,74.26,4.81E+02,19.71,0.1045,690,53.56,72.3,5667,4.535,0.796,14.756
FALSE POSITIVE,13.63948043,1.033,3.12422,8.11E+04,44,0.1062,680,50.51,664.1,5461,4.517,0.846,15.852
CANDIDATE,392.50115,0.1835,9.88,3.91E+02,1.9,1.0021,225,0.6,8.9,5128,4.388,0.988,13.87
CANDIDATE,5.29655591,0.37,3.93,1.35E+02,1.3,0.063,1156,421.14,9.3,6268,4.429,1.1,15.591
FALSE POSITIVE,6.882686062,0.399,5.47323,3.74E+05,60.49,0.0708,921,169.85,2842.2,5704,4.483,0.948,15.749
FALSE POSITIVE,1.407937865,0.759,1.585,5.08E+04,19.09,0.0222,1179,457.02,137.3,4627,4.564,0.741,14.614
FALSE POSITIVE,1.89117723,1.207,6.986,1.76E+02,164.49,0.0276,3536,36995.02,17.4,5086,2.66,6.86,15.003
FALSE POSITIVE,52.884577,1.272,7.892,1.20E+04,48.13,0.2861,555,22.44,72.6,6483,4.42,1.078,15.694
FALSE POSITIVE,1.429439352,1.298,2.424,3.37E+03,54.36,0.026,2079,4417.56,292,6491,4.223,1.371,12.335
CANDIDATE,8.8324193,0.185,2.252,7.41E+01,0.98,0.0812,999,234.99,8.1,6060,4.29,1.133,13.303
FALSE POSITIVE,2.821328194,0.537,5.02692,6.48E+04,40,0.0403,1807,2520.03,1227.3,6701,4.121,1.506,13.116
CANDIDATE,5.88836941,0.249,1.05,1.20E+02,1.21,0.0649,1125,379.27,8.3,6243,4.39,1.084,14.199
FALSE POSITIVE,11.9613085,0.616,4.6414,3.11E+05,51.58,0.0977,696,55.37,1907.8,5564,4.587,0.785,15.308
FALSE POSITIVE,204.280255,0.875,37.2,1.06E+04,8.99,0.6133,236,0.73,35.1,4907,4.582,0.727,15.615
FALSE POSITIVE,0.572079631,0.793,2.27811,1.28E+05,29.45,0.0116,1716,2036.56,578.2,5233,4.625,0.639,14.235
FALSE POSITIVE,0.822314545,0.447,3.3374,3.27E+01,0.54,0.0161,1922,3227.02,3.8,5709,4.409,0.938,13.23
FALSE POSITIVE,31.00539285,0.305,3.073,5.60E+05,141.82,0.1881,682,51.25,1236.1,5023,3.9,1.784,14.991
FALSE POSITIVE,2.189097,1.246,5.768,3.00E+03,13.92,0.0248,647,41.37,13.5,3624,4.848,0.406,15.999
FALSE POSITIVE,17.51191534,0.008,5.678,7.29E+02,52.64,0.1308,2246,6014.16,41,4029,1.786,20.888,9.242
CANDIDATE,521.10826,0.3485,18.36,2.45E+02,1.5,1.2173,231,0.68,8.7,5942,4.432,0.947,14.163
FALSE POSITIVE,41.3701638,0.653,29.254,6.91E+03,59.95,0.2369,1133,389.15,91.3,4764,2.777,6.883,12.799
FALSE POSITIVE,1.306220168,0.352,5.14519,4.81E+05,83.16,0.0217,2095,4556.14,2019.4,6600,4.238,1.124,13.242
FALSE POSITIVE,631.632,0.4544,16.13,2.95E+02,1.56,1.3955,201,0.38,8.6,5689,4.493,0.894,14.358
FALSE POSITIVE,0.756511623,1.216,2.81832,4.16E+04,77.4,0.0171,2549,9947.96,845,6343,4.199,1.417,13.448
FALSE POSITIVE,10.84528655,1.307,4.3876,7.47E+03,319.52,0.1254,1682,1893.11,416.1,5096,3.094,7.023,12.923
FALSE POSITIVE,32.45541269,0.726,7.3736,1.36E+05,23.48,0.1634,392,5.55,180.9,4869,4.71,0.543,15.208
CANDIDATE,3.39401963,0.166,2.984,9.84E+01,1.03,0.0448,1306,689.16,10,6181,4.431,1.029,15.42
FALSE POSITIVE,5.917085496,0.095,23.7545,5.63E+05,75.86,0.0609,1005,241.42,1331.5,5661,4.383,0.987,14.352
FALSE POSITIVE,0.958871144,0.533,2.74361,2.32E+05,45.91,0.0175,1743,2174.51,1191.2,5530,4.425,0.892,14.164
FALSE POSITIVE,0.5402463,0.9411,13.93,1.15E+03,6.2,0.0147,3249,26335.17,1.6,7296,4.249,1.498,13.681
FALSE POSITIVE,1.288046428,0.219,3.637,3.23E+01,2.18,0.0236,2945,17822.99,20.3,5216,3.287,3.871,12.479
FALSE POSITIVE,4.200206781,1.07,5.21948,8.24E+04,105.07,0.0586,1737,2150.58,943.7,6873,4.051,1.923,12.843
FALSE POSITIVE,6.091954982,0.953,3.60482,3.67E+04,26.96,0.0608,1036,272.7,1508.7,6063,4.424,0.913,14.847
CANDIDATE,5.52507406,0.152,2.565,6.15E+01,0.8,0.0599,1028,263.79,9.8,5600,4.378,1.037,13.692
FALSE POSITIVE,485.52409,71.3346,11.04,4.15E+03,6149.09,1.1661,191,0.31,10.8,5227,4.584,0.8,14.425
FALSE POSITIVE,0.76647343,0.766,2.46345,2.00E+05,42.33,0.0149,1628,1654.36,545,5297,4.594,0.722,15.572
FALSE POSITIVE,5.2439783,0.82,10.1,9.35E+01,1.03,0.0593,1068,307.32,13.1,6029,4.481,0.956,14.967
FALSE POSITIVE,5.2436639,0.66,10.53,9.35E+01,0.88,0.0578,1059,296.41,10.4,6212,4.537,0.862,15.789
FALSE POSITIVE,5.2438269,0.228,8.235,1.29E+02,0.76,0.0521,743,72.18,11.3,4634,4.597,0.689,15.914
FALSE POSITIVE,0.56678702,0.0063,3.074,7.50E+00,0.27,0.0128,2356,7279.54,11.2,6045,4.375,0.999,11.786
FALSE POSITIVE,2.19642864,0.004,4.933,9.95E+01,0.79,0.0319,1193,477.24,11.8,5376,4.576,0.806,15.811
FALSE POSITIVE,2.19635512,0.702,9.65516,2.67E+05,82.04,0.0319,1793,2448.43,2132,6438,4.182,1.273,13.685
FALSE POSITIVE,26.71841755,1.069,8.14155,7.30E+04,66.69,0.1682,727,65.88,2173.1,5957,4.168,1.286,13.144
FALSE POSITIVE,0.615787196,0.7452,3.067,1.11E+02,3.5,0.0158,3886,53910.99,23.9,6315,3.603,3.075,13.921
FALSE POSITIVE,548.08441,0.1531,17.66,5.60E+02,2.35,1.3135,222,0.58,7.4,5780,4.438,1,9.233
FALSE POSITIVE,2.213964145,0.634,6.7598,1.23E+05,57.06,0.0322,1891,3030.64,951.4,6256,4.037,1.514,11.267
CANDIDATE,3.226232203,0.145,0.4022,3.63E+01,1.01,0.0455,1620,1627.1,9.9,6534,4.203,1.437,11.429
FALSE POSITIVE,1.025534511,0.883,3.52048,1.11E+05,43.68,0.0195,1896,3066.26,3769,6267,4.487,0.919,14.541
FALSE POSITIVE,7.64941291,0.231,6.56935,2.36E+05,53.4,0.0774,1050,287.83,9054.7,6387,4.398,1.076,13.398
FALSE POSITIVE,13.17480793,1.065,3.37392,7.11E+04,51.06,0.1086,811,102.2,1812.6,6067,4.433,0.997,14.098
FALSE POSITIVE,0.655094658,1.22,6.159,3.72E+02,26.41,0.0153,2173,5290.98,59.5,6063,4.476,1.012,15.543
FALSE POSITIVE,3.33287187,,7.13,,,,,,,,,,12.614
FALSE POSITIVE,0.692239369,1.074,2.91121,6.30E+04,67.05,0.0149,2594,10725.15,469.2,6163,4.137,1.358,12.958
FALSE POSITIVE,17.03085756,1.047,4.24308,7.78E+04,73.8,0.1233,836,115.15,1947.8,5575,4.066,1.423,14.461
CANDIDATE,2.352446342,0.755,1.6802,3.25E+01,1.24,0.0376,2173,5269.29,7.2,6749,3.941,2.003,12.047
FALSE POSITIVE,43.797829,0.489,7.70289,4.15E+05,93.43,0.2649,668,47.15,1375.1,6860,4.326,1.292,13.478
FALSE POSITIVE,4.254417651,1.165,6.55436,2.95E+05,133.79,0.0515,1360,806.64,2074.5,6292,4.256,1.235,13.438
FALSE POSITIVE,18.77816216,0.357,8.1018,4.88E+05,127.57,0.1529,1002,238.5,3788.7,6794,4.102,1.71,13.944
FALSE POSITIVE,1.25451792,,2.64,,,,,,,,,,12.525
FALSE POSITIVE,1.575710265,0.83,6.83787,1.74E+05,246.75,0.0304,2630,11307.3,1975.1,5017,3.35,4.293,12.392
FALSE POSITIVE,2.534740757,0.51,4.85013,3.64E+05,52.52,0.0339,1230,541.27,675.7,5810,4.56,0.781,13.798
FALSE POSITIVE,37.59406667,1.197,8.9943,2.86E+04,43.08,0.2055,554,22.2,485.8,5941,4.426,0.917,15.632
FALSE POSITIVE,3.6972959,0.995,21.335,1.97E+01,1.07,0.0501,1571,1438.97,23.6,6313,4.12,1.594,11.956
FALSE POSITIVE,6.855624762,0.877,3.02199,7.09E+04,33.93,0.0694,987,224.32,1397.7,6109,4.476,0.931,14.767
FALSE POSITIVE,80.7060641,0.956,6.8899,1.19E+04,15.47,0.3687,428,7.96,268.1,6053,4.494,0.949,15.395
FALSE POSITIVE,2.17814513,0.78,2.321,1.36E+02,1.22,0.0332,1428,981.63,13.8,6053,4.494,0.949,15.395
FALSE POSITIVE,1.089077111,0.63,3.8834,3.04E+05,77.59,0.0205,2045,4147.85,476.6,6126,4.285,1.176,9.177
FALSE POSITIVE,1.089057762,0.185,1.637,3.74E+01,0.44,0.0189,1404,917.78,9.2,5096,4.582,0.737,14.122
FALSE POSITIVE,0.379412331,0.243,1.561,5.94E+02,1.59,0.009,1643,1724.34,20.2,4331,4.62,0.666,14.785
FALSE POSITIVE,0.585940879,1.254,4.6979,1.94E+03,26.57,0.0132,1873,2897.54,189.9,5459,4.583,0.797,15.912
CANDIDATE,3.90735046,0.088,2.896,1.09E+02,0.83,0.0469,1007,243.14,10,5497,4.577,0.809,15.283
FALSE POSITIVE,0.646523404,0.494,3.917,2.52E+01,0.85,0.0167,3163,23676.16,14.2,7257,4.185,1.631,12.884
FALSE POSITIVE,0.626431697,1.145,2.0171,3.72E+04,34.05,0.0127,1709,2003.98,174,5134,4.56,0.721,15.594
FALSE POSITIVE,2.696354974,0.324,5.39585,2.46E+05,80.71,0.0391,1815,2560.78,2717,6472,4.08,1.579,11.009
CANDIDATE,377.501257,0.033,11.98,5.41E+02,2.16,1.0357,242,0.81,13.9,5751,4.508,0.94,15.044
FALSE POSITIVE,14.76288917,1.046,6.52705,7.93E+04,53.72,0.1128,759,78.43,1779.1,5691,4.354,1.031,15.095
FALSE POSITIVE,4.5638537,0.9866,13.05,7.19E+01,2.97,0.0587,1533,1305.08,16.8,5446,3.793,2.39,13.984
FALSE POSITIVE,1.463775066,0.719,0.953,4.51E+01,1.2,0.0277,2308,6722.29,12.7,6781,4.125,1.651,13.169
FALSE POSITIVE,8.098754149,1.467,5.62354,5.66E+04,123.02,0.0817,1176,452.03,5402,6328,4.16,1.45,11.587
FALSE POSITIVE,0.587938916,1.257,1.40211,7.34E+03,29.98,0.0122,1800,2476.75,563,5237,4.543,0.74,12.735
FALSE POSITIVE,246.87131,0.327,10.69,4.34E+02,2.02,0.7793,302,1.97,6.9,6168,4.488,0.96,15.884
FALSE POSITIVE,0.71957289,,1.79,,,,,145.63,,,,,12.902
FALSE POSITIVE,1.559090282,0.375,4.95211,2.27E+05,129.87,0.032,2905,16893.61,1315.5,7279,3.856,2.624,13.575
FALSE POSITIVE,1.81993557,0.768,2.43,1.09E+02,0.66,0.0242,907,159.62,10.1,4205,4.668,0.578,15.435
FALSE POSITIVE,0.612888148,0.534,2.822,4.31E+01,0.93,0.0154,2796,14401.76,15.9,6720,4.276,1.368,13.725
FALSE POSITIVE,15.54135882,1.25,2.44433,1.03E+04,149.19,0.1297,1174,448.22,773.4,5092,3.42,3.54,12.658
CANDIDATE,7.1969168,0.502,4.525,4.71E+01,1.1,0.0731,1132,388.54,10.4,5530,4.045,1.575,13.44
FALSE POSITIVE,12.8177012,0.0006,3.465,7.56E+01,1.21,0.1069,999,235.16,8,6290,4.151,1.385,13.505
FALSE POSITIVE,2.274628199,0.986,4.52648,1.04E+05,104.26,0.0353,2092,4536.51,2047.9,6389,3.914,1.947,11.152
FALSE POSITIVE,85.338393,0.004,8.5,6.33E+02,11.4,0.3912,741,71.36,27.9,4850,3.134,4.696,12.881
FALSE POSITIVE,5.499941793,0.531,11.3096,4.78E+04,59.94,0.0728,1878,2942.15,814.1,7079,3.827,2.634,13.37
FALSE POSITIVE,2.629870555,0.705,6.606,1.01E+05,34.05,0.0349,1291,659.45,1026,5566,4.382,0.967,14.043
FALSE POSITIVE,1.97362159,,3.29,,,,,1767.45,,,,,13.954
CANDIDATE,0.947554749,0.058,1.097,6.54E+01,0.67,0.0186,1633,1680.03,12.4,5508,4.569,0.84,13.853
FALSE POSITIVE,6.62761199,0.753,6.15281,2.27E+05,82.03,0.0714,1204,496.41,4355.5,6316,4.231,1.333,13.558
CANDIDATE,50.271927,0.205,6.073,5.75E+02,2.94,0.2894,589,28.51,9.3,6520,4.375,1.215,15.923
FALSE POSITIVE,28.59788033,0.356,7.71925,8.60E+04,74.25,0.2032,1014,250.21,2526.2,6590,3.787,2.474,13.119
FALSE POSITIVE,30.47651885,0.6,10.2264,3.27E+05,71.42,0.1822,592,28.96,1347.9,5527,4.315,1.073,13.901
FALSE POSITIVE,252.1638623,1.149,23.92,1.04E+05,50.74,0.7319,242,0.81,864.5,5432,4.608,0.745,15.793
FALSE POSITIVE,2.23416013,,2.12,,,,,2156.64,,,,,13.411
FALSE POSITIVE,22.27119851,0.775,4.58598,1.79E+05,39.79,0.1376,515,16.62,2141.3,5068,4.556,0.73,15.362
FALSE POSITIVE,73.89416352,0.27,9.48995,2.14E+05,39.18,0.3146,392,5.61,3902.3,5442,4.469,0.841,15.329
FALSE POSITIVE,1.124033822,0.719,5.5728,2.48E+05,98.04,0.0239,2547,9953.28,792.9,7141,4.208,1.563,13.016
FALSE POSITIVE,2.796661168,1.276,3.3781,2.36E+03,47.68,0.0375,1661,1797.72,251.4,6331,4.146,1.326,13.742
FALSE POSITIVE,15.28870918,0.372,5.00366,5.12E+05,54.56,0.1077,509,15.84,1758.7,4464,4.577,0.719,15.993
FALSE POSITIVE,1.83592242,1.189,5.9942,3.07E+04,46.3,0.0297,1501,1195.13,1378.9,5930,4.472,0.976,13.134
FALSE POSITIVE,1.15495063,,2.31,,,,,340.77,,,,,14.785
CANDIDATE,128.208643,0.811,2.745,2.12E+02,6.15,0.6005,792,93.05,8.9,7128,3.52,3.811,11.036
FALSE POSITIVE,1.516372183,0.596,1.239,9.38E+01,1.06,0.027,1686,1911.54,8.8,6142,4.456,1.046,15.16
FALSE POSITIVE,8.784575777,0.5,5.3022,2.63E+05,104.57,0.1022,1555,1380.83,4761.5,8144,4.139,1.914,12.444
FALSE POSITIVE,1.949700508,1.153,4.35014,3.81E+04,56.11,0.033,1716,2048.37,2271,6469,4.385,1.193,11.419
FALSE POSITIVE,9.948701373,1.277,3.2922,2.75E+03,29.19,0.082,704,57.93,103.1,5152,4.517,0.786,15.456
FALSE POSITIVE,3.457078812,0.317,5.24058,3.16E+05,86.12,0.0478,1603,1560.4,6009,6526,4.182,1.482,13.585
FALSE POSITIVE,3.735993484,0.993,17.4877,6.18E+05,571.07,0.0554,2063,4283.18,1587.7,5467,3.432,4.055,13.93
CANDIDATE,6.63448023,0.116,3.603,7.12E+01,1.04,0.0719,1177,453.27,10.3,6463,4.313,1.225,13.805
FALSE POSITIVE,12.4239677,0.007,16.01,1.62E+02,0.87,0.0922,606,31.93,12.8,4995,4.58,0.698,15.706
FALSE POSITIVE,0.639721284,0.404,2.69771,4.66E+05,46.59,0.0123,1505,1220.53,1012.9,4794,4.633,0.625,14.767
FALSE POSITIVE,1.25338826,0.469,3.828,4.47E+01,0.64,0.0232,1651,1750.61,14.8,5869,4.513,0.942,13.907
CANDIDATE,1.002591901,0.312,1.247,1.43E+02,0.87,0.0178,1391,884.21,11.1,4893,4.574,0.739,15.79
FALSE POSITIVE,1.620813697,0.636,5.9968,1.21E+05,43.95,0.0253,1733,2127.67,680.4,5757,4.209,1.177,13.242
CANDIDATE,3.37116682,0.318,4.708,7.14E+01,0.98,0.0434,1291,656.3,9.8,5653,4.288,1.163,15.03
FALSE POSITIVE,5.2434664,1.016,18.47,1.19E+02,2.83,0.0549,831,113.05,10.7,5047,4.574,0.766,14.901
FALSE POSITIVE,5.2439542,0.223,9.82,1.44E+02,0.81,0.0538,778,86.51,14.2,4920,4.636,0.691,15.924
FALSE POSITIVE,5.2441517,0.557,9.69,9.01E+01,0.91,0.0593,1056,293.68,10.5,6060,4.509,0.925,15.862
FALSE POSITIVE,5.2443332,0.775,11.268,2.99E+01,0.58,0.0603,1054,291.25,13.5,5952,4.489,0.971,13.636
FALSE POSITIVE,20.72606991,0.989,6.47393,1.19E+05,51.9,0.1471,657,43.93,1216.8,6011,4.522,0.902,14.069
FALSE POSITIVE,0.566801447,0.615,2.352,1.62E+01,0.57,0.0135,2633,11321.32,13.8,5966,4.184,1.349,12.766
FALSE POSITIVE,0.566794934,0.974,4.399,6.89E+01,1.15,0.0138,2457,8648.94,21.7,6395,4.436,1.049,14.944
FALSE POSITIVE,0.566800287,0.648,3.487,7.39E+01,0.88,0.0136,2260,6188.18,23.3,6075,4.486,0.969,15.124
FALSE POSITIVE,0.566791946,0.982,2.77,1.26E+02,1.54,0.0138,2160,5129.25,14.1,5836,4.5,0.97,15.915
FALSE POSITIVE,0.566790294,0.393,3.641,6.40E+01,0.89,0.0134,2432,8244.38,22.6,6100,4.358,1.093,14.897
FALSE POSITIVE,0.566799725,0.33,4.097,4.67E+01,0.77,0.0131,2289,6460.25,12.5,5576,4.297,1.132,14.53
FALSE POSITIVE,0.566801325,0.77,4.176,9.21E+01,1.07,0.0138,2383,7585.82,26.4,6273,4.454,1.021,15.42
FALSE POSITIVE,14.85441567,0.57,5.13753,7.74E+04,29.77,0.1206,798,95.83,2822.1,6214,4.444,1.022,14.558
FALSE POSITIVE,38.47674409,0.458,5.10744,1.73E+05,33.8,0.2011,463,10.85,3487.8,5294,4.507,0.79,14.579
FALSE POSITIVE,10.64311069,1.179,88.1118,3.16E+02,31.72,0.0935,1038,274.67,153.7,5930,4.084,1.473,13.615
FALSE POSITIVE,1.587485742,0.259,7.7489,2.47E+05,41.52,0.0258,1460,1070.86,996.8,5863,4.566,0.821,14.364
CANDIDATE,6.613671,0.096,4.211,3.28E+01,0.91,0.0711,1266,607.33,10.2,6056,4.071,1.597,13.109
FALSE POSITIVE,1.79621807,0.72,10.16,4.70E+01,1.54,0.0335,2480,8937.14,42,7117,3.988,2.09,12.895
FALSE POSITIVE,20.2594232,0.707,19.27,8.26E+01,1.23,0.1536,837,116.05,23.7,6602,4.301,1.269,13.618
CANDIDATE,1.48062814,0.479,2.898,6.25E+01,0.76,0.0255,1653,1770.63,10.3,6187,4.499,0.937,15.189
FALSE POSITIVE,1.489442254,0.455,5.51392,4.18E+05,115.45,0.0282,2328,6938.66,2309.2,6962,4.148,1.62,13.99
FALSE POSITIVE,1.12679793,1.215,12.079,2.27E+02,21.07,0.0207,1590,1514.63,21.1,5662,4.56,0.84,14.618
FALSE POSITIVE,0.998217563,1.003,3.90851,8.76E+04,88.64,0.0213,2795,14421.97,3979.1,6980,4.06,1.755,12.457
CANDIDATE,2.68814059,0.532,1.12,1.45E+02,0.92,0.0352,1135,392.64,9.1,5636,4.613,0.734,15.563
FALSE POSITIVE,0.58640848,0.352,2.616,6.13E+01,0.48,0.0119,1444,1029.91,23.6,4556,4.676,0.615,14.28
FALSE POSITIVE,33.46947449,0.315,11.8874,1.65E+05,127.38,0.2228,972,211.38,1255.2,5934,3.581,3.075,13.714
FALSE POSITIVE,1.827558898,0.093,4.72808,3.15E+05,118.28,0.0304,2178,5331.71,920.8,5977,3.854,2.077,13.661
FALSE POSITIVE,62.519211,0.081,2.523,2.78E+02,1.9,0.3291,520,17.29,6.7,6343,4.411,1.137,15.453
CANDIDATE,97.991569,0.711,4.665,1.27E+02,1.41,0.4411,467,11.21,9,6499,4.378,1.169,13.65
FALSE POSITIVE,349.85525,0.485,5.42,8.42E+02,2.63,0.964,251,0.94,7.9,5941,4.533,0.885,15.902
FALSE POSITIVE,2.488812012,0.931,5.94523,1.31E+05,83.26,0.0359,1852,2776.19,3290.5,6499,4.084,1.497,11.576
FALSE POSITIVE,0.51811818,0.021,0.3969,9.90E+01,1.09,0.0126,2360,7376.27,7.8,6240,4.502,0.929,14.89
FALSE POSITIVE,542.52829,0.3252,11.06,7.52E+01,1.07,1.2373,266,1.19,11.2,6099,4.204,1.212,11.253
CANDIDATE,1.057080807,0.966,1.82,6.06E+01,0.97,0.0203,1805,2518.85,11.3,6000,4.487,0.946,15.102
FALSE POSITIVE,11.56797473,0.458,5.96595,4.16E+05,45.65,0.0896,628,36.66,2341.5,5290,4.669,0.648,15.217
FALSE POSITIVE,21.29473387,0.957,7.60143,1.23E+05,71.55,0.1524,771,83.71,2674.6,6039,4.242,1.278,13.731
CANDIDATE,317.062416,0.673,7.438,4.43E+02,1.59,0.8404,218,0.54,9.8,5366,4.625,0.715,14.634
CANDIDATE,13.4959496,0.2136,2.085,2.54E+02,1.62,0.1147,784,89.25,7.3,5962,4.464,1.019,15.669
FALSE POSITIVE,0.855763492,0.917,3.64361,1.32E+05,72.82,0.019,2464,8674.28,598.4,6679,4.286,1.326,13.788
FALSE POSITIVE,2.045166206,0.661,6.84312,2.64E+05,131.41,0.036,2422,8125.86,1488.6,7128,3.95,2.135,11.704
FALSE POSITIVE,2.41349123,0.728,11.29,5.70E+01,2.11,0.0402,2348,7197.15,38.1,6628,3.783,2.595,13.253
FALSE POSITIVE,0.447820618,0.317,0.4199,5.83E+01,1.42,0.0111,3141,23149.06,28.4,5927,3.988,1.607,12.77
CANDIDATE,43.2675604,0.818,8.331,6.91E+01,1.61,0.2519,664,45.99,10,5747,4.018,1.729,13.468
FALSE POSITIVE,1.23133063,0.051,3.7,7.89E+01,0.54,0.0192,1072,311.53,17.6,4237,4.63,0.631,14.875
FALSE POSITIVE,0.61566096,0.161,2.669,1.39E+01,0.84,0.0159,3459,33790.36,8.5,6619,3.89,2.23,13.74
FALSE POSITIVE,1.23140522,0.412,3.338,5.13E+01,0.81,0.0221,1756,2252.47,10.8,5600,4.32,1.118,15.149
CANDIDATE,11.3251153,0.352,2.126,2.97E+02,1.26,0.0886,674,48.78,7,5334,4.574,0.727,15.995
FALSE POSITIVE,31.9714488,0.34,8.52,4.29E+01,0.87,0.1934,674,48.92,9.2,5846,4.169,1.323,13.04
FALSE POSITIVE,9.762550001,1.006,4.87531,4.16E+04,68.93,0.1041,1375,843.46,827,7199,4.055,1.95,12.25
CANDIDATE,16.9163386,0.6327,2.521,6.42E+01,0.68,0.1188,648,41.74,6.3,5628,4.513,0.81,13.132
CANDIDATE,37.0200232,0.308,1.421,5.81E+02,2.14,0.2165,507,15.66,6.6,5685,4.537,0.886,15.424
FALSE POSITIVE,2.521265,0.463,2.69,3.65E+01,1.16,0.0345,2049,4175.66,5.9,6306,3.828,1.874,12.227
FALSE POSITIVE,5.674353343,1.167,4.17722,3.65E+04,51.63,0.0588,1053,290.75,1098.3,5594,4.303,1.071,14.215
FALSE POSITIVE,0.734426335,0.971,2.7415,9.91E+04,51.42,0.0163,2106,4660.36,429.7,6108,4.471,0.997,13.47
FALSE POSITIVE,0.734426409,0.039,1.569,9.41E+01,0.98,0.0162,2223,5800.4,10.4,6406,4.458,1.005,15.588
CANDIDATE,0.565713361,0.23,0.954,8.64E+01,0.81,0.0127,1917,3197.67,11.6,5220,4.48,0.881,14.722
FALSE POSITIVE,13.78252221,0.718,8.27762,2.49E+05,41.84,0.0977,605,31.69,1524.1,5246,4.604,0.668,12.809
FALSE POSITIVE,1.89121656,0.404,5.14,6.68E+01,0.73,0.0276,1434,997.34,10.7,5741,4.438,0.884,15.203
FALSE POSITIVE,3.693702974,1.19,3.37146,2.52E+04,62.55,0.0512,1453,1054.1,568.7,6309,4.265,1.396,14.469
FALSE POSITIVE,10.26561325,0.667,5.67553,1.50E+05,61.45,0.0952,1000,236.6,5640,5865,4.169,1.423,10.885
FALSE POSITIVE,2.163569702,1.116,7.60963,5.45E+04,85.64,0.0346,1996,3760.06,1513.2,6425,4.04,1.718,12.155
FALSE POSITIVE,0.730956716,0.129,2.097,2.78E+01,0.57,0.0159,2192,5431.8,11.2,6028,4.371,1.078,13.707
FALSE POSITIVE,7.04715073,0.272,1.434,2.83E+02,1.54,0.072,932,178.49,9.8,5941,4.519,0.911,15.583
FALSE POSITIVE,7.047106212,1.077,3.16223,6.96E+04,119.64,0.0883,1846,2744.25,548.5,8162,3.973,2.321,9.002
FALSE POSITIVE,0.961292561,0.579,4.64294,3.26E+05,92.55,0.0197,2344,7160.97,1703,6300,4.188,1.404,12.221
FALSE POSITIVE,63.68192888,0.583,12.6047,3.42E+05,71.45,0.3108,486,13.15,963.5,5979,4.386,1.054,14.995
FALSE POSITIVE,9.455586047,0.791,8.42272,1.15E+05,178.47,0.1106,1972,3576.17,1876.9,7221,3.488,4.24,11.554
FALSE POSITIVE,1.246585716,0.427,4.62051,4.07E+05,81.28,0.0241,1992,3709.26,2165.3,6440,4.369,1.183,14.283
FALSE POSITIVE,0.898932836,0.565,2.437,6.11E+01,1.51,0.0192,2489,9056.7,22.3,5712,3.959,1.872,14.173
FALSE POSITIVE,3.45423296,0.893,2.965,1.50E+02,0.95,0.0393,743,71.74,10.2,4186,4.662,0.635,15.726
FALSE POSITIVE,7.304451735,1.013,4.09326,1.44E+05,59.02,0.0734,931,177.19,2096.8,6024,4.523,0.9,14.989
FALSE POSITIVE,1.181046137,1.165,2.6923,5.26E+04,37.78,0.0191,1389,878.27,324.4,5229,4.58,0.692,15.725
FALSE POSITIVE,0.68396452,,1.3,,,,,,,,,,12.939
FALSE POSITIVE,2.025580416,0.434,4.48448,4.50E+04,43.23,0.0353,2102,4618.62,987.8,6348,3.996,1.99,12.777
FALSE POSITIVE,58.64379,0.226,24.44,1.82E+02,1.05,0.2691,437,8.59,12,5833,4.537,0.775,14.935
FALSE POSITIVE,20.28281916,0.719,36.048,2.80E+03,22.46,0.1502,1141,401.55,306.7,5043,3.284,3.956,11.777
FALSE POSITIVE,4.931365987,0.686,14.7088,2.56E+05,139.59,0.0616,1755,2239.55,772.7,6562,3.835,2.263,13.254
FALSE POSITIVE,4.331392455,0.306,3.7278,2.00E+05,38.82,0.0481,1051,288.51,1234.3,5655,4.472,0.854,12.612
FALSE POSITIVE,345.1846728,1.179,6.5468,3.00E+04,44.91,0.9348,257,1.03,687.5,5712,4.424,0.971,14.023
FALSE POSITIVE,9.58405667,0.798,6.82752,1.20E+05,99.66,0.0946,1212,510.85,2595.9,5605,3.813,2.275,13.094
FALSE POSITIVE,5.2436612,0.436,11.39,8.83E+01,1.1,0.0622,1249,574.76,14.5,6598,4.387,1.145,15.479
FALSE POSITIVE,3.7789374,0.6778,10.767,5.60E+01,0.48,0.0401,860,129.06,15.1,5017,4.653,0.605,13.548
FALSE POSITIVE,1.88984957,1.182,19.45,2.50E+05,73.04,0.0265,1221,526.5,401.5,5328,4.571,0.716,13.035
CANDIDATE,82.97062172,,8.22,,,,,,,,,,13.678
CANDIDATE,5.22422449,,4.56,,,,,29.83,,,,,11.446
FALSE POSITIVE,2.49904083,0.01,2.651,1.28E+02,1.04,0.0349,1258,592.18,8.1,5525,4.458,0.93,15.671
FALSE POSITIVE,1.99567242,0.564,3.58,1.80E+01,0.75,0.033,2137,4939.44,14.2,6773,4.063,1.69,11.945
FALSE POSITIVE,0.89879279,0.249,1.031,2.66E+01,0.57,0.0184,2116,4765.1,5.7,6224,4.373,1.096,11.203
FALSE POSITIVE,16.43435283,0.572,5.15682,4.57E+04,25.25,0.1259,789,91.8,2171.4,5963,4.322,1.134,13.814
FALSE POSITIVE,0.566793818,0.985,4.929,1.00E+02,1.17,0.0128,2027,3972.65,18.3,5707,4.538,0.828,15.67
FALSE POSITIVE,0.566797474,0.575,2.708,9.88E+01,1.04,0.0139,2270,6276.39,12.3,6046,4.478,1.007,15.916
FALSE POSITIVE,1.585673651,1.148,3.20763,4.41E+04,50.53,0.0275,1648,1740.78,717.5,6117,4.457,1.025,15.634
FALSE POSITIVE,14.79721916,0.157,7.61037,2.53E+05,47.71,0.1176,787,90.8,7795.3,6343,4.495,0.931,14.185
FALSE POSITIVE,6.49066214,0.798,3.47128,1.95E+05,33.46,0.0561,621,35.28,1680,4448,4.684,0.563,15.507
FALSE POSITIVE,7.11879848,0.983,4.11282,1.08E+05,41.17,0.068,819,106.52,1483.2,5578,4.601,0.754,15.758
FALSE POSITIVE,6.99510404,0.77,1.7556,7.18E+01,216.92,0.108,7492,744614.96,6.3,3681,0.25,229.908,12.843
CANDIDATE,22.50053441,,7.44,,,,,,,,,,13.903
FALSE POSITIVE,2.897829967,0.756,3.17788,1.63E+05,54.35,0.0396,1454,1054.79,1305.8,6318,4.366,1.077,13.648
CANDIDATE,4.88698386,0.661,1.127,1.25E+02,1.2,0.0579,1133,389.31,10.1,6152,4.464,1.009,13.873
FALSE POSITIVE,0.706428634,0.393,1.75182,3.72E+05,47.64,0.014,1416,951.77,1066.7,4429,4.569,0.736,15.159
FALSE POSITIVE,10.8632531,1.187,37.68,1.88E+02,19.93,0.096,802,98.04,25.4,5896,4.516,0.914,15.429
FALSE POSITIVE,1.46842648,0.633,6.6666,1.51E+05,40.3,0.0235,1559,1402.93,622.8,5539,4.381,0.959,13.283
FALSE POSITIVE,4.305917719,0.549,5.61993,3.61E+05,71.49,0.0532,1266,607.76,6104.8,6502,4.44,1.037,12.817
FALSE POSITIVE,1.28659726,,3.53,,,,,6865.96,,,,,11.308
CANDIDATE,8.47484677,0.872,2.067,2.18E+02,1.35,0.0777,780,87.55,9.7,5564,4.587,0.785,15.381
FALSE POSITIVE,2.535389624,1.189,2.902,4.18E+02,16.24,0.0334,1113,362.73,27.3,5488,4.629,0.706,15.561
CANDIDATE,13.56092626,,2.53,,,,,,,,,,15.561
FALSE POSITIVE,1.627538928,0.769,5.583,3.90E+01,1.42,0.0301,2520,9504.13,29.9,6854,3.934,2.088,12.76
FALSE POSITIVE,1.506503686,0.401,5.02151,4.77E+05,178.15,0.0332,3250,26341.29,3289.1,8751,4.026,2.352,13.249
FALSE POSITIVE,1.679585725,0.97,7.34648,1.02E+05,28.99,0.0228,970,209.45,1884.3,4462,4.7,0.554,12.833
FALSE POSITIVE,5.40346248,0.521,7.6494,2.61E+05,108.46,0.064,1559,1398.38,2851.3,6350,3.921,1.984,13.615
CANDIDATE,34.0357766,0.6983,3.849,3.87E+02,1.05,0.1634,337,3.06,9.6,4367,4.739,0.501,15.534
FALSE POSITIVE,0.824851807,1.185,1.93637,3.01E+04,78,0.016,2539,9801.46,642.2,5658,3.903,1.654,12.372
FALSE POSITIVE,0.82484293,0.03,1.383,6.19E+02,97.92,0.0209,8138,1040816.86,10,4148,1.458,41.424,12.721
FALSE POSITIVE,4.4473549,0.98,18.99,2.04E+02,1.52,0.05,954,195.56,25.9,5531,4.597,0.764,15.989
CANDIDATE,42.48452259,,4.16,,,,,,,,,,14.824
FALSE POSITIVE,7.51509713,0.934,2.62,1.87E+02,1.23,0.0684,685,51.99,10.1,4867,4.63,0.696,15.52
FALSE POSITIVE,7.51514595,0.84,3.54486,1.17E+05,35.8,0.0674,842,118.99,1676.8,5624,4.516,0.777,13.711
FALSE POSITIVE,19.23003819,0.694,7.04412,2.66E+05,186.53,0.1818,1361,810.65,7232.1,7703,3.844,2.916,12.241
FALSE POSITIVE,21.12000574,0.986,2.05573,1.31E+04,31.2,0.1541,880,141.75,443.9,6195,4.069,1.598,11.51
FALSE POSITIVE,0.82206761,1.216,3.8281,2.62E+04,91.21,0.0184,2941,17747.85,486.3,6531,3.962,1.921,13.388
CANDIDATE,4.74701479,64.5159,2.464,3.62E+03,13333.5,0.0593,1640,1708.72,10.1,6531,3.962,1.921,13.388
CANDIDATE,1.96682825,0.415,1.645,2.14E+02,1.18,0.0295,1283,638.54,9.5,5595,4.581,0.796,15.612
FALSE POSITIVE,45.03558951,0.499,9.8341,4.05E+05,82.4,0.2619,600,30.66,1763.5,6484,4.386,1.153,14.529
CANDIDATE,4.237447181,0.187,0.3792,3.50E+02,2.26,0.0505,1172,446.38,11.1,5993,4.425,0.993,15.504
CANDIDATE,4.0953585,1.0194,44.35,2.27E+02,7.76,0.0548,1680,1884.15,60.2,6839,4.094,1.7,13.543
CANDIDATE,0.92623983,0.058,1.267,4.11E+02,1.16,0.0159,1208,504.34,9.1,4494,4.692,0.591,16.28
FALSE POSITIVE,3.10197712,0.984,7.083,1.25E+02,2.64,0.0526,2246,6009.05,63.3,8709,4.232,1.797,12.075
FALSE POSITIVE,2.618414643,0.356,4.99923,2.01E+05,109.33,0.0457,2582,10502.8,3260,8143,3.96,2.361,11.727
FALSE POSITIVE,2.61844178,0.182,3.203,4.51E+01,2.16,0.0401,2033,4044.74,12.7,5088,3.502,3.293,12.388
FALSE POSITIVE,19.40795816,0.905,6.09676,1.42E+05,44.96,0.1262,633,37.92,2506.6,5702,4.485,0.799,15.521
FALSE POSITIVE,0.933747375,1.063,5.974,1.99E+02,8.93,0.0192,2003,3820.18,35.9,6224,4.454,1.024,14.74
FALSE POSITIVE,37.9102139,0.963,3.11152,1.03E+05,29.45,0.1816,358,3.89,1065.9,4623,4.686,0.56,14.43
FALSE POSITIVE,3.74785307,0.217,3.444,1.46E+02,9.04,0.0611,2440,8389.62,17,4929,3.001,7.7,13.846
FALSE POSITIVE,3.747835042,0.547,5.28519,1.89E+05,141.7,0.0597,2697,12482.82,6016.2,8529,3.769,3.065,9.532
FALSE POSITIVE,0.94754848,11.1936,1.7347,1.13E+04,224.79,0.0106,622,35.37,44.7,3246,5.087,0.2,13.497
FALSE POSITIVE,1.75643185,0.115,2.397,5.16E+01,0.58,0.0275,1366,821.36,9.6,5696,4.57,0.812,14.529
FALSE POSITIVE,1.756466865,0.824,4.7781,1.88E+05,87.4,0.0279,1831,2652.65,541.9,5726,4.077,1.465,10.46
FALSE POSITIVE,33.15947581,0.768,9.01353,2.22E+05,146.47,0.2576,1068,307.53,3733.6,7967,4.001,2.379,11.562
FALSE POSITIVE,46.14869106,0.002,19.092,3.50E+05,114.2,0.2605,647,41.46,1021.3,5383,3.908,1.935,12.387
FALSE POSITIVE,60.2976774,0.596,14.2561,3.16E+05,63.57,0.2956,481,12.63,1215.8,5995,4.434,0.977,15.68
CANDIDATE,0.875197345,1.004,0.052,0.00E+00,0.73,0.0189,2518,9497.39,0,5855,3.999,1.796,13.109
CANDIDATE,13.2298203,0.435,3.566,1.58E+02,1.5,0.1143,856,126.84,10,6049,4.353,1.176,14.818
CANDIDATE,3.71840884,0.192,3.611,7.72E+01,0.84,0.0477,1184,464.19,9.6,5982,4.493,0.96,14.794
FALSE POSITIVE,1.703347524,0.223,3.3039,5.04E+05,47.62,0.0247,1202,495.27,1288,5325,4.657,0.648,12.524
FALSE POSITIVE,1.70332915,0.307,1.663,9.85E+01,0.86,0.0275,1420,965.03,8.9,5749,4.547,0.864,15.191
FALSE POSITIVE,20.413812,1.158,5.806,4.96E+02,16.5,0.1424,586,27.84,11.6,5514,4.569,0.826,15.38
CANDIDATE,5.32737192,0.3554,2.226,1.08E+02,0.7,0.052,782,88.33,6.8,4905,4.593,0.679,14.44
FALSE POSITIVE,67.41958542,0.72,7.645,1.82E+05,49.46,0.313,470,11.48,836,6071,4.425,0.962,13.924
FALSE POSITIVE,7.363572395,0.922,5.7545,1.30E+05,82.22,0.0817,1287,649.25,224.9,6793,4.208,1.508,13.102
CANDIDATE,5.90260586,0.1049,1.832,3.38E+02,1.26,0.0587,759,78.58,8.2,4960,4.627,0.707,15.734
FALSE POSITIVE,33.69320154,0.379,7.44219,5.09E+05,68.86,0.1917,518,17.07,1618.4,5427,4.448,0.899,14.898
CANDIDATE,22.80265,0.1018,19.34,5.31E+01,2.36,0.1488,1045,281.59,11.8,5011,3.321,3.324,13.124
FALSE POSITIVE,1.120997701,1.114,11.243,1.46E+02,66.58,0.0267,3992,60096.61,58.1,6720,3.373,4.845,12.964
FALSE POSITIVE,1.874967748,0.817,10.0159,3.15E+04,378.99,0.0381,4440,91765.97,1566.6,4588,2.232,18.328,10.805
CANDIDATE,29.9315174,0.5986,2.53,3.53E+02,1.58,0.1814,517,16.9,5.6,5551,4.57,0.809,15.671
CANDIDATE,0.602277579,0.7502,2.38,3.46E+01,0.78,0.0139,2699,12545.82,26.7,6510,4.256,1.228,12.361
FALSE POSITIVE,2.40440112,0.669,5.49,2.71E+01,0.42,0.0321,1172,447.52,16.7,5433,4.55,0.769,12.632
FALSE POSITIVE,21.926779,0.542,10.05,1.99E+02,1.26,0.1514,618,34.52,10.5,5853,4.544,0.868,15.407
FALSE POSITIVE,25.70600117,0.43,10.969,4.65E+05,67.11,0.1669,579,26.55,2008.1,5642,4.498,0.903,13.592
CANDIDATE,27.2173855,0.6516,3.268,1.56E+02,1.34,0.1748,667,46.8,6.7,6263,4.404,1.019,15
FALSE POSITIVE,501.90703,0.0805,12.43,3.07E+02,1.83,1.2422,254,0.99,10.3,6316,4.413,1.036,14.131
CANDIDATE,6.27651592,0.172,1.973,1.66E+02,0.65,0.0543,532,18.89,8.9,3914,4.748,0.515,15.516
FALSE POSITIVE,3.115304946,0.89,4.88748,1.50E+05,61.66,0.0435,1404,918.39,1398.8,6367,4.419,1.087,14.154
CANDIDATE,16.214474,0.6311,4.149,1.62E+02,3.53,0.1505,1256,587.82,9.4,6801,3.833,2.637,10.896
FALSE POSITIVE,12.422524,0.566,13.55,3.39E+01,0.86,0.1173,1107,354.37,6.7,7225,4.281,1.414,13.087
FALSE POSITIVE,12.4269264,0.04,21.826,1.27E+02,1.66,0.102,906,159.5,28.3,5349,4.044,1.505,13.994
FALSE POSITIVE,12.4261809,0.98,29.09,9.22E+01,1.88,0.1034,976,214.85,39,5948,4.106,1.432,13.219
FALSE POSITIVE,0.61810542,1.2326,6.666,1.23E+04,39.52,0.0134,1994,3735.52,118.7,5371,4.403,0.949,14.684
FALSE POSITIVE,1.06995136,0.176,1.322,5.48E+01,0.9,0.0206,1991,3730.45,10.8,5869,4.274,1.221,14.174
FALSE POSITIVE,2.158398259,0.996,8.1633,9.30E+04,101.02,0.0307,1829,2649.52,217,5210,3.778,1.946,13.024
FALSE POSITIVE,359.534371,100.806,24.205,5.73E+03,64333.8,1.2337,491,13.7,96,5087,3.183,5.899,13.925
CANDIDATE,0.9951412,0.998,5.588,1.02E+02,0.22,0.0091,509,15.69,17.6,3325,5.364,0.109,15.673
FALSE POSITIVE,534.86668,0.113,8.19,5.65E+02,4.3,1.4391,328,2.74,8.3,6668,4.074,1.791,13.845
CANDIDATE,43.535891,0.258,4.712,5.77E+02,1.86,0.2307,444,9.19,13.9,5481,4.592,0.778,15.857
FALSE POSITIVE,1.39797542,0.077,9.06,4.32E+01,0.49,0.022,1316,709.8,15.5,5074,4.536,0.761,12.763
FALSE POSITIVE,2.2127498,0.229,3.054,2.27E+01,0.68,0.0323,1801,2494.14,9.3,6195,4.106,1.405,13.386
FALSE POSITIVE,0.776976021,1.222,1.95401,2.12E+04,48.15,0.0168,2083,4459.03,1582.9,5999,4.423,1.042,12.723
FALSE POSITIVE,2.25353739,0.82,5.74622,1.83E+05,96.65,0.037,2056,4215.56,904.8,6951,4.119,1.662,13.451
FALSE POSITIVE,17.99646148,1.091,4.65638,6.28E+04,114.45,0.1402,1004,240.38,1951.8,5684,3.788,2.249,11.511
FALSE POSITIVE,1.386249249,1.135,2.99104,4.72E+04,78.6,0.0263,2137,4939.8,560,6226,4.135,1.594,11.766
FALSE POSITIVE,0.53482911,0.3597,0.996,7.04E+02,0.54,0.0072,753,75.82,9.8,3229,5.08,0.201,16.67
FALSE POSITIVE,0.566799833,0.851,5.543,1.98E+02,1.27,0.0128,1900,3084.6,54,5488,4.584,0.789,15.524
FALSE POSITIVE,0.566795728,0.653,2.79,1.89E+01,0.64,0.0134,2755,13656.59,12.4,6130,4.151,1.393,13.379
FALSE POSITIVE,14.66575978,0.576,3.65814,3.37E+05,67.17,0.1114,712,60.89,1143.6,5385,4.369,1.002,15.213
FALSE POSITIVE,0.566780836,0.005,4.937,6.09E+01,0.75,0.0136,2204,5608.62,18.7,5949,4.493,0.962,15.328
CANDIDATE,4.7368156,0.218,2.84,3.53E+01,0.6,0.0564,1137,395.05,6.9,6088,4.456,1.011,13.922
FALSE POSITIVE,15.44605962,0.3,4.5963,3.31E+05,52.93,0.1211,701,57.04,2025.2,5838,4.529,0.897,15.488
FALSE POSITIVE,1.790518325,0.643,3.34624,6.15E+04,32.19,0.0301,1850,2761.65,2493.3,6586,4.319,1.219,12.45
CANDIDATE,40.7698541,0.202,2.997,2.40E+02,1.87,0.238,585,27.73,8.8,5884,4.306,1.21,14.908
CANDIDATE,129.222771,0.867,7.272,4.45E+02,2.01,0.461,288,1.63,12,4934,4.515,0.809,14.784
FALSE POSITIVE,1.03905082,0.4522,3.035,4.38E+01,0.87,0.0203,2297,6581.45,9.9,6558,4.239,1.28,13.835
FALSE POSITIVE,0.503201954,0.3279,0.167,4.30E+01,2.99,0.0135,3550,37526.28,8,6157,3.827,2.306,11.626
FALSE POSITIVE,7.140373046,0.309,7.07032,2.05E+05,61.56,0.0715,1132,388.56,3250,5945,4.168,1.333,13.232
FALSE POSITIVE,53.64708486,0.432,19.9499,2.19E+05,142.04,0.2797,753,75.91,3272.4,5261,3.506,2.943,12.479
FALSE POSITIVE,2.496328637,1.199,2.73115,2.05E+04,112.28,0.0433,2317,6804.42,1412.4,6757,3.842,2.615,11.211
FALSE POSITIVE,16.31328124,0.768,4.45731,7.16E+04,30.85,0.1267,747,73.51,982.3,6008,4.44,1.006,14.524
FALSE POSITIVE,1.721313779,0.315,3.54768,5.35E+05,83.69,0.028,1627,1658.35,742.8,5960,4.371,1.073,15.187
CANDIDATE,5.01880305,0.172,1.823,9.87E+01,1.08,0.0587,1178,455.98,10.3,6220,4.398,1.083,14.541
FALSE POSITIVE,1.50650745,0.677,2.622,2.78E+01,1.13,0.0294,2498,9242.43,14.4,6839,4.003,2.02,12.491
FALSE POSITIVE,8.209514329,1.079,4.14104,1.41E+05,149.52,0.0856,1371,834.79,6579.3,6258,3.882,2.111,12.121
FALSE POSITIVE,3.431126546,1.161,2.7986,4.02E+04,47.48,0.0407,1251,580.05,308.5,5815,4.349,0.969,13.681
FALSE POSITIVE,1.583334941,0.781,4.4854,1.77E+05,52,0.0264,1548,1362.14,368.8,5846,4.472,0.953,14.932
CANDIDATE,23.59919017,,2.05,,,,,,,,,,15.365
FALSE POSITIVE,8.429438192,0.428,3.94306,4.56E+05,49.49,0.0711,582,27.16,3072.5,4268,4.602,0.68,14.117
CANDIDATE,299.70688,0.1196,15.39,2.31E+02,1.15,0.8252,237,0.75,8.6,5606,4.597,0.76,14.713
CANDIDATE,14.461834,0.065,7.156,8.02E+01,1.05,0.1124,785,89.86,9,5457,4.239,1.196,14.75
FALSE POSITIVE,7.9320191,0.5896,8.18,1.25E+02,1.04,0.073,811,102.05,8.8,5219,4.441,0.905,15.223
FALSE POSITIVE,1.374249107,0.771,5.3181,1.37E+05,96.85,0.0276,2725,13078.76,520.3,7053,3.958,2.121,13.549
FALSE POSITIVE,8.4804737,0.33,6.157,3.37E+02,1.85,0.0834,930,176.51,14.5,6092,4.471,0.998,15.79
FALSE POSITIVE,0.94242156,,1.89,,,,,,,,,,13.806
FALSE POSITIVE,4.994773558,0.416,4.48893,2.60E+05,62.69,0.0562,1264,604.21,5742,6253,4.271,1.181,13.038
FALSE POSITIVE,1.105094098,0.161,4.38191,7.31E+05,267.59,0.0257,3771,47811.67,3732.8,8011,3.773,2.927,13.651
CONFIRMED,6.842939,,2.8,,,,,99.24,,,,,12.92
FALSE POSITIVE,0.8170226,0.843,2.974,1.68E+05,57.56,0.0171,1947,3416.07,240.1,5780,4.438,1,17.206
CANDIDATE,4.48538145,0.1296,2.297,1.68E+02,0.96,0.0495,962,202.75,8.2,5654,4.607,0.737,15.457
FALSE POSITIVE,19.40669392,0.424,5.27765,4.65E+05,57.97,0.1342,597,30.05,1496.8,5622,4.588,0.778,13.564
FALSE POSITIVE,7.143708297,0.162,5.83451,2.03E+05,44.78,0.0694,943,187,2368.6,5655,4.386,0.992,14.17
FALSE POSITIVE,0.952377862,1.248,4.0869,2.12E+03,28.44,0.0184,1713,2023.36,390.8,5662,4.524,0.863,14.713
FALSE POSITIVE,3.521050679,1.266,3.5323,4.88E+03,256.2,0.0576,2434,8306.9,337.2,5149,3.109,6.619,13.942
CANDIDATE,4.84847245,0.191,0.874,5.55E+02,1.51,0.0484,667,46.85,11.4,4137,4.625,0.647,14.849
FALSE POSITIVE,1.941635737,1.071,2.46683,6.98E+04,59.71,0.0322,1728,2109.03,1243.7,6525,4.381,1.161,13.898
FALSE POSITIVE,0.539445498,1.214,2.2821,2.53E+04,68.65,0.0136,2959,18153.51,511.4,6486,4.174,1.456,13.698
FALSE POSITIVE,20.7106853,1.252,42.737,1.00E+03,89.55,0.175,1246,570.64,154.4,6956,3.738,2.888,11.308
FALSE POSITIVE,2.521245368,0.231,4.24027,4.18E+05,56.59,0.0339,1241,560.57,1495.4,5605,4.486,0.854,13.231
FALSE POSITIVE,2.52122764,0.298,2.249,1.27E+02,0.91,0.035,1177,453.48,8.9,5546,4.575,0.81,15.301
FALSE POSITIVE,2.5212708,0.3286,2.706,1.63E+02,0.81,0.0322,1003,238.81,7.8,5110,4.674,0.637,15.894
FALSE POSITIVE,8.202869679,0.561,7.29811,3.46E+05,110.46,0.0829,1190,474.09,6499.9,6060,4.059,1.643,13.878
CANDIDATE,11.8436119,0.067,6.044,1.99E+02,1.41,0.1043,830,111.98,10.4,6077,4.471,0.999,15.193
FALSE POSITIVE,3.442714533,1.142,3.36034,6.00E+04,47.02,0.0424,1157,423.13,964.8,5819,4.501,0.861,15.715
FALSE POSITIVE,475.91706,1.222,22.86,9.67E+02,28.22,1.1377,221,0.56,15.3,5334,4.372,1.004,15.259
FALSE POSITIVE,0.858285844,0.3323,1.799,4.34E+01,0.9,0.0179,2274,6321.2,10.8,5945,4.196,1.346,14.808
CANDIDATE,4.88446644,0.776,2.057,2.21E+02,0.84,0.0453,579,26.5,9.1,3883,4.725,0.517,15.84
CANDIDATE,8.9772888,0.702,4.72,9.75E+01,1.79,0.0836,1113,362.75,10.3,5597,3.963,1.699,14.6
CANDIDATE,3.03359398,0.023,4.026,9.56E+01,1.55,0.0415,1529,1294.06,12.3,5557,4.037,1.616,14.943
CANDIDATE,21.9139549,1.2,3.271,5.84E+02,10.39,0.1174,303,2.01,11.8,3638,4.844,0.42,15.855
FALSE POSITIVE,6.238315363,0.707,2.501,8.29E+01,0.7,0.0611,746,73.27,5.3,4914,4.61,0.724,13.26
CANDIDATE,9.3888216,1.14,4.154,1.93E+02,20.91,0.089,963,202.91,9.6,5846,4.278,1.24,14.915
FALSE POSITIVE,2.115510941,0.492,7.2877,4.15E+05,191.42,0.0402,2701,12609.03,1351.5,7563,3.883,2.638,12.119
FALSE POSITIVE,1.015044104,0.984,10.994,1.58E+02,1.98,0.0195,1979,3627.61,33.6,5910,4.318,1.124,14.956
FALSE POSITIVE,3.711013336,1.192,3.31024,2.50E+04,55.69,0.0473,1436,1003.75,757,6338,4.256,1.247,12.084
FALSE POSITIVE,2.97606298,0.363,4.124,7.22E+01,5.65,0.0537,2615,11065.06,17.8,5321,3.158,6.669,13.498
FALSE POSITIVE,2.97586085,0.117,4.513,1.06E+02,0.85,0.0379,1135,392.05,9.1,5481,4.508,0.835,15.669
FALSE POSITIVE,14.65801395,1.141,3.03316,1.30E+05,121.59,0.1146,855,126.35,3361.5,5146,3.986,1.626,13.391
FALSE POSITIVE,18.83948744,0.421,5.62797,1.83E+05,45.2,0.1426,734,68.54,2003.1,6208,4.454,1.024,15.291
FALSE POSITIVE,0.555973803,0.563,1.271,7.53E+01,1.9,0.0131,3049,20544.64,23.3,5445,3.776,2.117,13.755
FALSE POSITIVE,4.426344495,0.668,5.84235,2.76E+05,78.3,0.0534,1316,709.74,732.5,6228,4.277,1.226,13.501
FALSE POSITIVE,0.957823876,0.992,3.7232,1.05E+05,110.91,0.0197,2649,11612.14,454.1,5908,3.865,2.033,13.988
FALSE POSITIVE,5.024768971,1.038,3.82433,5.30E+04,42.15,0.0573,1159,425.9,696.5,6322,4.444,0.989,14.355
FALSE POSITIVE,30.96021667,0.58,15.4308,3.40E+05,62.08,0.1813,527,18.3,4578.3,5291,4.423,0.926,12.45
FALSE POSITIVE,2.470283788,0.804,7.8391,1.94E+05,157.82,0.0451,2657,11792.22,967.7,7823,3.885,2.675,11.108
FALSE POSITIVE,1.23516416,0.678,4.713,6.46E+01,0.92,0.0235,1866,2861.14,13,6249,4.428,1.076,15.005
FALSE POSITIVE,1.23513471,0.716,5.44,4.28E+01,0.7,0.0225,1743,2172.96,12,5930,4.436,0.997,14.712
FALSE POSITIVE,0.8903331,0.322,2.643,1.34E+02,20.96,0.0272,5714,251387.46,10.8,4981,2.437,18.374,13.915
FALSE POSITIVE,20.00024281,1.004,5.0042,1.31E+04,21.57,0.1488,746,73.09,796.5,6373,4.438,1.047,13.718
FALSE POSITIVE,10.21712165,0.786,4.35647,2.05E+05,81.1,0.0935,994,230.53,3617.5,5931,4.196,1.349,13.752
FALSE POSITIVE,0.618060842,0.944,1.892,2.51E+01,0.51,0.0128,1854,2791.09,9.6,5339,4.503,0.793,13.426
FALSE POSITIVE,0.759764419,0.545,5.72501,3.93E+05,138.54,0.017,2715,12833.03,1728.1,5807,3.93,1.909,11.378
CANDIDATE,2.6528082,0.434,2.297,1.53E+02,1.17,0.0371,1280,633.57,9.8,5778,4.48,0.935,15.668
FALSE POSITIVE,21.53926924,0.908,5.32432,1.44E+05,53,0.1503,674,48.89,2642.2,6136,4.487,0.933,14.293
FALSE POSITIVE,5.270733213,0.428,2.7822,2.94E+05,37.93,0.0519,693,54.59,553,4348,4.601,0.678,15.953
CANDIDATE,2.43135542,0.12,1.401,1.24E+02,1.07,0.0357,1422,965.4,9.3,6231,4.488,0.955,15.225
FALSE POSITIVE,12.4232158,0.245,17.67,2.62E+02,1.3,0.1015,685,51.91,23.6,5497,4.577,0.809,15.639
FALSE POSITIVE,4.3206933,0.973,50.68,1.48E+02,1.66,0.0535,1205,499.09,35.7,6225,4.45,1.031,15.604
FALSE POSITIVE,16.48679636,0.309,7.06797,4.89E+04,46.92,0.1334,1053,290.46,3181.5,6020,3.86,2.097,13.645
FALSE POSITIVE,5.7768734,0.994,5.762,7.10E+01,3.13,0.0644,1399,905,10.1,5473,3.796,2.162,13.712
FALSE POSITIVE,20.14880771,0.215,8.52557,5.27E+05,68.52,0.1379,631,37.55,3487.5,5547,4.447,0.918,14.904
FALSE POSITIVE,0.687772143,1.166,2.56725,4.04E+04,46.27,0.0143,2097,4569.67,679.8,5885,4.413,0.933,14.726
FALSE POSITIVE,0.843651274,0.405,2.80468,3.05E+05,39.98,0.0153,1553,1371.12,1509.3,5220,4.578,0.695,13.826
FALSE POSITIVE,1.142946648,0.479,3.40234,4.13E+05,43.5,0.0181,1293,660.96,1054.4,5058,4.651,0.608,14.454
FALSE POSITIVE,7.217010987,1.287,4.4215,7.87E+04,89.71,0.0717,1096,341.36,1307,6047,4.246,1.211,13.272
FALSE POSITIVE,9.72869627,1.274,5.628,2.52E+02,42.47,0.0982,1126,379.75,19.1,6881,4.301,1.351,13.542
FALSE POSITIVE,0.566791802,0.679,2.2,4.93E+01,0.66,0.0134,2040,4113.39,15.6,5691,4.544,0.887,14.702
FALSE POSITIVE,2.245738777,0.397,8.61629,4.83E+05,99.05,0.0358,1737,2156.25,2121.8,6508,4.287,1.312,13.432
FALSE POSITIVE,2.24572117,0.596,3.88,4.82E+01,0.74,0.0346,1479,1131.64,13.6,6158,4.455,1.026,14.244
FALSE POSITIVE,0.566801906,0.155,1.626,8.97E+01,0.55,0.0111,1344,774.11,27,4208,4.662,0.583,12.663
FALSE POSITIVE,2.316171991,0.7,4.03025,2.51E+05,49.53,0.0328,1288,651.03,2338.3,5932,4.58,0.795,13.969
CANDIDATE,12.54474243,0.185,1.24,2.63E+02,1.88,0.1062,840,117.9,10.8,5767,4.316,1.159,15.082
FALSE POSITIVE,0.56680208,,1.22,,,,,392.81,,,,,13.072
FALSE POSITIVE,0.566810701,0.982,6.19,2.00E+02,1.49,0.0124,1921,3220.92,45.9,5593,4.584,0.752,15.644
FALSE POSITIVE,0.566813319,1.196,3.752,1.29E+02,23.19,0.014,2313,6742.52,17,6108,4.466,1.03,15.972
FALSE POSITIVE,28.78725751,0.559,13.953,4.96E+04,91.26,0.2183,971,210.02,1292,5154,3.461,3.981,12.85
FALSE POSITIVE,0.835315046,1.224,2.45449,1.69E+04,30.54,0.0152,1490,1160.98,939.5,5009,4.584,0.69,15.314
CANDIDATE,3.07551068,0.005,1.683,4.61E+01,0.84,0.0416,1389,879.95,10.1,5763,4.256,1.242,13.359
FALSE POSITIVE,26.0164225,1.147,4.1768,4.11E+04,61.04,0.1729,755,76.63,285.4,6287,4.231,1.28,15.032
CANDIDATE,6.29340543,0.431,3.024,9.64E+01,1.08,0.0703,1072,312.61,8.7,6214,4.442,1.076,15.186
FALSE POSITIVE,593.19521,0.6192,25.65,2.27E+02,1.63,1.36,234,0.71,7.1,6103,4.391,1.03,14.733
FALSE POSITIVE,0.706430188,0.288,1.301,5.08E+01,0.41,0.0129,1473,1116.9,11,5037,4.689,0.568,14.001
CANDIDATE,7.7021729,0.509,3.987,7.46E+01,0.85,0.0754,888,147.24,9.5,5618,4.449,0.969,14.32
FALSE POSITIVE,0.78430061,0.659,2.952,2.55E+02,1.14,0.0145,1566,1416.91,20.5,5176,4.589,0.681,15.156
FALSE POSITIVE,2.665875491,0.878,7.59461,1.61E+05,67.43,0.0389,1502,1199.89,2274.7,6234,4.351,1.159,12.156
FALSE POSITIVE,2.6658312,0.864,5.771,4.08E+01,0.99,0.0375,1663,1807.48,12.4,6276,4.17,1.353,13.562
FALSE POSITIVE,1.5765874,1.04,15.18,2.92E+01,15.68,0.032,2946,17781.51,27.9,6742,3.688,3.138,12.232
CANDIDATE,2.52557582,0.372,2.32,3.54E+01,0.62,0.0367,1364,818.81,10.7,5821,4.421,1.036,13.564
CANDIDATE,8.2927558,0.6346,4.784,1.03E+02,1.01,0.0807,927,174.36,8.4,6146,4.497,0.943,15.382
CANDIDATE,22.786522,0.3817,2.197,2.28E+02,1.45,0.1584,661,45.26,7.9,6146,4.497,0.943,15.382
FALSE POSITIVE,28.02789136,0.6493,17.3269,2.43E+05,31.3,0.1496,440,8.86,2829,5231,4.721,0.544,14.594
FALSE POSITIVE,2.028512246,0.871,5.00309,1.22E+05,50.28,0.0313,1542,1333.24,1545.8,6105,4.412,1.025,13.281
FALSE POSITIVE,1.33256167,0.402,3.743,5.95E+01,0.63,0.022,1326,727.84,13,4895,4.502,0.828,14.877
FALSE POSITIVE,1.332567821,0.413,3.4844,3.10E+01,0.96,0.0248,2395,7802.17,5,6600,4.047,1.681,13.191
FALSE POSITIVE,1.332545609,0.582,3.997,2.78E+02,28.37,0.033,5080,157611.61,31.4,5154,2.435,16.486,13.504
FALSE POSITIVE,1.33256256,0.137,3.088,1.75E+02,16.03,0.0253,4529,99175.88,11.9,4601,2.321,12.581,12.295
FALSE POSITIVE,1.33258981,0.223,3.987,7.84E+01,0.67,0.0223,1369,832.33,16.1,5309,4.595,0.763,14.818
FALSE POSITIVE,1.33258375,0.746,4.081,6.09E+01,0.84,0.0243,1727,2096.92,16.4,6108,4.471,0.997,14.835
FALSE POSITIVE,8.9648813,1.208,61.23,4.55E+02,28.97,0.0893,1040,276.3,109.9,6543,4.382,1.159,12.039
CANDIDATE,1.284241817,0.029,1.965,1.67E+02,1.18,0.0232,1623,1643.57,13.3,5849,4.517,0.919,15.674
FALSE POSITIVE,2.161583501,0.715,4.0537,5.02E+04,29.61,0.0303,1646,1741.01,239.2,5888,4.167,1.219,13.945
CONFIRMED,8.7396758,0.957,3.866,1.43E+03,3.29,0.0713,577,26.17,15.6,4406,4.643,0.628,16.324
FALSE POSITIVE,0.535493486,0.566,2.57,5.40E+01,1.42,0.0144,3181,24045.87,5.1,6328,4.035,1.864,13.39
CANDIDATE,15.9474242,0.1178,1.127,1.92E+02,1.21,0.1138,670,47.65,6.5,5472,4.44,0.877,14.801
FALSE POSITIVE,24.26168383,0.814,7.1617,1.92E+05,58.48,0.1667,659,44.55,5083.9,6151,4.473,0.983,12.325
FALSE POSITIVE,32.5325215,0.237,13.3991,8.35E+04,24.35,0.1945,535,19.39,1595.1,5845,4.558,0.838,15.354
CANDIDATE,50.0122,0.484,3.426,2.10E+02,1.2,0.2436,432,8.23,8.3,5357,4.503,0.814,15.174
FALSE POSITIVE,4.627775175,1.248,3.4079,5.68E+03,32.62,0.0538,1039,275.68,197.5,5845,4.541,0.874,14.69
FALSE POSITIVE,28.7850347,0.2978,2.102,1.03E+02,2.5,0.2069,993,229.66,6.2,6581,3.824,2.42,13.57
CANDIDATE,5.60682001,0.156,2.714,1.51E+02,1.04,0.0607,942,186.43,9.9,5699,4.553,0.853,15.289
FALSE POSITIVE,6.096030635,0.642,18.4531,9.02E+05,406.97,0.0816,1925,3246.2,4885.3,7598,3.867,2.692,13.533
FALSE POSITIVE,31.95303877,0.907,8.0461,1.77E+04,47.96,0.2176,864,131.55,1364.9,5524,3.693,2.734,13.032
FALSE POSITIVE,5.9371708,0.4778,4.954,1.57E+02,1.17,0.0603,945,188.41,10.1,5475,4.426,0.923,15.379
FALSE POSITIVE,0.577844035,1.194,4.291,3.20E+02,18.93,0.0131,1980,3647.63,94,5693,4.57,0.816,13.766
FALSE POSITIVE,2.630090609,0.285,13.6817,5.17E+05,83.5,0.0357,1551,1371.02,1694.6,6315,4.292,1.108,14.187
FALSE POSITIVE,43.20459678,0.399,15.0402,2.02E+05,43.15,0.2426,519,17.15,4750.2,6003,4.507,0.932,14.291
FALSE POSITIVE,1.75147897,0.008,7.89,7.67E+01,1.8,0.0337,2340,7086.5,68.2,6823,4.04,2.037,12.655
CANDIDATE,3.17796408,0.901,0.542,4.77E+01,0.74,0.0392,1034,270.25,6,5061,4.488,0.841,12.218
CANDIDATE,3.66520844,0.045,3.308,6.58E+01,0.82,0.0457,1168,439.57,10.3,5579,4.389,1.029,14.736
CANDIDATE,3.05293416,0.328,2.155,2.28E+02,1.18,0.0394,1047,284.82,10.1,5311,4.588,0.788,15.901
CANDIDATE,12.834857,0.278,2.092,2.94E+02,1.73,0.1045,755,76.96,9.4,5492,4.389,1.016,15.331
CANDIDATE,36.2530992,0.721,4.73,1.52E+02,1.43,0.2235,582,27.17,8.3,6002,4.424,1.081,14.71
CANDIDATE,4.02321842,0.396,2.162,8.12E+01,0.48,0.0402,747,73.5,9.8,4671,4.721,0.528,14.363
CANDIDATE,7.5017934,0.286,4.271,1.35E+02,1.32,0.0799,1046,283.25,9.8,6321,4.417,1.125,15.438
CANDIDATE,0.912351255,0.956,1.072,1.12E+02,1.46,0.0179,1840,2705.58,9.1,5481,4.369,1.036,15.114
CANDIDATE,12.4701111,0.569,3.616,8.97E+01,2.06,0.1126,1074,313.87,9.3,5623,3.877,2.109,14.024
FALSE POSITIVE,3.495457889,0.965,6.9796,1.15E+05,84.49,0.0524,2051,4186.71,724,8529,4.249,1.558,13.444
CANDIDATE,5.8229815,0.395,2.8,2.82E+02,1.36,0.0609,914,165.12,8.1,5704,4.575,0.804,15.902
FALSE POSITIVE,4.01668015,0.911,2.2828,3.80E+04,22.11,0.0444,1016,252.13,87.9,5448,4.497,0.794,15.371
FALSE POSITIVE,1.89134156,0.739,5.891,6.84E+01,0.99,0.0313,1673,1856.23,10.3,6387,4.41,1.105,15.343
FALSE POSITIVE,2.881100027,0.829,9.43866,6.63E+05,446.29,0.0496,2946,17809.19,3316.5,8104,3.675,3.369,13.636
FALSE POSITIVE,0.806277023,0.697,7.275,7.08E+01,0.89,0.0174,2046,4119.09,37.9,6122,4.471,0.996,13.614
FALSE POSITIVE,0.513482156,0.004,2.732,9.16E+01,0.83,0.0121,2072,4335.56,12.6,5495,4.495,0.882,15.63
FALSE POSITIVE,225.66716,0.3037,16.6,3.43E+02,1.94,0.7461,331,2.82,11.7,6363,4.444,1.035,13.718
FALSE POSITIVE,4.24748886,0.242,3.053,1.21E+02,1.01,0.052,1079,319.94,10,5807,4.524,0.922,15.146
FALSE POSITIVE,1.000012952,0.097,1.221,3.60E+01,2.12,0.023,2858,15781.19,11.9,5176,3.534,3.605,11.942
FALSE POSITIVE,0.878803439,0.467,2.74503,4.11E+05,51.97,0.0162,1347,775.9,524.8,4524,4.566,0.737,15.929
FALSE POSITIVE,1.560158562,0.712,3.4248,2.40E+05,45.91,0.0236,1223,530.79,459.9,4926,4.548,0.749,13.871
FALSE POSITIVE,34.18830271,0.957,3.01179,1.18E+05,74.5,0.199,660,44.91,2594.9,5757,4.134,1.345,12.869
FALSE POSITIVE,8.65303996,0.369,1.091,4.97E+02,1.88,0.0787,764,80.51,14.7,5301,4.528,0.84,15.639
FALSE POSITIVE,8.65311903,0.701,1.273,2.07E+02,0.85,0.068,493,13.95,8.9,3929,4.705,0.55,15.109
FALSE POSITIVE,12.4253812,0.1583,19.781,1.15E+02,1.14,0.1075,823,108.46,26.8,5925,4.412,1.066,13.854
FALSE POSITIVE,12.42555999,0.9066,28.083,2.96E+03,4.72,0.0924,599,30.49,122,4922,4.576,0.704,15.902
FALSE POSITIVE,12.4257442,0.963,29.122,9.36E+02,8.43,0.1339,1551,1369.63,49.6,8691,4.072,2.193,12.625
FALSE POSITIVE,12.4254241,0.938,24.98,3.79E+02,2.17,0.1046,755,76.9,36,5853,4.529,0.895,15.71
FALSE POSITIVE,2.991884392,0.496,7.5583,1.24E+05,40.11,0.0419,1486,1154.88,1280.3,6596,4.4,1.094,13.28
FALSE POSITIVE,1.795273026,0.935,7.3232,1.25E+05,55.26,0.0296,1642,1714.88,877.8,6363,4.456,1.012,14.889
FALSE POSITIVE,0.755109271,0.4041,2.619,2.32E+01,0.47,0.0153,1961,3494.52,12.9,5606,4.39,0.962,13.292
FALSE POSITIVE,0.755101141,0.523,3.371,7.67E+01,0.19,0.0092,680,50.92,13.4,3256,5.071,0.207,15.237
FALSE POSITIVE,1.75251585,0.738,3.489,1.26E+02,1.02,0.0278,1447,1035.27,14.2,5952,4.554,0.844,13.978
FALSE POSITIVE,1.752450163,0.728,3.0255,5.55E+01,0.79,0.0267,1552,1372.36,3.4,5779,4.364,0.99,13.294
FALSE POSITIVE,8.27923132,0.187,2.355,1.65E+02,1.08,0.0786,815,104.49,10.9,5631,4.557,0.847,15.197
FALSE POSITIVE,2.212877035,0.518,4.66961,3.76E+05,69.18,0.0324,1507,1221.98,2731,6153,4.405,1,14.28
FALSE POSITIVE,0.845097627,0.717,1.873,8.65E+01,0.78,0.0167,1584,1496.92,10.7,5252,4.593,0.783,15.685
FALSE POSITIVE,17.44564047,0.588,6.08966,3.34E+05,63.46,0.1311,682,51.15,4093.9,5759,4.481,0.945,11.23
FALSE POSITIVE,14.31315739,0.004,8.90236,2.16E+04,34.98,0.117,1144,404.48,4262.9,5750,3.703,2.379,13.254
FALSE POSITIVE,0.676990194,1.223,1.69459,2.05E+04,37.5,0.0146,1919,3192.15,997,5813,4.568,0.816,15.553
FALSE POSITIVE,0.515875396,0.95,1.21,1.77E+03,7.22,0.0138,3189,24441.1,9.1,7229,4.278,1.38,13.591
FALSE POSITIVE,2.83401711,0.2794,5.938,8.42E+01,0.93,0.0399,1381,859.57,11.5,6247,4.458,1.002,15.036
FALSE POSITIVE,0.566803996,0.123,3.399,1.42E+02,0.64,0.0111,1350,786.1,23.4,4373,4.722,0.544,15.989
FALSE POSITIVE,0.56681118,,2.06,,,,,,,,,,11.58
FALSE POSITIVE,0.566799927,0.188,4.71,1.45E+02,0.77,0.012,1649,1738.27,28.9,5092,4.671,0.645,15.888
FALSE POSITIVE,0.566786121,0.591,3.404,8.18E+01,0.79,0.0131,1984,3678.65,14,5603,4.556,0.846,15.768
FALSE POSITIVE,0.56679797,0.176,4.503,7.26E+01,0.65,0.0128,1799,2467.38,14,5230,4.594,0.777,15.877
FALSE POSITIVE,0.566802891,0.628,1.861,4.92E+01,1.29,0.0148,3111,22107.66,14.4,6487,4.08,1.748,12.982
CANDIDATE,0.576732089,0.518,1.856,3.54E+01,0.43,0.0121,1537,1316.33,9.1,4524,4.576,0.717,13.291
FALSE POSITIVE,1.01884975,0.2737,3.233,3.09E+01,0.47,0.0193,1754,2238.64,14.8,6068,4.568,0.829,13.948
CANDIDATE,10.9279755,0.0956,2.486,7.15E+01,0.81,0.0976,834,114.42,7.3,6045,4.494,0.955,14.347
FALSE POSITIVE,32.4403392,0.645,4.50984,2.88E+05,44.56,0.1742,448,9.52,2177,5081,4.578,0.696,15.854
FALSE POSITIVE,0.552141897,1.091,4.985,1.06E+02,10.04,0.0128,2206,5602.43,42.8,5952,4.486,0.904,13.866
FALSE POSITIVE,2.62387291,0.49,4.61248,2.32E+05,74.23,0.0401,1790,2430.91,2607.6,6728,4.206,1.46,13.7
FALSE POSITIVE,0.75509861,1.091,2.6423,6.03E+04,60.74,0.0155,2359,7285.15,385.4,6038,4.206,1.213,13.441
FALSE POSITIVE,3.671661096,0.923,4.29947,1.29E+05,105.82,0.0526,1967,3539.43,3152.6,7343,4.02,1.94,12.814
FALSE POSITIVE,22.67314568,0.605,6.6324,6.54E+04,30.92,0.1515,684,51.67,912,5619,4.269,1.153,14.274
FALSE POSITIVE,0.50948306,0.3535,3.14,7.46E+01,1.22,0.0119,3024,19778.63,8,6344,4.091,1.39,13.545
FALSE POSITIVE,17.32996587,0.705,8.43812,2.53E+05,42.58,0.1141,548,21.34,1938.7,5079,4.588,0.683,15.2
FALSE POSITIVE,1.890227354,0.957,3.855,1.12E+05,42.05,0.0285,1236,551.66,252,5356,4.589,0.78,15.569
FALSE POSITIVE,1.387206724,0.856,3.82527,1.51E+05,103.41,0.0279,2619,11126.98,1752.6,7207,4.06,1.894,11.658
FALSE POSITIVE,1.38718209,0.28,2.595,4.55E+01,0.68,0.0249,1707,2011.41,7.2,6122,4.471,0.996,14.718
FALSE POSITIVE,35.02656485,0.777,2.90121,1.20E+05,34.88,0.2024,489,13.56,1607.2,5546,4.575,0.81,15.496
CANDIDATE,7.918267,0.219,3.478,8.37E+01,0.93,0.0774,953,195.36,8.4,5966,4.418,1.016,14.758
FALSE POSITIVE,3.138580493,0.619,4.16343,2.33E+05,59.24,0.0402,1281,635.61,2387.8,5593,4.311,1.083,13.63
FALSE POSITIVE,9.26147679,,1.77,,,,,,,,,,14.874
FALSE POSITIVE,581.0723,88.7243,15.81,1.36E+03,161858,2.0345,639,39.36,15.9,5026,2.504,16.891,12.282
CANDIDATE,10.2170589,0.132,2.259,1.21E+02,1.17,0.0916,929,176.34,7.9,6211,4.384,1.054,14.455
FALSE POSITIVE,3.50474265,1.049,8.2852,8.86E+04,200.24,0.0576,2689,12355.55,977.2,7624,3.622,3.682,10.862
FALSE POSITIVE,2.14344093,0.686,3.9741,1.33E+05,28.69,0.0296,1033,269.48,645.9,4817,4.624,0.7,14.945
CANDIDATE,86.95432088,,12.11,,,,,,,,,,14.248
FALSE POSITIVE,9.058487716,0.213,4.14334,1.28E+05,20.51,0.0702,547,21.15,2098.9,4340,4.671,0.573,15.507
FALSE POSITIVE,2.856085147,0.841,4.5776,1.74E+05,88.52,0.0428,1739,2164,422.1,6604,4.178,1.526,14.045
FALSE POSITIVE,0.876941133,0.386,1.296,7.35E+01,0.85,0.0183,1938,3332.14,12.3,6018,4.485,0.975,14.978
FALSE POSITIVE,39.23814157,0.459,6.07183,4.39E+05,90.93,0.2432,656,43.69,969.3,6599,4.35,1.234,12.153
FALSE POSITIVE,53.7406575,0.386,47.2475,1.17E+05,25.44,0.2531,398,5.93,3568.1,5288,4.577,0.737,13.756
FALSE POSITIVE,7.436016459,0.433,4.16284,1.07E+05,31.39,0.0748,968,207.61,742.1,6214,4.501,0.933,14.546
FALSE POSITIVE,0.750737313,0.463,1.712,3.88E+01,0.48,0.0153,1603,1558.69,13.4,5151,4.602,0.761,12.306
CANDIDATE,27.5837778,0.0221,1.516,2.03E+02,11.03,0.2257,1330,739.57,8.5,5092,2.945,7.913,12.148
FALSE POSITIVE,14.36102158,0.003,13.2895,4.60E+05,45.9,0.1007,594,29.44,2599,5229,4.607,0.668,14.419
FALSE POSITIVE,2.570431263,1.054,5.49699,7.68E+04,50.18,0.037,1411,936.9,822.9,6244,4.473,0.971,13.43
FALSE POSITIVE,6.64024496,0.756,6.03491,2.24E+05,74.4,0.0705,1114,364.44,2941,6085,4.293,1.215,13.881
FALSE POSITIVE,14.84424039,0.275,6.83577,8.34E+04,28.97,0.1111,810,101.98,4542.8,6161,4.367,0.988,14.415
FALSE POSITIVE,4.42158021,1.146,10.4532,6.10E+04,188.89,0.0659,2565,10243.23,370.6,8026,3.65,3.461,11.425
FALSE POSITIVE,25.32169873,0.954,4.45367,1.20E+05,56.62,0.1744,655,43.39,673.3,6109,4.455,1.029,15.128
CANDIDATE,3.14735789,0.03,3.643,5.18E+01,3.45,0.0529,2209,5635.4,9.3,5189,3.352,4.93,14.386
FALSE POSITIVE,37.87848359,0.763,10.5972,2.22E+05,46.42,0.2084,503,15.19,1157.6,5985,4.603,0.758,13.265
FALSE POSITIVE,10.11614452,0.879,2.70314,5.81E+04,17.21,0.0744,549,21.56,1144.8,4717,4.737,0.519,15.52
FALSE POSITIVE,0.684496369,0.501,2.263,2.84E+01,1.12,0.0158,2913,17099.5,16.3,5800,3.866,2.053,13.181
FALSE POSITIVE,1.953285321,1.312,1.67598,1.52E+03,151.56,0.0371,2927,17363.68,237.7,6450,3.501,3.928,13.077
FALSE POSITIVE,1.012174295,0.596,4.6617,3.23E+05,114.4,0.0218,2737,13215.77,596,6987,4.096,1.716,14.712
CANDIDATE,2.61090223,0.813,1.976,2.23E+02,1.8,0.0362,1323,724.16,10.7,5514,4.345,1.071,15.829
CANDIDATE,17.6637979,0.695,6.194,6.79E+01,2.98,0.1569,1178,455.65,9.7,5734,3.591,3.405,14.074
CANDIDATE,4.02664625,0.094,3.771,3.00E+01,0.68,0.053,1318,715.51,8.9,6187,4.341,1.238,13.383
CANDIDATE,5.1777226,0.025,8.275,4.17E+01,0.63,0.0592,1050,287.44,6.1,5854,4.469,0.979,12.32
CANDIDATE,9.48814747,0.5693,1.163,4.79E+01,0.73,0.0871,856,126.75,11.1,5680,4.414,1.016,11.525
CANDIDATE,5.06993245,0.3584,3.241,9.36E+01,0.92,0.0583,1053,291.11,11.6,5957,4.506,0.937,14.758
FALSE POSITIVE,346.36642,0.45,14.94,1.48E+02,1.57,0.9944,314,2.3,14.3,6327,4.276,1.259,11.899
FALSE POSITIVE,0.51554111,,0.87,,,,,,,,,,15.786
FALSE POSITIVE,0.892061734,1.079,2.24307,7.56E+04,46.75,0.0173,1724,2090.54,398.1,5561,4.512,0.855,13.815
FALSE POSITIVE,3.471399214,1.014,5.07707,9.23E+04,89.62,0.0492,1558,1390.76,3230.4,6026,4.101,1.689,12.161
FALSE POSITIVE,4.176929219,0.984,5.2003,7.04E+04,31.35,0.0467,938,183.08,187,5462,4.628,0.708,15.22
FALSE POSITIVE,6.3762199,,2.24,,,,,168.45,,,,,15.822
CANDIDATE,9.78184193,,2.3,,,,,,,,,,15.198
CANDIDATE,8.1770751,0.456,4.608,4.43E+01,0.83,0.08,1115,365.09,10.6,6501,4.281,1.209,12.419
CANDIDATE,569.45051,0.001,9.63,4.25E+02,1.96,1.3564,225,0.61,8.2,6117,4.496,0.947,14.542
FALSE POSITIVE,0.823014905,1.247,3.5426,8.51E+02,22.17,0.0159,1482,1136.75,130.5,4975,4.614,0.724,14.221
FALSE POSITIVE,0.796815149,0.524,1.0727,5.59E+01,10.23,0.021,5480,212663.45,4.8,4897,2.464,13.499,11.971
FALSE POSITIVE,26.95123768,1.04,8.27486,8.67E+04,146.33,0.2033,1082,324.38,1451.7,6675,3.748,2.747,11.957
FALSE POSITIVE,18.11208877,0.982,6.7828,1.17E+05,96.62,0.1576,1068,307.27,217.7,7323,4.167,1.722,13.627
CANDIDATE,4.84505985,0.903,2.078,2.98E+02,1.54,0.05,723,64.57,10.7,4337,4.581,0.714,13.731
FALSE POSITIVE,4.408295716,1.159,3.62479,3.80E+04,35.68,0.0492,942,186.23,386.1,5496,4.607,0.743,14.984
FALSE POSITIVE,8.665259912,1.269,3.1088,1.84E+03,82.42,0.0902,1378,852.84,181.4,6071,3.796,2.389,13.852
FALSE POSITIVE,4.726086185,0.651,4.39793,1.82E+05,41.38,0.0544,1032,267.96,1564.3,5873,4.547,0.863,15.181
FALSE POSITIVE,8.643550046,1.076,3.1273,6.73E+04,38.21,0.0772,779,87.16,849.3,5679,4.605,0.747,15.414
CANDIDATE,623.70774,0.003,6.688,2.51E+02,1.81,1.4479,258,1.05,10.2,6626,4.347,1.132,13.379
FALSE POSITIVE,1.51945182,0.599,2.95,1.37E+01,0.5,0.0268,1901,3080.82,9.6,6168,4.25,1.307,12.585
FALSE POSITIVE,0.759755409,0.455,2.734,7.00E+01,0.91,0.0172,2121,4773.08,15.9,6090,4.447,1.071,15.259
FALSE POSITIVE,5.082523739,0.269,5.04732,2.76E+05,61.88,0.0589,1266,606.33,5286.2,6507,4.343,1.145,13.508
FALSE POSITIVE,1.02547271,0.651,1.996,2.70E+01,0.94,0.0222,2657,11800.82,10.9,6862,4.114,1.712,12.407
FALSE POSITIVE,1.025465924,0.88,3.71841,1.53E+05,106.84,0.0224,2710,12744.17,1120.8,6700,4.041,1.883,13.821
FALSE POSITIVE,74.98529295,0.987,6.23451,1.05E+05,49.22,0.3482,425,7.69,1754.8,5955,4.52,0.91,14.851
CANDIDATE,10.95210361,,1.5,,,,,,,,,,11.969
FALSE POSITIVE,25.76205672,0.445,14.8694,4.48E+05,74.87,0.168,604,31.48,3469.5,5539,4.393,1.027,14.231
CANDIDATE,2.70581614,0.6199,6.56,4.69E+01,0.69,0.0365,1356,799.75,41.8,5992,4.42,0.961,10.715
FALSE POSITIVE,1.195516859,0.327,6.17216,5.14E+05,75.54,0.0221,1715,2045.19,1153.4,5780,4.438,1,13.908
FALSE POSITIVE,1.995728294,0.465,6.43532,2.52E+05,45.2,0.0285,1409,928.82,1496.5,5807,4.455,0.861,13.748
FALSE POSITIVE,10.76839193,0.001,12.5252,1.07E+05,52.8,0.0928,970,209.25,2085.7,5226,3.97,1.643,12.88
CANDIDATE,3.84615171,0.153,2.24,1.37E+02,1.14,0.0488,1199,487.47,9.3,6106,4.487,0.966,15.256
FALSE POSITIVE,0.733724504,0.257,2.208,4.59E+01,0.96,0.0154,2601,10830.96,21.4,6175,4.099,1.405,13.436
CANDIDATE,1.28940823,0.628,3.652,3.21E+01,2.48,0.0286,3112,22119.66,10.3,5826,3.465,4.189,13.897
CANDIDATE,498.27269,0.0481,8.92,5.34E+02,2.12,1.2449,214,0.5,6.6,5618,4.514,0.932,15.477
FALSE POSITIVE,5.08840787,0.513,4.77204,3.87E+05,55.3,0.0554,937,181.75,3095,5618,4.583,0.791,15.353
FALSE POSITIVE,18.52782408,0.171,5.88678,7.62E+04,64.66,0.1465,1080,322.19,5547.2,6154,3.793,2.321,12.893
FALSE POSITIVE,12.15524112,0.825,6.84353,8.55E+04,34.62,0.0969,788,91.2,1767.8,5761,4.413,0.932,13.964
CANDIDATE,11.0495766,0.218,2.13,1.03E+02,0.83,0.0895,738,70.24,5.7,5533,4.505,0.819,14.804
CONFIRMED,4.48559215,0.442,0.8161,2.27E+03,0.95,0.0295,365,4.2,15,3236,5.097,0.193,15.737
FALSE POSITIVE,0.566789763,0.6376,4.008,2.54E+01,0.4,0.0126,1984,3662.84,15.4,5799,4.6,0.758,13.767
FALSE POSITIVE,0.566811926,0.681,4.181,8.26E+01,0.91,0.0132,2293,6584.06,22.5,6165,4.474,0.942,15.444
FALSE POSITIVE,2.525386934,0.934,3.71613,1.25E+05,67.24,0.0386,1701,1982.55,1003,6826,4.337,1.233,14.34
FALSE POSITIVE,0.566801506,0.369,1.738,2.95E+01,0.62,0.0135,2557,10156.53,19.2,6398,4.358,1.111,11.656
FALSE POSITIVE,0.566803738,0.6755,1.8481,1.01E+02,1.13,0.0136,2450,8516.13,33.1,6300,4.404,1.057,14.313
FALSE POSITIVE,1.69421771,0.734,4.161,9.11E+01,0.74,0.0251,1274,621.89,15,5402,4.591,0.717,15.041
CANDIDATE,13.8086331,0.029,3.613,2.07E+02,1.09,0.1038,659,44.5,9,5515,4.568,0.761,15.567
CANDIDATE,4.25907841,0.362,4.513,2.81E+01,0.7,0.0504,1253,583.12,11.5,5560,4.173,1.316,12.832
FALSE POSITIVE,2.739477089,1.189,3.18229,3.21E+04,50.48,0.0395,1475,1120.19,593.6,6469,4.431,1.056,13.636
FALSE POSITIVE,1.307761491,1.237,2.22271,1.39E+04,29.17,0.0203,1298,671.75,531.5,5112,4.596,0.673,14.932
FALSE POSITIVE,4.028671454,0.294,8.12253,1.14E+05,52.42,0.0535,1492,1169.87,2152.8,6327,4.168,1.528,13.775
FALSE POSITIVE,2.30118753,1.033,7.8216,8.75E+04,140.23,0.0423,2783,14194.09,404.8,7970,3.871,2.652,13.489
FALSE POSITIVE,0.449249224,0.494,4.7565,4.19E+05,95.83,0.0117,2941,17801.78,1194.9,6338,4.239,1.299,15.282
FALSE POSITIVE,0.687004402,0.689,3.829,9.37E+01,2.89,0.017,3535,36888.8,45,6240,3.684,2.803,13.316
FALSE POSITIVE,0.91839938,0.519,4.479,1.52E+02,1,0.0174,1558,1389.28,16.8,5222,4.556,0.795,15.908
CANDIDATE,64.1983721,0.347,0.934,2.48E+02,1.74,0.3034,506,15.49,6.8,6088,4.329,1.077,13.839
FALSE POSITIVE,0.94356284,0.569,5.721,1.34E+01,0.76,0.0227,3176,23945.42,16,7693,4.083,1.984,12.749
FALSE POSITIVE,2.243569483,0.381,4.14769,6.63E+04,21.11,0.031,1364,817.05,1107.7,6081,4.526,0.801,14.965
FALSE POSITIVE,8.258181993,0.61,3.9122,3.12E+05,58.19,0.0743,809,101.33,2981.6,5306,4.445,0.888,13.448
CANDIDATE,82.78482,0.682,7.52,1.90E+02,2.16,0.3793,501,14.88,8.4,5749,4.123,1.48,14.909
FALSE POSITIVE,1.81139053,1.137,8.64,7.75E+01,14.47,0.0291,1466,1092.69,12.5,5941,4.519,0.911,15.372
CANDIDATE,2.4376438,0.112,1.587,2.71E+01,0.79,0.0368,1686,1909.13,8.8,5927,4.117,1.53,12.66
CANDIDATE,0.721522907,0.831,1.4521,2.25E+04,11.04,0.0134,1475,1115.99,815.3,4893,4.634,0.625,15.069
FALSE POSITIVE,7.09520543,0.778,3.69044,2.33E+05,50.23,0.0688,813,103.28,1959.2,5481,4.592,0.778,15.137
FALSE POSITIVE,0.651731691,1.255,2.4602,2.05E+04,71.9,0.0142,2604,10815.86,347.5,5791,4.052,1.472,13.879
FALSE POSITIVE,0.50818743,0.779,3.433,5.49E+01,1.26,0.0144,3274,27312.92,29.1,7141,4.243,1.56,13.313
FALSE POSITIVE,2.73398963,,1.52,,,,,25373.9,,,,,11.727
CANDIDATE,19.1644498,0.525,3.553,6.38E+01,1.83,0.1538,988,225.26,8.9,5877,3.86,2.234,13.314
FALSE POSITIVE,40.06967462,0.767,9.3564,4.19E+04,27.38,0.2376,588,28.2,1304.8,5911,4.321,1.207,14.458
FALSE POSITIVE,55.884827,0.752,2.283,4.98E+02,2.11,0.2828,438,8.7,7.7,5668,4.545,0.868,15.873
FALSE POSITIVE,3.75938475,0.505,1.188,1.33E+02,3.1,0.0452,1677,1868.97,11.3,4976,3.534,2.638,12.917
FALSE POSITIVE,10.6840477,1.012,3.515,8.19E+04,26.43,0.0779,444,9.21,395.3,3887,4.743,0.523,15.774
FALSE POSITIVE,2.00280845,,1.22,,,,,15763.18,,,,,11.696
FALSE POSITIVE,10.67459836,1.255,3.82706,1.67E+04,68.58,0.1039,1083,325.55,1845.6,6496,4.212,1.485,10.81
FALSE POSITIVE,2.305097141,1.286,1.9378,5.88E+03,89.22,0.0438,2753,13581.41,133.4,8851,4.085,2.178,13.866
FALSE POSITIVE,0.974477904,1.252,2.69834,8.85E+03,618.37,0.0293,5205,172916.96,801.7,5210,2.631,15.004,10.282
FALSE POSITIVE,18.52591745,0.415,5.9056,4.56E+05,64.42,0.1361,618,34.58,2246.9,5492,4.533,0.887,15.124
CANDIDATE,4.15736472,0.226,2.217,2.01E+02,1.09,0.0471,931,178.03,11.2,5183,4.558,0.782,15.517
FALSE POSITIVE,0.502454299,1.17,2.31547,3.75E+04,43.95,0.0121,2336,7025.25,873.6,6134,4.498,0.901,13.532
FALSE POSITIVE,27.30815016,0.167,4.43906,3.88E+05,47.06,0.1611,523,17.75,820.9,5541,4.574,0.739,15.529
FALSE POSITIVE,1.262742487,1.213,1.7433,1.59E+04,134.45,0.0263,2548,9925.41,60.8,5273,3.621,3.15,13.573
FALSE POSITIVE,0.59586463,,1.5,,,,,931.51,,,,,14.343
FALSE POSITIVE,1.222127938,1.258,2.2613,2.49E+03,30.32,0.0208,1470,1107.41,200.9,5157,4.465,0.87,14.73
FALSE POSITIVE,8.627475562,1.141,4.65505,3.68E+04,188.55,0.1002,1446,1031.92,1157.5,5146,3.475,4.063,13.835
FALSE POSITIVE,0.589753355,0.318,0.606,2.16E+02,1.03,0.0125,1760,2262.14,12.4,5414,4.648,0.678,15.832
FALSE POSITIVE,2.751566365,1.041,5.2403,7.26E+04,42.98,0.0364,1171,445.35,180,5461,4.497,0.861,15.311
FALSE POSITIVE,0.760935268,0.527,2.77023,3.71E+05,35.68,0.0132,1285,640.66,1289,4675,4.74,0.511,12.402
CANDIDATE,2.012094,0.066,2.157,7.48E+01,0.99,0.0309,1523,1274.27,9.1,5633,4.296,1.162,14.927
FALSE POSITIVE,1.33258772,0.634,5.187,7.08E+01,1.13,0.0234,1825,2625.26,16,5576,4.201,1.289,15.276
CANDIDATE,9.4767057,0.003,3.893,2.31E+02,1.38,0.0879,841,118.13,8.6,5911,4.519,0.914,15.761
CANDIDATE,6.65171459,0.408,2.325,1.52E+02,0.84,0.0628,713,61.01,10,4889,4.637,0.686,14.976
CANDIDATE,208.54335,0.001,9.851,6.15E+02,2.84,0.6732,321,2.52,10.4,5533,4.275,1.166,15.254
CANDIDATE,17.7189786,0.05,4.102,1.77E+02,1.44,0.1304,713,61.01,9.7,5566,4.329,1.099,15.246
CANDIDATE,5.0395851,0.1968,4.556,7.01E+01,0.78,0.0552,1067,306.35,9.6,5912,4.453,0.924,14.634
CANDIDATE,7.64370363,0.785,2.738,7.09E+01,1.85,0.0819,1334,748.7,13.2,6120,3.934,2,13.266
FALSE POSITIVE,1.353414369,1.202,13.416,6.10E+02,216.31,0.03,3617,40561.5,100.8,4850,2.865,8.586,12.318
FALSE POSITIVE,2.9590637,0.2957,28.81,2.36E+01,0.65,0.0403,1564,1415.74,6.4,6192,4.195,1.322,12.913
FALSE POSITIVE,1.806631432,0.536,1.102,2.18E+02,1.05,0.0257,1059,297.98,10.4,4606,4.591,0.699,15.278
FALSE POSITIVE,15.06649153,0.988,6.2852,1.06E+05,88.56,0.1206,932,177.96,893,5751,4.028,1.626,14.213
FALSE POSITIVE,1.831829703,0.788,7.289,4.05E+04,49.38,0.0273,2078,4410.65,140.4,5269,3.667,2.183,13.061
FALSE POSITIVE,0.738527259,1.171,1.2174,4.23E+02,49.08,0.0175,2978,18549.81,104.1,5869,3.825,2.313,12.997
FALSE POSITIVE,0.89627093,1.062,2.2033,6.70E+04,43.47,0.0172,1733,2129.33,152.9,5551,4.493,0.861,15.261
CANDIDATE,5.11683678,0.286,3.119,1.61E+02,1.16,0.0582,1039,275.15,9.2,5955,4.52,0.91,15.221
FALSE POSITIVE,1.06100327,0.0834,1.675,9.59E+01,0.94,0.0207,1793,2443.69,9.7,5966,4.493,0.961,15.14
FALSE POSITIVE,0.922030594,1.242,4.367,1.39E+04,49.63,0.0196,2194,5474.27,331.7,6484,4.386,1.153,14.351
FALSE POSITIVE,611.09299,0.2171,15.22,2.70E+02,1.53,1.4167,215,0.51,12.2,6032,4.508,0.929,13.604
FALSE POSITIVE,24.71479071,0.781,5.06776,2.09E+05,112.24,0.1772,901,155.67,5148.8,6300,3.982,1.862,12.526
CANDIDATE,16.1191449,0.6704,3.039,2.62E+02,1.34,0.1125,619,34.7,8.2,5319,4.514,0.783,15.696
FALSE POSITIVE,3.6329347,,2.3,,,,,10830.2,,,,,13.758
FALSE POSITIVE,1.161947482,0.815,4.46886,1.30E+05,68.69,0.0232,2174,5300.4,2435.4,6225,4.204,1.457,13.14
FALSE POSITIVE,0.607191908,0.917,1.30166,1.74E+04,12.44,0.0122,1759,2251.28,961.9,5370,4.598,0.671,15.428
FALSE POSITIVE,2.2502073,0.268,2.203,2.60E+02,19.94,0.0382,3637,41377.92,7.8,4507,2.391,12.787,11.946
CANDIDATE,17.9925973,0.678,2.762,1.99E+02,1.62,0.133,748,73.97,8.7,5931,4.351,1.087,14.604
FALSE POSITIVE,0.648775795,0.961,4.34648,1.09E+05,41.58,0.0136,1714,2038.54,6873.9,5143,4.559,0.776,10.201
FALSE POSITIVE,4.132521615,0.877,12.4949,1.56E+05,93.1,0.0518,1628,1660.29,440,6567,4.045,1.636,13.894
FALSE POSITIVE,410.88527,100.196,24.1,2.06E+03,200346,1.5122,774,84.63,21.5,5015,2.34,18.489,12.962
CANDIDATE,74.371666,0.6894,12.59,1.03E+02,2.39,0.3445,767,81.88,12.1,6865,3.742,2.211,11.319
FALSE POSITIVE,0.938905082,0.54,5.00453,3.59E+05,205.64,0.0237,4281,79148.54,2584.7,8615,3.784,3.003,13.613
FALSE POSITIVE,0.93891532,0.069,2.134,3.91E+01,1.13,0.021,2667,11944.88,8.2,6534,4.074,1.797,13.91
FALSE POSITIVE,16.29421371,0.612,6.01687,1.74E+05,68.05,0.1322,929,176.22,7486.2,6237,4.145,1.508,14.203
FALSE POSITIVE,11.02520205,0.439,12.8097,4.30E+05,164.02,0.0977,1294,663.18,2585.5,6047,3.724,2.3,12.113
FALSE POSITIVE,10.81916946,0.275,5.50262,4.37E+05,67.76,0.0946,850,123.51,5258.2,5955,4.429,0.991,14.342
FALSE POSITIVE,2.680514453,0.359,3.21178,1.96E+05,48.86,0.0373,1431,989.89,665.5,6038,4.356,1.076,14.746
CANDIDATE,19.164111,0.805,2.773,2.16E+02,1.11,0.1269,519,17.12,8.1,5103,4.65,0.674,15.455
FALSE POSITIVE,1.053573674,1.308,1.70116,3.06E+03,299.87,0.0263,4319,81969.77,445.3,5838,3.038,7.385,12.97
FALSE POSITIVE,0.970085646,0.035,1.129,1.53E+02,18.65,0.0241,5119,162048.58,9.8,4555,2.346,15.63,12.026
FALSE POSITIVE,63.52017525,0.375,17.1759,3.25E+04,77.1,0.3699,745,72.92,1708.1,4938,3.388,4.33,14.985
FALSE POSITIVE,11.30098763,0.606,10.5199,3.26E+05,97.12,0.1024,1019,254.84,5027.8,6143,4.165,1.448,13.203
FALSE POSITIVE,0.92098747,,2.04,,,,,27890.55,,,,,10.206
FALSE POSITIVE,2.182515126,0.968,6.8413,1.15E+05,128.15,0.0405,2703,12627.67,861.6,8051,3.966,2.347,13.419
FALSE POSITIVE,2.659418888,0.634,6.98414,3.05E+05,61.52,0.0376,1352,789.69,5776.1,6156,4.5,0.932,14.905
FALSE POSITIVE,2.31610674,0.404,3.347,3.36E+01,0.7,0.0347,1559,1393.98,13,6025,4.3,1.193,13.608
CANDIDATE,13.5164708,0.1593,2.628,1.40E+02,0.88,0.1036,645,40.81,7.1,5442,4.6,0.747,15.087
FALSE POSITIVE,0.948683571,0.691,1.676,1.51E+02,1.12,0.0186,1665,1815.32,13.8,5576,4.556,0.852,15.8
FALSE POSITIVE,1.65546056,0.109,3.52,1.25E+02,0.9,0.0266,1331,743.75,12.4,5438,4.574,0.82,15.876
FALSE POSITIVE,1.655472351,0.836,5.09197,1.74E+05,125.25,0.0295,2546,9914.08,823.8,6725,3.86,2.171,11.471
FALSE POSITIVE,4.50279037,,6.72,,,,,1017.15,,,,,11.606
FALSE POSITIVE,1.759276227,1.026,3.19585,3.21E+04,40.79,0.0307,1861,2828.82,2857.7,6656,4.351,1.232,12.984
FALSE POSITIVE,1.09206792,0.378,1.646,1.06E+02,0.74,0.0192,1320,715.46,7.7,4856,4.609,0.728,15.924
CANDIDATE,4.83014159,0.034,0.957,1.92E+02,1.3,0.0549,1039,275.02,11.7,5693,4.467,0.939,14.991
CANDIDATE,2.41194057,0.579,1.787,6.73E+01,1.35,0.0355,1654,1771.98,10.6,5598,4.045,1.594,14.106
FALSE POSITIVE,1.613014741,0.882,4.39594,1.52E+05,157.33,0.0335,3145,23173.2,1096.1,7832,3.836,2.779,12.146
FALSE POSITIVE,6.2089181,0.6977,2.292,1.66E+03,9.2,0.0666,1378,853.5,8.4,5548,3.797,2.113,16.984
FALSE POSITIVE,0.77996263,0.0723,3.369,2.57E+01,0.83,0.0168,2607,10919.82,9.7,6002,4.032,1.629,13.417
CANDIDATE,0.800263219,0.16,0.729,1.71E+02,0.77,0.014,1240,561.84,13.2,4336,4.656,0.59,15.695
FALSE POSITIVE,18.64632309,0.742,8.853,2.31E+05,213.31,0.1589,1194,480.54,2895.8,5786,3.542,3.478,13.729
CANDIDATE,441.17369,0.3151,14.82,7.02E+02,2.27,1.1175,217,0.52,11.5,5610,4.551,0.858,15.632
FALSE POSITIVE,3.6673005,0.1985,3.373,1.45E+02,0.62,0.0376,627,36.42,9.1,3823,4.729,0.519,15.826
FALSE POSITIVE,3.044771557,0.295,11.0593,4.88E+05,231.93,0.0522,2816,14849.39,3684.9,8199,3.747,3.163,12.146
FALSE POSITIVE,0.773144492,0.694,4.05643,2.16E+05,107.13,0.0187,2860,15791.97,2947.8,6413,4.038,1.91,13.833
FALSE POSITIVE,2.66811113,0.9911,22.49,4.83E+01,1.53,0.0411,1792,2439.28,32.5,6593,4.164,1.561,13.688
FALSE POSITIVE,50.44028536,0.658,12.2001,8.53E+04,51.5,0.2744,673,48.36,2499.7,6225,4.039,1.646,12.009
FALSE POSITIVE,3.255385289,0.523,5.9498,1.59E+05,40.58,0.0419,1236,550.68,840.7,5806,4.425,0.975,15.091
FALSE POSITIVE,7.4185369,0.053,1.451,1.47E+01,0.81,0.0984,1963,3511.86,5.2,9763,4.179,2.045,11.364
FALSE POSITIVE,15.68434493,1.206,44.463,7.92E+02,56.23,0.1357,1136,393.14,256.3,6407,3.888,2.191,13.102
FALSE POSITIVE,5.357409918,0.804,4.28582,1.99E+05,124.05,0.0598,1492,1172.13,936.1,5768,3.809,2.057,13.166
FALSE POSITIVE,1.400991827,1.093,4.8798,6.41E+04,98.13,0.0276,2468,8795.37,669.6,6706,4.026,1.924,11.244
CANDIDATE,19.2532128,0.247,1.674,2.19E+02,1.42,0.1423,692,54.13,7.4,6060,4.495,0.953,15.362
FALSE POSITIVE,1.34062901,0.531,3.076,6.95E+01,0.82,0.0241,1678,1876.57,13.1,6045,4.494,0.955,15.13
CANDIDATE,14.1011023,0.071,4.513,1.08E+02,1.26,0.122,904,157.56,8.1,6534,4.365,1.199,15.105
FALSE POSITIVE,7.448375935,0.35,4.23892,1.53E+05,34.37,0.0706,871,136.18,1837.9,5636,4.489,0.867,15.178
FALSE POSITIVE,0.533628226,0.9385,5.772,8.18E+01,2.41,0.0144,3885,53849.23,35.3,7163,3.906,2.177,11.299
FALSE POSITIVE,0.678137665,1.263,1.00718,8.85E+02,30.37,0.0146,2274,6364.7,172.7,6429,4.449,0.942,14.291
FALSE POSITIVE,2.069415479,1.241,5.71941,1.62E+04,55.45,0.0343,1768,2310.53,1148.3,6640,4.343,1.25,13.681
CANDIDATE,1.817079849,0.276,0.889,2.05E+02,1.39,0.0299,1454,1056.39,10.8,5808,4.503,0.963,15.591
FALSE POSITIVE,8.04963472,0.671,6.00488,2.80E+05,95.98,0.0834,1247,571.1,5246.5,6698,4.171,1.485,13.831
FALSE POSITIVE,11.57894687,0.441,4.6373,3.00E+05,58.32,0.0949,869,134.91,2456.3,6028,4.355,1.014,15.003
FALSE POSITIVE,1.47258471,0.75,4.76885,2.24E+05,123.25,0.0292,2705,12617.53,741.5,7360,4.008,2.024,14.206
CANDIDATE,5.15998178,1.306,3.356,4.12E+02,19.07,0.048,574,25.63,9.9,3900,4.727,0.534,15.949
FALSE POSITIVE,4.446459958,1.277,2.558,5.66E+03,36.15,0.0517,1030,265.42,178.3,5615,4.504,0.893,14.735
CANDIDATE,23.3787733,0.2093,6.76,7.60E+01,0.92,0.164,694,54.98,8.1,6210,4.424,1.054,13.853
CANDIDATE,15.09984259,0.9711,0.222,4.85E+02,4.11,0.1028,576,25.98,6.7,5191,4.615,0.65,15.37
FALSE POSITIVE,8.207257515,0.596,4.23835,3.91E+05,46.82,0.0676,650,42.1,1748.3,4859,4.637,0.621,15.3
FALSE POSITIVE,498.68845,0.1119,17.88,5.48E+02,2.44,1.2722,246,0.87,9.4,6184,4.448,1.038,15.166
FALSE POSITIVE,1.22775105,0.262,1.602,3.28E+02,1,0.0188,1094,340.64,20.3,4551,4.713,0.56,15.715
CANDIDATE,15.3416245,0.0481,2.126,2.70E+02,1.3,0.1109,605,31.63,9.2,5061,4.504,0.814,14.813
CANDIDATE,21.980467,0.417,4.78,9.60E+01,0.92,0.1448,625,36.07,10.1,5573,4.418,0.936,13.852
FALSE POSITIVE,7.214721393,0.898,2.36464,4.68E+04,16.79,0.06,630,37.12,582,4705,4.696,0.552,14.853
CONFIRMED,8.15275885,0.461,1.746,1.65E+04,2.44,0.0439,305,2.03,9.2,3327,5.113,0.189,17.475
FALSE POSITIVE,3.18740907,0.144,6.19,1.38E+02,0.81,0.0381,919,168.43,9.2,4808,4.589,0.715,16.153
FALSE POSITIVE,10.23273611,,1.55,,,,,,,,,,11.614
FALSE POSITIVE,0.962815183,0.0916,2.581,2.07E+01,1.12,0.0211,3152,23331.88,12.1,6638,3.792,2.445,12.876
CANDIDATE,7.23524221,0.182,2.685,6.00E+01,0.82,0.0716,948,191.14,15.2,5574,4.354,1.065,12.639
CANDIDATE,10.72900793,0.2652,0.696,4.04E+02,1.78,0.0944,722,64.33,10.1,5375,4.541,0.876,15.188
CANDIDATE,8.19619768,0.781,2.109,1.97E+02,1.55,0.0758,851,123.81,9.3,5323,4.378,0.995,15.188
CANDIDATE,5.215752,0.729,1.13,4.68E+01,0.83,0.0628,1156,422.67,5.1,6202,4.422,1.122,12.692
FALSE POSITIVE,0.696290095,1.123,3.839,1.21E+02,12.63,0.0152,1969,3537.89,19.4,5904,4.543,0.867,15.034
CANDIDATE,10.0714369,0.006,6.891,4.95E+01,1.98,0.098,1362,814.46,10.8,5768,3.633,2.81,13.472
FALSE POSITIVE,0.62240698,0.0908,1.186,1.56E+02,1.63,0.0157,2663,11894.49,10.2,6661,4.341,1.29,12.92
CANDIDATE,4.37198905,0.177,2.177,1.04E+02,0.93,0.0515,1085,327.65,9.9,5823,4.489,0.919,14.701
CANDIDATE,6.72876606,0.5757,2.277,1.17E+02,1.03,0.0686,940,184.66,7.8,5823,4.489,0.919,14.701
FALSE POSITIVE,24.09002065,0.946,11.0494,6.78E+03,9.39,0.1475,551,21.85,252.3,5354,4.495,0.804,14.94
FALSE POSITIVE,4.4158933,0.1672,1.155,1.91E+02,1.42,0.0549,1138,395.82,5.8,5977,4.473,1.022,15.417
CANDIDATE,3.09383248,0.356,1.576,3.74E+02,1.32,0.0378,998,233.91,9.7,5327,4.646,0.681,15.896
FALSE POSITIVE,2.666961614,1.276,2.4774,7.58E+03,40.68,0.0383,1469,1104.26,249.5,6609,4.484,0.974,13.968
FALSE POSITIVE,1.17430183,0.9744,9.587,6.45E+01,2.22,0.026,3020,19656.66,13.5,7537,4.007,2.145,12.08
CANDIDATE,14.05652256,,2.56,,,,,,,,,,13.697
FALSE POSITIVE,15.03946452,0.998,5.39796,6.69E+04,51.71,0.1224,877,139.95,1133.5,6410,4.329,1.178,13.623
FALSE POSITIVE,3.693951168,0.917,2.2534,2.83E+04,20.88,0.0463,1148,411.07,173.2,5968,4.534,0.881,15.286
FALSE POSITIVE,1.05680287,0.563,5.748,8.23E+01,0.83,0.0201,1633,1686.88,10.9,5584,4.532,0.885,15.87
FALSE POSITIVE,0.787122102,1.211,3.0999,5.97E+02,20.76,0.0154,1655,1775.05,57.4,5210,4.528,0.799,15.626
FALSE POSITIVE,2.15045295,0.3604,4.453,1.69E+02,24.27,0.0469,4340,83894.63,25.8,4899,2.356,18.92,11.359
FALSE POSITIVE,0.561524348,0.4172,3.336,3.41E+01,0.43,0.0116,2050,4173.47,15.7,5919,4.55,0.715,14.564
CANDIDATE,315.0771719,,10.31,,,,,,,,,,15.341
FALSE POSITIVE,1.21607873,0.991,4.686,2.94E+01,1.92,0.0241,2803,14545.24,11.2,6234,3.741,2.5,13.333
FALSE POSITIVE,38.49536985,1.013,12.8716,9.33E+04,124.34,0.2458,824,109.13,201.9,6050,3.823,2.345,13.173
FALSE POSITIVE,4.18224416,0.99,6.209,5.72E+01,1.07,0.049,1206,500.7,13.8,6057,4.392,0.999,13.732
FALSE POSITIVE,0.643002821,1.261,1.02608,2.67E+03,36.82,0.0136,2188,5409.39,295.6,5681,4.315,1.036,14.984
FALSE POSITIVE,1.95119541,0.1533,1.907,5.97E+01,0.47,0.027,1050,287.41,7.7,4936,4.681,0.628,15.105
FALSE POSITIVE,53.220417,0.248,17.7344,7.29E+04,55.22,0.2977,655,43.63,4563.5,5653,3.905,2.057,13.613
CANDIDATE,8.0018897,0.442,3.425,1.03E+02,0.9,0.0776,864,131.75,9.8,5830,4.54,0.876,15.032
CANDIDATE,383.85362,0.5927,9.76,4.23E+02,2.78,1.1395,314,2.29,7.5,6675,4.341,1.293,15.232
CANDIDATE,2.564012541,0.166,0.9433,2.55E+03,7.27,0.037,1720,2065.56,5.3,6274,4.139,1.428,14.121
FALSE POSITIVE,0.71538172,,5,,,,,7377.38,,,,,14.67
FALSE POSITIVE,2.264471713,0.81,7.1803,1.87E+05,102.12,0.0354,2103,4637.68,873.7,6782,4.014,1.752,13.983
FALSE POSITIVE,18.3602239,0.1819,2.352,5.75E+02,2.04,0.134,637,38.9,12.4,5713,4.551,0.856,15.703
CANDIDATE,5.21395046,0.195,3.188,7.85E+01,1.24,0.0582,1201,492.29,8.6,5529,4.123,1.412,14.43
CANDIDATE,24.996068,0.409,5.623,6.22E+02,2.4,0.1693,604,31.43,9.4,5761,4.492,0.956,15.183
CANDIDATE,8.9429645,0.088,1.803,2.34E+02,0.89,0.0704,536,19.51,7.2,4183,4.655,0.594,15.537
FALSE POSITIVE,281.509095,0.626,40.963,5.95E+03,85.77,1.0218,685,52.05,182.5,4797,2.632,10.709,10.974
CANDIDATE,2.405625303,0.467,0.6283,1.64E+02,1.11,0.0344,1180,459.66,12,5450,4.573,0.83,14.709
FALSE POSITIVE,3.258249472,1.264,2.6358,1.64E+03,79.23,0.0489,2057,4234.38,202,6712,3.859,2.361,13.059
FALSE POSITIVE,552.8295063,0.653,16.0851,2.66E+05,56.89,1.2226,229,0.65,942.6,5956,4.403,0.929,14.973
FALSE POSITIVE,0.773595312,0.612,0.781,9.30E+01,0.96,0.0166,1976,3613.97,13.2,5973,4.506,0.935,14.882
CANDIDATE,0.7735301,0.336,1.335,1.85E+02,1.87,0.017,2474,8868.22,14.2,6296,4.217,1.35,14.752
FALSE POSITIVE,533.6593,0.1083,12.81,5.34E+02,1.92,1.2547,205,0.42,7.8,5695,4.556,0.839,14.931
CANDIDATE,2.42186898,,6.22,,,,,,,,,,13.583
FALSE POSITIVE,44.82732381,1.494,6.86103,2.37E+05,429,0.2797,779,87.2,4484.5,5160,3.568,3.279,11.56
FALSE POSITIVE,7.535894184,0.644,8.3059,1.72E+05,24.64,0.0625,642,40.28,1446.7,4969,4.736,0.537,15.398
FALSE POSITIVE,0.562498925,0.971,0.6743,4.20E+02,2.88,0.0127,2129,4880.5,44.1,5638,4.437,0.933,14.792
FALSE POSITIVE,0.755049082,1.225,2.09643,2.61E+04,30.47,0.0138,1551,1372.84,683.7,5242,4.64,0.622,13.276
FALSE POSITIVE,1.012694226,0.534,3.6017,1.09E+05,42.51,0.0203,2230,5846.79,185.1,6487,4.292,1.233,14.713
FALSE POSITIVE,10.303356,0.364,5.98633,5.20E+05,69.66,0.0854,787,90.76,2039.1,5497,4.423,0.9,15.177
FALSE POSITIVE,2.214029545,0.371,5.64264,3.49E+05,94.23,0.0361,1894,3041.8,2680.5,6604,4.178,1.526,13.3
FALSE POSITIVE,2.441988077,0.888,3.94526,9.53E+04,90.39,0.0373,1993,3721.74,1174.5,6078,3.874,2.059,11.535
FALSE POSITIVE,2.44200193,0.124,3.146,1.29E+02,0.95,0.0349,1217,518.48,9.6,5587,4.556,0.851,15.617
CONFIRMED,384.847556,0.059,9.969,1.90E+02,1.09,0.994,220,0.56,12.3,5579,4.58,0.798,13.426
FALSE POSITIVE,2.131225773,1.264,5.4932,2.34E+03,35.68,0.0316,1555,1382.47,215.6,6181,4.38,1.028,14.818
CANDIDATE,0.839907158,0.23,1.019,1.20E+02,0.92,0.0162,1640,1705.12,10.7,5120,4.478,0.853,15.695
FALSE POSITIVE,1.219736039,0.229,4.89465,6.12E+05,135.43,0.0253,2611,10982.55,1037.2,7358,4.171,1.637,14.871
FALSE POSITIVE,2.015152464,0.308,8.17997,5.62E+05,132.05,0.0353,2107,4657.05,4129.6,6988,4.163,1.649,13.705
FALSE POSITIVE,0.82820657,0.94,2.70353,1.19E+05,35.67,0.0149,1473,1109.75,548.3,5033,4.611,0.655,13.221
CANDIDATE,1.7613778,0.159,1.355,3.59E+02,2.32,0.0302,1824,2621.69,10.5,6544,4.349,1.207,15.02
FALSE POSITIVE,2.537081943,0.451,4.80903,2.45E+05,67.96,0.0394,1712,2032.57,2434.8,6735,4.307,1.309,13.04
FALSE POSITIVE,14.44312745,0.98,8.33598,4.17E+04,92.28,0.1262,1182,462.07,2186,5757,3.672,2.736,12.732
FALSE POSITIVE,5.61386908,1.07,5.07753,5.74E+04,34.24,0.0549,714,61.43,1253.6,4504,4.582,0.709,14.072
FALSE POSITIVE,9.080194398,0.614,8.18777,3.25E+05,76.4,0.0896,1013,248.49,3481.8,6461,4.396,1.131,15.163
FALSE POSITIVE,9.93442075,1.117,7.8219,5.60E+04,34.03,0.0817,679,50.35,529,5382,4.654,0.669,15.39
FALSE POSITIVE,2.071939672,0.806,4.45367,1.99E+05,75.64,0.032,1696,1953.33,2409.8,6140,4.247,1.254,13.553
FALSE POSITIVE,8.5893644,0.791,6.975,1.79E+02,1.21,0.0795,792,93.09,9.8,5602,4.571,0.817,15.687
FALSE POSITIVE,8.589644815,0.686,9.49469,2.70E+05,140.07,0.0858,1412,940.15,5324.6,6331,3.813,2.194,9.557
CANDIDATE,11.7728146,0.407,4.132,7.71E+01,0.93,0.097,788,90.86,9.9,5410,4.333,1.056,13.717
FALSE POSITIVE,1.009671584,0.864,4.37759,1.55E+05,125.31,0.0236,3287,27692.04,1440.7,7652,3.974,2.242,13.918
CANDIDATE,2.46506501,0.6323,6.218,3.98E+01,1.14,0.0395,1999,3777.82,10.3,6881,4.101,1.714,12.446
CANDIDATE,1.758599866,0.035,0.2729,2.38E+02,1.6,0.0262,1101,347.1,11.9,4744,4.606,0.725,15.59
FALSE POSITIVE,1.260575815,0.58,2.36064,1.54E+05,29.91,0.0203,1410,935.7,781.2,5388,4.576,0.715,14.864
FALSE POSITIVE,1.88912273,0.477,4.219,6.02E+01,0.59,0.0276,1248,573.44,15.5,5413,4.578,0.754,14.606
FALSE POSITIVE,0.609125246,0.242,0.655,1.39E+02,0.96,0.0135,1896,3049.07,10.9,5595,4.581,0.796,15.64
CANDIDATE,14.1573717,0.138,3.786,1.30E+02,1.1,0.1161,778,86.67,9.3,6122,4.487,0.964,14.718
FALSE POSITIVE,1.566528935,1.033,3.2593,9.25E+04,49.66,0.0253,1551,1371.7,485,5883,4.471,0.905,13.984
FALSE POSITIVE,4.52977632,0.968,26.752,1.58E+03,12.22,0.0693,2264,6213.27,55.2,8912,4.05,2.299,11.991
CANDIDATE,1.291964282,0.461,1.8378,2.86E+04,10.97,0.0199,1249,572.64,45.8,4995,4.624,0.638,13.238
CANDIDATE,37.4646974,0.2,4.954,5.16E+01,0.97,0.2238,677,49.61,10.3,6266,4.209,1.342,12.052
FALSE POSITIVE,4.32744048,0.2789,4.539,2.20E+01,0.58,0.0526,1254,585.32,8,5888,4.275,1.227,12.4
FALSE POSITIVE,11.57958162,,2.47,,,,,,,,,,13.458
CANDIDATE,6.31915999,0.575,3.465,3.44E+01,1.04,0.0693,1369,829.72,9.8,6254,4.019,1.706,13.096
CANDIDATE,2.58393841,0.229,2.169,4.94E+01,0.77,0.0373,1470,1103.3,8.5,6164,4.378,1.09,13.874
FALSE POSITIVE,0.87630504,1.207,1.11,1.71E+02,22.24,0.018,1911,3156.02,25.2,6032,4.508,0.929,14.84
CANDIDATE,6.5595368,0.378,4.324,2.63E+01,0.62,0.0708,1079,320.09,10.1,5950,4.323,1.196,12.788
CANDIDATE,31.5322987,0.0671,3.49,1.06E+02,0.74,0.182,461,10.65,7.8,5183,4.608,0.739,14.29
CANDIDATE,14.7510068,0.75,2.25,3.81E+02,1.7,0.1104,629,36.94,9.5,5295,4.548,0.8,15.85
FALSE POSITIVE,15.58279473,0.759,3.76683,5.28E+04,14,0.1,397,5.86,439.3,3849,4.703,0.546,15.368
FALSE POSITIVE,1.529283907,0.981,14.0075,5.48E+01,2.26,0.0281,2550,9998.13,41.5,6438,3.829,2.266,11.268
FALSE POSITIVE,2.908454772,1.113,2.6005,6.43E+04,40.85,0.0355,1153,416.75,252.8,5631,4.518,0.764,14.661
FALSE POSITIVE,1.540396094,1.093,2.8044,5.51E+04,48.81,0.0262,1576,1455.18,340.4,5780,4.438,1,13.76
FALSE POSITIVE,1.540395674,1.072,2.80168,7.06E+04,117.33,0.0299,2850,15595.35,997.9,7394,3.897,2.283,7.57
FALSE POSITIVE,2.344138713,0.104,0.4495,1.11E+02,2.43,0.0356,1797,2469.65,8.6,5313,3.835,2.095,13.419
FALSE POSITIVE,0.91849333,0.276,2.399,5.87E+01,0.93,0.02,2205,5576.7,13,6469,4.385,1.193,13.476
FALSE POSITIVE,1.341078755,0.309,3.86492,1.12E+05,41.8,0.025,1968,3533.56,1829.3,6368,4.323,1.225,13.682
FALSE POSITIVE,316.950146,,5.33,,,,,,,,,,16.923
FALSE POSITIVE,589.74851,0.3597,12.74,4.62E+02,2.03,1.3854,217,0.53,11.5,6003,4.507,0.932,14.839
FALSE POSITIVE,235.2976173,0.2758,87.013,2.31E+04,82.92,0.7587,585,27.65,210.7,4894,2.968,5.568,11.447
CANDIDATE,54.54312996,,7.03,,,,,,,,,,11.642
FALSE POSITIVE,7.4539297,,14.21,,,,,520.65,,,,,13.272
FALSE POSITIVE,36.136968,0.296,15.42,1.52E+02,1.3,0.2212,600,30.69,10.4,6258,4.442,1.046,15.44
FALSE POSITIVE,0.933746709,0.057,3.435,1.86E+01,0.36,0.0176,1893,3026.99,14.3,6302,4.535,0.815,13.087
FALSE POSITIVE,0.93376738,0.714,4.036,5.54E+01,0.63,0.0171,1678,1879,16.5,5611,4.53,0.787,14.985
FALSE POSITIVE,0.93374073,0.009,4.296,1.48E+02,0.84,0.0168,1371,831.95,13.4,4753,4.585,0.717,13.007
FALSE POSITIVE,0.93369659,0.57,4.444,8.14E+01,0.78,0.0182,1680,1891.43,10.8,5619,4.558,0.838,15.983
FALSE POSITIVE,0.9337473,0.385,3.446,6.46E+01,0.6,0.0174,1625,1652.84,9.5,5649,4.606,0.741,15.759
FALSE POSITIVE,677.35794,0.8359,9.698,3.22E+02,7.12,1.8282,388,5.35,11.2,6335,3.593,3.523,10.808
FALSE POSITIVE,4.0551242,0.008,12,1.49E+02,3.13,0.0606,2013,3887.31,9.3,7064,3.888,2.531,13.397
CANDIDATE,12.9284553,0.2446,2.49,2.98E+02,0.64,0.0795,343,3.26,8.2,3578,4.893,0.375,15.72
FALSE POSITIVE,21.6817115,0.27,7.18,7.35E+01,0.89,0.1566,713,60.99,6.9,6297,4.448,1.031,14.491
FALSE POSITIVE,466.08101,0.0964,23.69,1.80E+02,2.13,1.2343,305,2.05,14.1,6098,4.097,1.59,12.159
FALSE POSITIVE,0.66573903,,1.27,,,,,,,,,,13.362
CANDIDATE,4.02018903,0.505,3.616,1.85E+01,0.6,0.0502,1337,754.66,14.4,5788,4.178,1.376,11.158
FALSE POSITIVE,3.796383639,0.649,8.6711,3.11E+01,0.71,0.0487,1323,724.17,24.5,6017,4.3,1.21,12.239
FALSE POSITIVE,0.71059239,0.9638,4.92,2.81E+02,3.92,0.0182,3318,28640.03,22.8,7454,4.107,1.853,13.362
CANDIDATE,3.33930957,0.934,2.597,9.13E+01,1.2,0.0438,1205,498.37,10.7,5700,4.434,1.006,14.955
FALSE POSITIVE,3.36379289,1.159,23.7,1.36E+02,44.77,0.0489,1840,2712.28,36.9,5947,3.814,2.407,13.931
CANDIDATE,4.29251656,1.007,4.254,2.50E+02,3.66,0.0527,1144,403.88,11,6032,4.485,0.973,15.85
CANDIDATE,4.98792404,0.069,1.618,3.46E+02,0.73,0.0425,485,13.07,9.7,3606,4.859,0.395,15.555
FALSE POSITIVE,0.907818056,0.037,1.679,2.95E+01,0.55,0.0188,2012,3871.99,13.2,6210,4.456,1.014,13.532
FALSE POSITIVE,297.71402,0.8328,13.413,1.37E+03,45.69,1.0187,706,58.76,16.3,4916,2.572,10.801,12.218
CONFIRMED,3.87594316,0.025,2.314,5.86E+01,0.68,0.0485,1081,323.21,14.2,5713,4.541,0.893,12.75
CANDIDATE,5.68325648,0.844,1.778,4.46E+01,0.97,0.0584,1257,589.92,10,6072,4.133,1.286,13.093
FALSE POSITIVE,0.93373761,0.041,3.303,5.87E+01,1,0.0184,2073,4359.29,9.7,5534,4.17,1.326,15.609
FALSE POSITIVE,0.687739345,0.4062,0.1866,3.76E+01,1.53,0.0168,2837,15318.29,11,6823,4.212,1.493,13.127
FALSE POSITIVE,9.524076544,0.313,10.4891,1.98E+05,151,0.0911,1390,882.28,1942.5,5180,3.428,3.371,15.145
FALSE POSITIVE,11.63785889,0.473,11.8851,4.28E+05,77.01,0.104,895,151.54,2637,6360,4.433,1.058,15.385
FALSE POSITIVE,50.900813,,3.3,,,,,,,,,,9.666
CANDIDATE,91.649983,0.2136,10.294,1.94E+02,2.27,0.4363,568,24.57,8.7,6705,4.145,1.608,12.964
CANDIDATE,541.742985,0.041,10.47,1.04E+03,3.39,1.3418,248,0.9,25.9,6373,4.438,1.047,13.718
FALSE POSITIVE,14.5862195,0.0133,2.733,2.02E+02,1.17,0.1128,702,57.32,9.3,5904,4.565,0.819,14.598
FALSE POSITIVE,0.938074536,1.196,1.9618,5.76E+02,417.01,0.0224,5718,251840.36,36.1,4697,2.204,17.032,13.094
FALSE POSITIVE,0.698359996,1.247,1.4959,7.74E+02,28.97,0.0156,1990,3702.25,26.1,5761,4.492,0.956,15.183
FALSE POSITIVE,563.94854,0.0504,15.631,8.73E+02,2.55,1.3194,209,0.45,16.3,5853,4.544,0.868,14.574
FALSE POSITIVE,0.98376204,1.01,10.052,5.50E+01,12.44,0.0241,4203,73867.88,25.2,6431,3.276,5.294,12.745
FALSE POSITIVE,2.403704619,1.007,0.8927,1.11E+02,27.04,0.0503,3903,54903,1.4,6244,2.897,10.105,13.151
FALSE POSITIVE,33.65766894,0.306,40.787,1.54E+04,78.44,0.1949,1211,508.66,519.2,4774,2.759,6.447,13.547
CANDIDATE,44.113873,0.032,3.956,1.96E+02,4.9,0.3101,1158,424.45,6.6,7854,3.669,3.462,12.667
FALSE POSITIVE,0.892988877,0.71,2.4428,8.50E+01,2.94,0.0208,3285,27545.43,43.8,6228,3.668,2.975,13.013
FALSE POSITIVE,0.705816203,1.133,5.55,1.49E+02,15.33,0.0158,2109,4650.24,19.6,6106,4.487,0.966,15.062
FALSE POSITIVE,374.51648,0.0139,6.088,9.07E+05,73.1,0.937,220,0.55,105.8,5714,4.627,0.711,13.967
FALSE POSITIVE,10.3482112,0.093,2.089,2.55E+02,1.29,0.0884,724,64.97,8.4,5383,4.543,0.822,15.911
FALSE POSITIVE,1.7609276,0.29,5.189,5.73E+01,1.53,0.0361,2860,15818.72,26.1,8784,4.156,1.967,13.505
FALSE POSITIVE,321.2419428,,10.16,,,,,,,,,,13.964
FALSE POSITIVE,1.463148937,1.0653,11.04,1.68E+02,15.82,0.0266,2371,7470.01,66.6,6525,3.993,1.805,11.614
FALSE POSITIVE,374.514471,1.0492,6.629,4.41E+05,139.55,1.0721,295,1.79,130.3,6446,4.381,1.155,14.505
CANDIDATE,482.62011,0.1786,12.86,3.24E+02,1.98,1.2328,263,1.12,8.1,6315,4.389,1.095,14.519
FALSE POSITIVE,1.525924746,0.208,1.955,7.41E+01,8.86,0.0357,3786,48691.77,11.9,5000,2.81,10.533,12.705
FALSE POSITIVE,1.25383162,0.2204,7.68,1.29E+01,0.47,0.0238,2109,4677.63,9.7,6472,4.271,1.299,12.005
FALSE POSITIVE,12.82252496,0.706,18.8,1.93E+04,20.12,0.1074,915,165.54,13.7,5845,4.178,1.352,11.863
CANDIDATE,10.1551587,0.2256,1.802,1.42E+02,0.94,0.083,721,63.73,6.8,5275,4.505,0.796,15.413
CANDIDATE,0.708965461,0.6201,3.946,8.72E+01,1.13,0.0164,2417,8061.29,13.1,6528,4.384,1.155,12.798
FALSE POSITIVE,0.648772102,0.368,2.614,3.11E+01,2.6,0.016,3758,47393.05,15,4973,3.208,4.708,11.693
FALSE POSITIVE,0.96391996,,3.01,,,,,,,,,,14.002
CANDIDATE,11.76872507,,1.11,,,,,,,,,,15.327
FALSE POSITIVE,0.93705132,0.773,4.808,5.15E+01,6.09,0.0261,5094,159426.96,17.3,6691,3.088,7.781,11.674
FALSE POSITIVE,451.86579,0.379,13.47,8.00E+01,1.85,1.4744,464,10.97,12,9024,4.154,2.005,11.02
FALSE POSITIVE,491.52571,0.4713,12.43,4.57E+02,1.43,1.0629,159,0.15,8.8,4541,4.608,0.669,15.043
FALSE POSITIVE,411.5403964,,17.33,,,,,,,,,,15.352
CANDIDATE,608.20572,0.0082,13.63,5.54E+02,1.46,1.2285,143,0.1,11.3,4486,4.642,0.646,15.059
FALSE POSITIVE,480.03759,0.2596,16.25,7.17E+02,1.14,0.9212,109,0.03,9,3622,4.826,0.43,15.644
FALSE POSITIVE,0.87985197,,1.3,,,,,,,,,,15.867
CANDIDATE,7.2274321,0.003,4.967,1.73E+02,1.28,0.0744,967,206.77,9.2,6075,4.486,0.969,15.832
FALSE POSITIVE,0.592618966,0.083,0.811,9.14E+01,0.86,0.0137,2103,4626.58,14.9,5926,4.532,0.887,14.973
FALSE POSITIVE,0.532854237,0.618,3.231,5.09E+01,1.21,0.0133,3042,20292.47,27.9,6266,4.067,1.613,13.644
CANDIDATE,91.069934,0.5939,17.33,1.27E+01,1.59,0.5548,1103,349.47,8.7,9051,3.623,4.232,9.748
FALSE POSITIVE,0.566802672,0.128,3.545,3.17E+01,1.08,0.0127,2791,14458.31,14.3,5102,3.787,1.961,13.945
FALSE POSITIVE,0.566796331,0.981,5.194,1.15E+02,1.5,0.0138,2411,7979.99,33.3,6319,4.447,1.032,15.322
FALSE POSITIVE,0.566785459,0.588,2.893,6.38E+01,0.84,0.0139,2280,6410.46,16.5,6063,4.476,1.012,15.329
FALSE POSITIVE,0.566792936,0.467,2.846,2.30E+01,0.79,0.0133,3114,22251.32,14.3,6432,4.018,1.603,13.831
FALSE POSITIVE,0.5668004,0.593,3.813,9.32E+01,0.88,0.0133,2222,5739.87,18.3,6215,4.543,0.872,15.77
FALSE POSITIVE,0.566793614,0.9476,5.723,3.14E+01,21.63,0.0133,7584,781981.98,79.8,3789,1.549,27.384,10.628
FALSE POSITIVE,0.566798676,0.01,2.777,5.99E+01,0.68,0.0124,2051,4160.07,12.8,5490,4.436,0.887,15.591
FALSE POSITIVE,0.5667638,0.158,1.73,6.45E+01,0.75,0.0128,2178,5335.09,2.4,5766,4.433,0.94,15.163
FALSE POSITIVE,38.51077573,0.467,38.8558,8.46E+04,18.68,0.1906,352,3.64,3567.5,4374,4.626,0.635,13.035
FALSE POSITIVE,4.23965309,,3.29,,,,,,,,,,14.125
FALSE POSITIVE,0.577910513,0.367,1.362,1.44E+02,1.1,0.0134,2081,4429.84,18.1,5730,4.503,0.908,15.733
FALSE POSITIVE,0.566807725,0.155,2.16,3.15E+01,0.94,0.0133,2524,9645.51,12.3,5018,3.953,1.734,13.903
FALSE POSITIVE,0.566807422,0.985,5.148,2.61E+01,1.13,0.0132,2680,12227.82,28.8,5616,4.04,1.547,12.9
FALSE POSITIVE,1.345078434,0.9526,10.19,3.03E+03,12.16,0.0268,2324,6894.58,27.7,6664,4.141,1.675,12.583
CANDIDATE,366.088938,0.89,11.887,5.38E+02,2.57,0.9845,257,1.03,29,5941,4.464,0.945,11.616
FALSE POSITIVE,439.1076969,0.7777,26.2259,6.98E+04,24.7,1.0862,221,0.57,884.9,5810,4.567,0.811,15.862
CANDIDATE,414.45008,0.9853,19.15,7.30E+02,7.01,1.2215,364,4.17,19,7037,4.136,1.683,13.913
CANDIDATE,5.43103616,0.816,2.469,6.68E+01,0.66,0.0532,873,137.1,10.8,5374,4.555,0.721,13.851
FALSE POSITIVE,0.594003994,0.4978,5.557,2.54E+01,1.55,0.0174,4952,142174.84,51.1,8596,3.793,2.968,11.548
CANDIDATE,328.32211,0.1169,13.53,3.99E+02,1.3,0.8367,193,0.33,8.2,4906,4.648,0.668,14.937
CANDIDATE,381.97977,0.2178,15.7,9.00E+02,1.55,0.8367,132,0.07,10.4,3761,4.724,0.526,15.494
CANDIDATE,67.412998,0.5109,9.1,1.26E+02,1.57,0.344,572,25.32,6.2,6525,4.248,1.359,13.667
FALSE POSITIVE,2.08802799,0.9865,24.017,7.08E+01,1.93,0.0352,2003,3806.17,60.5,6593,4.117,1.67,12.579
FALSE POSITIVE,10.4212788,1.151,28.4832,1.48E+02,36.9,0.1011,1235,549.92,31,6183,3.908,2.073,12.556
CANDIDATE,359.8249913,,5.22,,,,,,,,,,15.733
FALSE POSITIVE,0.778705577,1.1716,6.445,5.45E+01,59.33,0.0205,4233,75864.33,104.9,7846,3.743,3.066,10.152
FALSE POSITIVE,4.44709107,0.988,16.79,4.05E+01,0.96,0.0523,1228,537.35,22.6,6137,4.357,1.076,13.51
FALSE POSITIVE,293.70696,63.9417,11.03,1.58E+03,6140.44,0.8467,274,1.34,11.2,6054,4.508,0.893,15.51
FALSE POSITIVE,27.79576243,0.483,15.5056,4.20E+05,81.48,0.1793,655,43.51,1969.5,5915,4.329,1.13,14.875
FALSE POSITIVE,20.73374857,0.479,6.28773,4.17E+05,69.8,0.1371,661,45.06,2236.7,5620,4.363,0.974,15.726
FALSE POSITIVE,24.2382418,0.426,4.16665,4.62E+05,102.31,0.1759,793,93.68,1126.4,6457,4.259,1.365,10.816
FALSE POSITIVE,11.25882503,0.805,8.9592,1.96E+05,87.18,0.0943,1080,322.25,6395.7,6217,4.052,1.464,13.545
FALSE POSITIVE,28.16261258,0.952,3.19576,3.78E+04,23.52,0.1634,470,11.52,912.7,4936,4.54,0.761,14.216
FALSE POSITIVE,75.3789569,0.273,7.70352,5.39E+05,58.76,0.3317,365,4.17,1886.6,5420,4.596,0.771,14.863
FALSE POSITIVE,9.0584662,0.154,6.376,6.18E+01,2.46,0.0983,1310,695.41,17.9,5198,3.614,3.207,12.193
FALSE POSITIVE,3.9169155,,2.11,,,,,,,,,,12.94
FALSE POSITIVE,342.5531572,0.797,73.8068,1.93E+05,830.99,1.1975,738,70.22,8248.4,4857,2.422,14.219,9.266
FALSE POSITIVE,362.747593,0.3185,16.45,1.32E+02,2.51,1.0887,384,5.13,13,6176,3.885,2.16,10.662
FALSE POSITIVE,0.536650344,0.7718,2.878,2.58E+01,1.57,0.0145,3380,30860.16,7,5490,3.681,2.825,13.921
CANDIDATE,0.694611128,0.176,1.115,9.88E+01,0.64,0.0137,1415,945.45,9.3,4612,4.646,0.662,15.7
CANDIDATE,7.4751841,0.309,5.166,2.81E+01,0.85,0.0721,1168,439.51,9.2,5616,3.98,1.602,13.075
FALSE POSITIVE,328.0485,0.329,13.75,3.98E+02,2.22,0.9857,292,1.72,6.9,6268,4.429,1.1,15.619
FALSE POSITIVE,1.72128752,0.449,2.366,5.85E+01,0.65,0.0274,1415,944.49,7.7,5813,4.561,0.833,15.178
FALSE POSITIVE,0.784294574,0.764,4.18831,2.13E+05,87.26,0.0174,2651,11702.6,1751.1,6576,4.171,1.455,13.901
FALSE POSITIVE,361.51099,0.443,4.868,2.36E+02,6.85,1.4011,733,68.36,9.3,9492,3.619,4.298,12.973
FALSE POSITIVE,1.41435861,0.189,2.285,5.68E+01,0.74,0.0233,1578,1458.2,9.5,5470,4.366,0.994,14.842
FALSE POSITIVE,0.616343903,0.042,0.7656,1.61E+02,1.72,0.0151,2513,9411.28,77.8,6045,4.264,1.34,12.19
CANDIDATE,1.04347858,0.497,2.012,2.25E+01,1.09,0.0219,2688,12313.82,8.6,6014,3.843,2.246,13.292
FALSE POSITIVE,364.33929,0.934,13.486,1.94E+03,4.4,0.9432,228,0.64,15.9,5606,4.557,0.8,15.616
FALSE POSITIVE,352.710091,0.329,2.901,1.66E+03,3.75,0.971,261,1.09,9.6,6112,4.513,0.908,15.672
FALSE POSITIVE,33.8938177,0.332,2.012,2.05E+02,1.22,0.2009,527,18.27,6.8,5818,4.554,0.848,14.517
FALSE POSITIVE,224.591055,0.768,3.232,1.25E+02,2.17,0.7521,392,5.56,8.2,5786,3.992,1.771,12.238
FALSE POSITIVE,374.939991,0.64,17.0849,2.35E+02,4.67,1.1289,381,4.99,8.4,5382,3.645,2.909,13.917
CONFIRMED,24.2783801,0.717,4.564,7.14E+02,2.03,0.1456,432,8.27,13.6,4450,4.583,0.707,14.164
CANDIDATE,382.5891,0.042,11.7,2.98E+02,2.15,1.0393,305,2.05,10.5,6337,4.261,1.239,13.678
FALSE POSITIVE,11.9283194,0.052,6.69,1.83E+02,0.98,0.0916,632,37.8,10.6,5010,4.545,0.75,15.577
FALSE POSITIVE,0.603351522,0.46,0.8358,1.64E+02,3.91,0.0161,3730,45493.51,20.6,6240,3.679,2.948,12.959
FALSE POSITIVE,31.97280045,0.935,4.9,2.24E+03,5.88,0.2015,626,36.33,44.8,6340,4.457,1.01,15.248
FALSE POSITIVE,8.39140024,0.342,1.193,1.34E+02,1.1,0.0745,921,169.89,9.2,5892,4.389,0.935,14.13
FALSE POSITIVE,0.532493086,0.558,2.145,1.99E+01,1.87,0.0156,4893,135046.96,8.9,6894,3.476,4.032,11.238
FALSE POSITIVE,0.812678859,0.664,0.841,3.93E+01,0.83,0.0183,2403,7917.14,7.4,6636,4.349,1.236,13.513
FALSE POSITIVE,183.836254,0.956,13.088,1.05E+03,51.64,0.7889,852,124.46,15.7,4959,2.569,11.963,13.993
FALSE POSITIVE,5.959695593,0.626,1.8383,1.51E+02,1.13,0.064,937,182.4,4.7,5717,4.538,0.884,14.331
CANDIDATE,392.601892,0.713,3.21,7.79E+02,2.25,0.9879,204,0.41,7.8,5307,4.605,0.753,14.382
FALSE POSITIVE,452.65206,0.646,19.87,1.75E+02,2.41,1.2591,345,3.33,17,6664,4.075,1.73,12.568
FALSE POSITIVE,234.6631919,0.029,7.627,2.44E+02,1.68,0.7751,328,2.73,5,6306,4.426,1.076,14.79
FALSE POSITIVE,351.204993,0.777,22.414,1.26E+03,3.57,0.9186,258,1.04,21.3,5845,4.435,0.918,15.506
CANDIDATE,260.446151,0.896,9.314,7.14E+02,25.39,0.9622,608,32.37,16.8,4845,2.897,7.796,12.766
CANDIDATE,87.487573,0.127,5.881,5.29E+02,1.87,0.3727,377,4.79,8.4,5774,4.567,0.818,15.626
CANDIDATE,11.9451376,0.443,6.893,6.33E+01,3.32,0.1176,1337,755.16,12.4,5094,3.38,4.163,12.609
CANDIDATE,277.13367,0.662,9.67,3.21E+02,1.84,0.8391,307,2.09,8.7,6461,4.474,0.971,14.635
FALSE POSITIVE,3.381607,0.088,7.627,4.41E+02,117.25,0.0501,6037,314164.85,16.6,3974,1.056,59.437,12.798
FALSE POSITIVE,0.660655454,1.098,7.111,5.67E+02,16.81,0.0161,2497,9210.84,77.7,6520,4.375,1.215,15.666
FALSE POSITIVE,145.750554,0.017,13.999,3.86E+02,15.34,0.7256,748,74.07,17,5096,3.007,8.038,13.192
FALSE POSITIVE,2.17813954,0.054,2.063,2.86E+01,1,0.0355,2073,4372.75,9.7,6511,4.003,1.851,13.422
FALSE POSITIVE,384.09781,0.016,12.55,1.00E+02,1.63,1.0068,330,2.8,8.7,5884,3.979,1.628,12.578
FALSE POSITIVE,0.505322676,1.036,5.2727,7.73E+04,46.59,0.0123,2275,6291.87,384.6,5941,4.49,0.924,14.457
FALSE POSITIVE,333.7163405,0.093,4.8236,4.20E+02,3.53,0.9339,362,4.05,3.1,6045,3.956,1.719,13.435
FALSE POSITIVE,322.50741,0.912,20.688,3.50E+02,2.11,0.8977,257,1.03,13.7,5708,4.465,0.933,14.013
FALSE POSITIVE,373.8716,0.246,16.78,3.83E+02,2.19,0.9523,279,1.44,10.3,5846,4.258,1.116,13.683
FALSE POSITIVE,171.046664,0.387,2.438,7.31E+02,32.31,0.8335,827,110.64,9.8,4932,2.697,12.048,12.769
FALSE POSITIVE,0.799868354,1.274,6.613,4.93E+03,34.7,0.0161,1816,2581.61,251.4,5568,4.488,0.882,14.335
FALSE POSITIVE,345.7671,0.391,15.38,2.13E+02,2.5,1.0008,336,3.02,12.3,5845,4.024,1.702,11.153
FALSE POSITIVE,350.34114,0.01,16.97,1.36E+03,2.5,0.8887,202,0.39,16.4,5188,4.642,0.69,15.901
FALSE POSITIVE,363.97165,1.394,5.702,1.97E+03,40.48,0.976,231,0.68,8.5,5648,4.559,0.841,14.977
FALSE POSITIVE,395.23753,0.629,18.494,1.30E+03,3.17,1.0311,225,0.61,13.4,5648,4.559,0.841,14.977
FALSE POSITIVE,385.97241,0.444,12.167,1.62E+02,1.72,1.0967,325,2.65,10.8,6732,4.271,1.316,13.161
FALSE POSITIVE,89.667675,0.324,3.726,1.42E+03,78.77,0.5005,1364,818.91,7,4742,2.099,21.291,12.393
CANDIDATE,5.0487451,0.133,4.007,6.76E+01,0.67,0.0565,922,170.39,7.7,5450,4.573,0.83,14.811
FALSE POSITIVE,321.02094,0.295,7.51,5.93E+02,1.96,0.8315,232,0.69,8.5,5334,4.492,0.81,15.238
CANDIDATE,122.11555,0.23,16.07,1.10E+03,2.96,0.4405,351,3.6,12.2,5592,4.418,0.894,15.546
FALSE POSITIVE,1.213742728,0.627,3.596,3.17E+01,1.18,0.0244,2599,10804.6,20.3,6532,3.961,1.987,13.203
CANDIDATE,225.48805,0.817,19.46,3.80E+02,1.7,0.6861,267,1.2,11.6,5663,4.579,0.782,15.306
FALSE POSITIVE,366.74866,0.663,12.446,4.19E+02,2.35,1.0052,281,1.48,9.1,6136,4.368,1.087,15.216
FALSE POSITIVE,0.93374894,0.457,4.637,2.26E+02,0.18,0.0085,433,8.36,9.3,2661,5.283,0.116,13.81
FALSE POSITIVE,0.734548624,0.747,2.207,5.86E+01,0.84,0.0165,2082,4454.22,25.1,6046,4.478,1.007,13.594
FALSE POSITIVE,317.99484,0.405,7.28,7.19E+02,2.22,0.8831,241,0.79,8.4,5665,4.568,0.82,15.181
FALSE POSITIVE,432.96732,0.189,10.85,8.66E+02,1.64,0.9487,151,0.12,10,4403,4.7,0.576,15.848
FALSE POSITIVE,614.39054,0.11,9.312,2.89E+02,2.43,1.4863,269,1.24,10.2,6228,4.193,1.427,13.541
CANDIDATE,578.88761,0.24,18.521,7.68E+01,1.69,1.4388,315,2.32,15.1,6180,3.946,1.917,11.402
FALSE POSITIVE,238.561202,0.732,11.9,2.60E+02,5.75,0.8609,568,24.55,16.4,6565,3.573,3.308,12.995
CANDIDATE,218.771117,0.95,3.201,1.40E+02,250.2,0.802,1997,3757.91,8.4,3297,0.236,151.184,12.429
FALSE POSITIVE,375.17737,0.405,20.52,1.23E+03,3.64,1.059,264,1.15,13.7,6089,4.468,1.024,15.92
FALSE POSITIVE,334.87402,1.165,35.42,3.88E+02,47.48,1.031,408,6.52,19.1,6122,3.811,2.348,13.381
FALSE POSITIVE,370.2402,1.239,31.46,1.27E+03,29.24,1.0198,270,1.26,20.5,6296,4.481,0.966,15.59
FALSE POSITIVE,1.6749812,0.382,2.707,9.40E+01,79.51,0.0316,8986,1540745.8,8.9,3940,0.76,84.461,11.709
FALSE POSITIVE,288.678554,0.717,9.197,2.43E+02,0.96,0.7051,172,0.21,10.8,4326,4.667,0.575,13.145
FALSE POSITIVE,307.9473572,0.966,15,1.13E+04,76.66,0.854,492,13.83,16.5,4878,3.08,4.461,14.092
CANDIDATE,277.25118,0.932,8.742,1.52E+03,5.02,0.8073,304,2.02,15.3,6046,4.357,1.048,12.349
FALSE POSITIVE,264.63654,1.247,42.77,4.32E+02,42.55,0.8644,376,4.75,28.2,6564,4.198,1.461,13.328
FALSE POSITIVE,375.408923,0.529,11.438,8.73E+01,4.48,1.5434,858,128.15,15.3,11357,3.667,4.528,10.25
FALSE POSITIVE,2.17812769,0.533,1.645,6.17E+01,0.78,0.0334,1421,963.16,10.4,6014,4.494,0.958,14.358
CANDIDATE,67.17662686,1.236,3.1147,1.69E+03,9.66,0.2177,179,0.24,5.9,3391,4.936,0.311,16.064
FALSE POSITIVE,0.93378068,0.251,3.706,7.27E+01,0.63,0.0175,1427,985.2,9.2,4938,4.601,0.753,15.89
FALSE POSITIVE,0.93373895,0.259,4.156,3.96E+01,0.64,0.0191,1993,3723.37,10.5,6223,4.459,1.006,15.194
FALSE POSITIVE,0.93373718,0.29,2.582,1.89E+01,0.48,0.0195,2097,4570.22,8.4,6367,4.419,1.087,13.685
CANDIDATE,0.93420696,,3.5,,,,,,,,,,17.305
CANDIDATE,359.33831,0.176,18.566,9.78E+02,2.33,0.8852,216,0.52,15.8,5316,4.539,0.753,15.825
FALSE POSITIVE,213.201978,0.214,15.396,6.97E+02,1.91,0.6332,221,0.56,12.9,4594,4.557,0.752,15.599
FALSE POSITIVE,77.773042,0.558,2.285,4.33E+02,15.03,0.3422,955,196.5,7.7,4763,2.685,7.068,12.393
FALSE POSITIVE,381.782641,1.204,4.52,3.68E+02,55.75,1.1108,384,5.12,8.6,6056,3.816,2.29,12.428
FALSE POSITIVE,354.7897,0.449,12.62,8.10E+01,0.47,0.7963,134,0.08,9.2,3778,4.742,0.515,10.067
FALSE POSITIVE,235.544698,0.005,8.93,2.99E+02,2.13,0.7488,316,2.36,9.2,5533,4.244,1.255,14.489
CANDIDATE,0.933745798,0.961,6.447,6.14E+02,3.45,0.0195,2097,4570.22,75.3,6367,4.419,1.087,15.485
FALSE POSITIVE,115.28415,0.39,11.39,4.15E+02,2.05,0.4646,374,4.63,9.5,5780,4.438,1,13.652
FALSE POSITIVE,423.73074,0.37,19.4,8.35E+02,2.48,1.0853,225,0.6,12.1,5743,4.553,0.853,15.969
CANDIDATE,293.38641,0.537,15.23,9.49E+01,1.35,0.8842,347,3.43,13.4,6392,4.213,1.34,11.097
FALSE POSITIVE,677.56282,0.537,10.53,6.31E+02,2.24,1.4207,190,0.31,8.5,5511,4.477,0.872,15.721
CANDIDATE,66.716453,0.548,3.855,6.26E+02,2.2,0.3067,402,6.18,8.1,5447,4.506,0.859,15.968
FALSE POSITIVE,371.21205,0.357,19.95,7.20E+02,2.55,1.0155,259,1.07,12.9,6106,4.497,0.94,15.402
FALSE POSITIVE,190.783023,0.088,4.069,1.39E+03,71.66,0.9897,989,226.51,9.5,5013,2.394,19.813,13.716
CANDIDATE,34.57371851,0.22,2.1742,3.99E+02,0.42,0.1219,199,0.37,5.7,3374,5.066,0.218,15.708
FALSE POSITIVE,0.85581563,,10.27,,,,,,,,,,16.951
FALSE POSITIVE,0.9337491,0.084,3.842,9.81E+01,0.79,0.018,1662,1809.26,12.6,5628,4.575,0.808,15.958
FALSE POSITIVE,0.93374417,0.277,3.385,3.13E+01,0.64,0.0197,2126,4835.58,9.9,6363,4.399,1.131,14.616
FALSE POSITIVE,0.93374635,0.096,3.074,3.43E+01,0.63,0.0186,1895,3029.67,7.3,5593,4.349,1.094,14.901
FALSE POSITIVE,0.9337465,0.167,3.629,4.99E+01,0.63,0.0185,1863,2852.33,11.6,6102,4.528,0.887,15.024
FALSE POSITIVE,0.93371631,0.401,4.344,6.13E+01,0.7,0.0186,1743,2180.39,10.3,5734,4.538,0.883,15.824
FALSE POSITIVE,260.02265,0.842,12.009,2.06E+03,3.13,0.6915,217,0.53,25.7,5250,4.684,0.608,14.288
FALSE POSITIVE,443.66,1.194,7.99,3.61E+02,33.2,1.1554,331,2.85,6.3,6743,4.144,1.433,11.765
FALSE POSITIVE,366.28999,0.654,10.869,2.57E+03,68.39,1.4591,666,46.47,11.9,5083,2.708,12.868,10.664
FALSE POSITIVE,72.6549842,1.141,5.503,3.89E+02,34.52,0.3605,699,56.33,22.1,6793,3.926,1.96,13.492
CANDIDATE,54.75388384,0.009,2.0865,4.42E+02,2.21,0.292,521,17.47,0.9,6242,4.442,1.047,14.84
FALSE POSITIVE,379.42818,0.006,11.24,4.04E+02,1.89,1.0262,252,0.95,11.1,5947,4.487,0.945,13.782
FALSE POSITIVE,103.039788,0.039,14.197,1.37E+03,2.05,0.3592,210,0.46,15.9,3749,4.674,0.581,15.084
FALSE POSITIVE,371.90464,0.922,25.36,5.19E+02,2.88,1.0493,271,1.28,14.4,6164,4.446,1.045,15.155
FALSE POSITIVE,362.85801,0.626,17.03,1.52E+02,1.9,1.045,353,3.66,10.1,6740,4.165,1.471,13.503
FALSE POSITIVE,384.558321,0.947,4.76,1.33E+03,14.33,1.0318,382,5.03,10.1,5078,3.479,3,13.822
FALSE POSITIVE,397.72733,0.013,11.683,2.33E+02,1.48,1.0781,253,0.97,9,6032,4.485,0.973,14.209
FALSE POSITIVE,504.88419,1.26,20.18,5.06E+03,25.19,1.0703,157,0.14,15.9,4559,4.612,0.655,15.588
FALSE POSITIVE,384.92275,0.288,9.98,1.85E+02,1.64,0.9595,298,1.87,7.2,6070,4.186,1.191,13.889
CANDIDATE,189.183958,0.68,6.829,1.01E+03,3.31,0.6103,312,2.23,11.2,5573,4.382,0.981,15.053
FALSE POSITIVE,0.93376131,0.312,3.747,5.56E+01,0.61,0.0181,1682,1891.81,10.5,5665,4.568,0.82,15.529
FALSE POSITIVE,0.93377253,0.004,2.544,3.00E+01,0.43,0.0179,1644,1734.32,8.4,5595,4.581,0.796,14.644
FALSE POSITIVE,0.93376021,0.297,3.182,5.65E+01,0.4,0.0153,1019,253.97,9.5,3885,4.71,0.54,15.446
FALSE POSITIVE,0.93372008,0.413,2.591,1.70E+01,0.41,0.0187,1990,3704.01,7.9,6221,4.452,0.983,13.793
FALSE POSITIVE,0.93373591,0.21,4.517,3.51E+01,0.57,0.0185,1904,3116.05,10.8,6028,4.47,0.95,14.92
FALSE POSITIVE,0.93374911,0.505,3.504,5.78E+01,0.66,0.0183,1793,2442.7,8.4,5978,4.554,0.846,15.767
FALSE POSITIVE,0.93372261,0.534,3.052,3.12E+01,0.59,0.0186,1949,3430.76,8.2,5984,4.419,1.017,14.862
FALSE POSITIVE,312.61007,0.601,14.85,4.39E+02,2.01,0.914,258,1.05,11.9,5818,4.523,0.925,14.728
FALSE POSITIVE,429.60143,0.025,18.11,1.00E+03,2.74,1.0729,223,0.58,12.2,5587,4.502,0.877,15.596
FALSE POSITIVE,499.88159,0.671,13.39,1.84E+02,2.61,1.3018,338,3.07,12.4,6486,3.992,1.812,12.968
FALSE POSITIVE,197.37704,1.277,18.71,2.26E+02,84.37,0.9437,815,104.45,15.1,10974,4.041,2.677,10.734
FALSE POSITIVE,1.65746034,0.193,4.572,2.29E+01,0.54,0.0273,1663,1808.13,9.1,5860,4.326,1.13,13.869
FALSE POSITIVE,0.566799395,0.042,1.5368,2.31E+02,1.65,0.0139,2448,8550.93,33.7,6322,4.426,1.075,15.557
FALSE POSITIVE,203.8406,0.04,9.33,2.27E+02,2.41,0.6522,385,5.21,8.6,5548,3.97,1.616,13.499
FALSE POSITIVE,14.395425,0.398,5.12,1.15E+02,0.85,0.1102,672,48.08,9.4,5715,4.586,0.782,13.686
FALSE POSITIVE,231.157554,0.749,8.489,8.46E+02,37.37,1.0732,789,91.65,17.4,5386,2.78,11.839,13.451
FALSE POSITIVE,495.06538,0.341,21.09,4.17E+02,2,1.2451,236,0.74,13.2,6075,4.486,0.969,14.116
FALSE POSITIVE,595.78152,0.164,15.97,8.49E+01,1.18,1.3209,245,0.85,10.6,5618,4.155,1.288,11.446
FALSE POSITIVE,365.709623,0.338,13.553,1.03E+03,26.93,1.0423,604,31.42,15.1,4787,2.629,8.522,13.888
CANDIDATE,495.662346,0.949,4.428,6.76E+02,2.73,1.1347,207,0.43,10.2,5515,4.509,0.82,14.322
FALSE POSITIVE,655.25732,0.141,20.05,2.68E+02,1.56,1.4786,226,0.62,11.5,6420,4.492,0.941,13.892
CANDIDATE,7.7529342,0.449,5.072,7.21E+01,0.93,0.0742,1002,238.09,9.2,5975,4.335,1.072,14.751
FALSE POSITIVE,0.573762943,0.13,2.196,4.83E+01,0.39,0.0112,1538,1331.17,8.5,4891,4.683,0.571,14.028
FALSE POSITIVE,1.072934147,1.009,4.50475,9.69E+04,81.42,0.023,2523,9590.04,949,7031,4.222,1.523,13.96
FALSE POSITIVE,2.61854596,0.033,4.866,1.97E+01,1.18,0.0414,2008,3846.53,8.1,5657,3.721,2.682,13.133
FALSE POSITIVE,13.66780903,0.212,2.7993,1.28E+02,0.91,0.1062,705,58.32,2.6,5796,4.556,0.807,14.812
CANDIDATE,254.336707,0.728,8.585,3.98E+02,13.97,0.9935,586,27.88,11.3,5193,3.117,6.502,13.625
FALSE POSITIVE,1.105123883,0.685,3.001,6.67E+01,0.83,0.021,1755,2235.64,20.7,5883,4.476,0.959,14.512
FALSE POSITIVE,381.85852,0.024,16.121,3.63E+02,8.3,1.0472,453,9.93,16,4959,3.155,4.486,12.883
FALSE POSITIVE,455.7707644,0.802,5.1149,3.41E+02,5.34,1.3393,419,7.28,11.6,6785,3.788,2.623,12.389
FALSE POSITIVE,212.760495,0.036,3.703,1.96E+02,2.8,0.8041,485,13.13,9.2,7021,4.031,1.976,12.946
FALSE POSITIVE,73.836858,0.8,19.722,2.31E+02,25.09,0.4982,1143,403.37,13.1,4769,2.583,14.706,10.996
FALSE POSITIVE,160.243128,0.258,5.393,5.56E+02,15.72,0.7356,686,52.5,10.2,5128,3.091,6.775,14.859
FALSE POSITIVE,402.41511,0.281,5.156,7.81E+02,2.52,1.059,253,0.96,9.5,6251,4.53,0.889,12.987
FALSE POSITIVE,369.28177,1.297,26.96,1.02E+03,34.25,1.0293,250,0.93,13,5900,4.509,0.951,15.478
FALSE POSITIVE,462.463589,0.386,5.007,1.02E+03,8.92,1.103,355,3.78,13.2,5059,3.466,2.799,13.993
CANDIDATE,490.63941,0.015,16.5,2.69E+02,7.67,1.3982,412,6.84,9.6,5037,3.252,4.817,13.227
CANDIDATE,331.55459,0.001,5.35,2.89E+02,1.36,0.8995,240,0.78,6.7,5762,4.576,0.801,14.066
FALSE POSITIVE,0.939375593,0.987,2.8424,1.01E+05,52.18,0.0172,1936,3333.58,317.3,5826,4.345,0.978,14.904
FALSE POSITIVE,31.1911468,0.019,7.003,2.28E+02,9.36,0.2244,1131,386.78,11.4,4785,3.009,6.443,13.729
FALSE POSITIVE,30.9587224,0.765,4.411,3.42E+02,2.34,0.2041,686,52.49,13.1,6525,4.381,1.161,14.75
CANDIDATE,425.64971,0.303,11.07,1.71E+02,1.58,1.0826,281,1.48,7.6,6067,4.253,1.195,13.855
CANDIDATE,395.13138,0.45,21.291,1.26E+02,0.97,1.0016,208,0.44,14.4,5060,4.493,0.869,12.642
CANDIDATE,0.770658979,0.444,1.401,8.35E+01,0.68,0.0154,1548,1348.87,11.7,5058,4.61,0.739,15.132
CANDIDATE,4.6318914,0.395,3.88,5.09E+01,0.64,0.054,1060,297.79,9.2,5926,4.532,0.887,14.272
CANDIDATE,362.13187,0.397,5.59,8.49E+02,2.23,0.9196,208,0.45,8.2,5176,4.567,0.766,15.313
FALSE POSITIVE,9.1447861,0.742,5.422,2.69E+02,1.63,0.086,843,119.61,14.9,5849,4.517,0.919,15.884
CANDIDATE,29.4856392,0.103,4.27,1.05E+02,1.46,0.2057,793,93.27,9.3,6870,4.266,1.407,13.783
FALSE POSITIVE,0.786483923,1.139,7.035,2.33E+02,21.66,0.0171,2408,7999.91,104.2,6315,4.258,1.282,13.504
CANDIDATE,3.65034525,0.289,1.527,2.53E+02,0.72,0.0359,578,26.47,6,3704,4.797,0.45,15.519
FALSE POSITIVE,0.9438885,0.649,2.592,3.58E+01,1.45,0.0216,3158,23572.82,8.3,6947,3.895,2.297,12.521
CANDIDATE,43.9438891,0.523,5.26,1.55E+02,1.12,0.2407,505,15.41,9.7,6008,4.537,0.875,14.685
FALSE POSITIVE,40.244826,0.022,4.303,1.93E+02,115.94,0.2165,3302,28103.18,16.8,3674,0.452,89.878,12.314
FALSE POSITIVE,135.428746,0.498,7.394,3.81E+02,1.83,0.5187,343,3.29,7.9,5849,4.517,0.919,15.445
FALSE POSITIVE,380.03903,0.555,18.5,7.89E+02,2.36,0.9929,219,0.55,13.2,5477,4.568,0.818,15.198
FALSE POSITIVE,380.294204,0.519,12.351,7.31E+02,2.27,0.9265,229,0.65,15,5518,4.473,0.822,14.945
FALSE POSITIVE,373.74691,0.834,28.37,6.22E+02,2.65,1.0238,260,1.08,16.2,6131,4.497,0.945,15.193
FALSE POSITIVE,315.81065,0.094,23.66,5.42E+02,1.82,0.8365,212,0.47,11.6,4875,4.514,0.81,15.374
FALSE POSITIVE,16.9341628,0.662,3.94,2.08E+02,1.71,0.1374,798,95.78,7.2,6321,4.417,1.125,15.934
FALSE POSITIVE,527.68601,0.011,4.817,6.02E+02,2,1.2409,203,0.4,6.8,5657,4.567,0.824,15.031
FALSE POSITIVE,267.911652,0.016,4.124,6.95E+02,2.38,0.7643,257,1.03,7.7,5291,4.423,0.926,15.204
CANDIDATE,309.191789,0.155,11.392,1.23E+02,1.96,0.9234,383,5.08,10.5,6299,3.99,1.754,12.746
FALSE POSITIVE,99.299502,0.526,3.631,4.09E+02,5.4,0.5031,682,51.2,6.6,6832,3.851,2.578,13.293
FALSE POSITIVE,371.47786,0.128,12.3,2.65E+02,1.2,0.9529,203,0.4,8.6,5162,4.605,0.754,14.603
FALSE POSITIVE,1.99638423,0.223,2.4,2.94E+01,0.59,0.0324,1590,1505.17,6.2,6249,4.428,1.076,14.099
CANDIDATE,400.11482,0.066,12.37,1.13E+02,0.95,1.065,226,0.62,6.7,5547,4.521,0.911,13.521
FALSE POSITIVE,29.3657204,0.954,8.7303,7.49E+04,51.33,0.1887,685,51.92,808.9,6167,4.299,1.195,14.053
FALSE POSITIVE,1.035329922,1.243,3.8022,9.93E+02,105.66,0.0253,3654,42120.85,178,7030,3.65,3.512,13.632
CANDIDATE,1.12625975,,3.62,,,,,,,,,,15.375
FALSE POSITIVE,3.04463691,0.322,6.656,4.70E+01,0.68,0.0417,1321,721.48,10.4,6181,4.474,0.98,14.886
CANDIDATE,377.67241,0.107,15.82,5.15E+02,1.37,0.8667,187,0.29,10.2,5031,4.644,0.615,15.18
CANDIDATE,242.0367,0.568,11.01,3.33E+02,2.11,0.7707,323,2.57,8.9,6086,4.36,1.116,15.055
CANDIDATE,502.25648,0.05,14.84,1.53E+02,1.03,1.1141,215,0.51,8.1,5637,4.46,0.833,13.339
FALSE POSITIVE,7.508818,0.025,6.5,7.01E+01,1.02,0.0763,1107,354.74,7.4,6293,4.291,1.213,11.878
FALSE POSITIVE,383.937324,0.011,2.884,6.28E+02,7.9,1.1206,389,5.43,10.8,5216,3.53,3.207,13.588
CANDIDATE,10.7781558,0.009,3.005,1.21E+02,1.24,0.1004,942,186.22,7.9,6386,4.402,1.123,15.267
FALSE POSITIVE,0.619618218,0.389,1.2517,5.03E+01,3.34,0.0169,3818,50197.86,4.4,5180,3.314,4.717,13.705
FALSE POSITIVE,4.17363793,0.597,2.738,4.97E+01,2.52,0.0602,2197,5511.8,10.5,6619,3.595,3.41,12.754
CANDIDATE,384.37706,0.901,15.139,1.20E+03,50.93,1.2098,676,49.27,22.6,4859,2.481,12.023,12.656
CANDIDATE,302.34971,0.468,4.978,6.22E+02,1.98,0.8332,208,0.44,8,4829,4.564,0.794,15.222
FALSE POSITIVE,244.58323,0.483,12.822,4.08E+02,2.33,0.8152,328,2.72,7.1,6321,4.417,1.125,15.934
FALSE POSITIVE,185.83013,0.037,10.14,7.26E+01,1.01,0.6362,370,4.42,8.1,6137,4.286,1.187,12.218
FALSE POSITIVE,363.346158,0.29,4.911,8.96E+02,22.36,1.2824,537,19.65,10.7,4994,3.002,7.619,13.971
FALSE POSITIVE,303.91225,0.504,15.37,4.80E+02,1.97,0.8656,242,0.81,12.4,5412,4.513,0.887,15.264
FALSE POSITIVE,536.52197,0.14,4.458,2.94E+02,3,1.336,273,1.31,9.7,5335,3.973,1.794,12.101
FALSE POSITIVE,350.514,0.259,19.53,2.14E+02,2.22,0.9955,346,3.37,12,6382,4.115,1.5,13.954
FALSE POSITIVE,431.51734,0.718,16.42,5.33E+03,10.28,1.1999,287,1.6,206.2,6221,4.294,1.312,13.922
FALSE POSITIVE,0.638697833,1.757,5.1609,1.41E+05,162.15,0.0156,2464,8720.57,206.3,6424,4.388,1.18,14.068
FALSE POSITIVE,539.214259,0.001,3.464,3.01E+02,2.04,1.3565,265,1.17,7.8,6469,4.359,1.171,13.803
FALSE POSITIVE,343.56446,0.433,18.94,1.80E+02,1.8,0.9658,298,1.87,8.4,5770,4.2,1.326,14.217
CANDIDATE,9.4609418,0.161,4.888,4.75E+01,0.54,0.0784,767,81.83,7.9,5485,4.5,0.788,13.413
FALSE POSITIVE,54.432903,0.099,3.554,3.08E+02,1.41,0.2585,404,6.29,7.7,5119,4.493,0.827,15.393
CANDIDATE,402.27493,0.668,15.67,2.95E+02,1.73,1.0699,262,1.11,11.1,6299,4.486,0.95,14.619
FALSE POSITIVE,235.20613,0.297,6.989,6.42E+02,1.71,0.6772,230,0.66,6.8,5205,4.648,0.679,15.917
FALSE POSITIVE,20.004714,0.18,2.952,1.16E+02,0.89,0.1392,577,26.19,6.7,5299,4.534,0.848,14.437
CANDIDATE,22.6432436,0.136,0.806,5.50E+02,2.12,0.1541,624,35.77,8.2,5880,4.516,0.891,15.581
FALSE POSITIVE,350.65158,0.004,7.976,2.48E+02,1.31,0.9467,243,0.83,8.2,5882,4.56,0.833,14.375
FALSE POSITIVE,4.18587282,0.078,1.998,9.94E+01,0.89,0.0471,1057,295.17,9.3,5455,4.421,0.909,14.525
CANDIDATE,275.5603,0.018,15.09,8.94E+01,2.33,0.9025,437,8.6,11.5,5989,3.764,2.467,11.663
FALSE POSITIVE,2.178142613,0.468,0.906,1.73E+02,1.22,0.0328,1452,1050.06,16.1,6290,4.527,0.898,14.652
CANDIDATE,188.881049,0.504,1.49,3.26E+02,1.86,0.6607,330,2.79,12.9,6077,4.471,0.999,12.85
CANDIDATE,379.67276,0.302,9.662,2.54E+02,1.33,0.9933,247,0.88,7.9,6156,4.563,0.824,14.44
FALSE POSITIVE,391.420272,0.797,3.84,2.37E+02,1.61,1.0291,256,1.01,10.3,6032,4.46,0.949,12.879
CANDIDATE,278.38935,0.12,10.43,2.63E+02,6.81,0.9633,464,10.93,11.2,4951,3.349,4.342,12.795
FALSE POSITIVE,185.243906,0.726,3.276,3.84E+02,2.38,0.6797,354,3.7,7.9,6218,4.417,1.131,14.652
CANDIDATE,7.8687123,0.748,3.739,8.91E+01,1.73,0.0855,1323,722.44,9.1,6738,4.109,1.692,13.41
CANDIDATE,9.9105786,0.813,5.945,9.95E+01,1.19,0.0952,922,170.47,9.2,6214,4.442,1.076,14.863
CANDIDATE,43.9088053,0.272,6.265,2.98E+02,7.33,0.2911,885,144.75,13.7,5216,3.402,4.303,13.589
FALSE POSITIVE,261.684363,0.037,3.892,8.17E+02,1.46,0.6447,175,0.22,8.3,4393,4.713,0.526,14.864
FALSE POSITIVE,0.808106001,1.269,3.9174,7.68E+03,39.59,0.0172,1978,3631.91,73.3,6014,4.494,0.958,15.94
FALSE POSITIVE,391.33068,0.508,12.37,2.77E+02,1.68,1.0467,274,1.33,10.3,6428,4.457,0.977,14.056
FALSE POSITIVE,320.5679455,0.331,15.3614,8.99E+02,2.43,0.8854,234,0.71,7.5,5546,4.575,0.81,15.916
CANDIDATE,364.98242,0.926,12.346,5.33E+02,3.12,1.0483,293,1.73,13.1,6429,4.404,1.116,14.324
CANDIDATE,0.58730021,,0.82,,,,,,,,,,14.01
FALSE POSITIVE,116.025744,0.017,3.539,1.36E+03,37.99,0.5515,893,150.02,18.5,4575,2.592,10.788,12.184
FALSE POSITIVE,85.9770426,0.042,1.919,1.06E+03,1.46,0.2959,202,0.4,8,3710,4.797,0.452,15.901
FALSE POSITIVE,370.94353,1.294,16.64,1.07E+03,27.77,0.9579,228,0.64,14.6,5755,4.588,0.776,15.048
CANDIDATE,280.55544,0.031,12.757,4.01E+02,2.17,0.8742,308,2.13,9.3,6292,4.426,1.078,15.16
FALSE POSITIVE,30.6261927,0.386,1.107,1.63E+02,1.55,0.1862,655,43.61,6.6,5860,4.244,1.197,13.891
FALSE POSITIVE,364.42189,1.276,38.14,2.50E+03,36.37,1.0253,264,1.14,28.5,6047,4.47,1.002,15.975
FALSE POSITIVE,440.584562,0.062,10.534,6.59E+01,1.67,1.5031,505,15.38,16.1,9935,4.205,1.996,9.397
FALSE POSITIVE,269.331027,0.679,4.891,5.16E+02,2.54,0.8341,304,2.02,7.9,6129,4.419,1.055,15.394
FALSE POSITIVE,25.3428696,0.554,1.51,2.31E+02,1.85,0.1821,706,58.81,7.5,6311,4.398,1.172,15
FALSE POSITIVE,0.66234265,0.631,1.049,2.36E+03,5.13,0.0149,2089,4499.32,12.4,5780,4.438,1,17.332
FALSE POSITIVE,0.536654028,0.62,2.783,4.10E+01,0.67,0.0128,2299,6574.04,21.8,5887,4.421,1.001,13.805
FALSE POSITIVE,1.08908149,0.31,2.262,1.31E+02,0.69,0.0175,1131,386.2,9.9,4327,4.639,0.614,15.597
FALSE POSITIVE,77.97621155,,2,,,,,,,,,,14.703
FALSE POSITIVE,0.609668222,0.135,2.836,2.88E+02,1.35,0.0137,1805,2491.57,15.7,5296,4.576,0.815,16.678
FALSE POSITIVE,3.55650403,0.846,6.862,1.32E+02,0.56,0.0347,580,26.66,11.8,3745,4.819,0.427,15.802
CANDIDATE,4.40660737,0.433,2.107,7.07E+01,0.86,0.054,1152,415.56,8.1,6063,4.47,1.001,14.689
FALSE POSITIVE,0.527673051,0.216,1.631,2.83E+01,1.43,0.0143,4056,63629.23,13.5,6762,3.738,2.637,13.699
FALSE POSITIVE,117.140785,0.643,3.401,3.37E+02,15.87,0.6022,862,130.52,8.5,5282,2.932,8.243,13.015
FALSE POSITIVE,0.590281548,0.801,2.72,2.16E+01,0.68,0.0137,2643,11597.35,20.6,6124,4.196,1.315,12.174
FALSE POSITIVE,4.5647147,0.647,13.395,9.93E+01,1.04,0.0533,1131,387.76,18,5953,4.433,0.99,14.095
FALSE POSITIVE,372.086704,1.266,3.686,2.49E+03,38.4,1.0529,283,1.51,18,6289,4.411,1.093,15.279
FALSE POSITIVE,363.448167,1.259,6.013,2.12E+03,37.03,1.0365,285,1.56,19.4,6289,4.411,1.093,15.279
FALSE POSITIVE,348.68162,0.506,10.959,3.09E+02,2.09,1.0261,302,1.96,11.9,6450,4.386,1.155,13.971
CANDIDATE,353.01861,0.064,15.583,3.75E+02,2.25,1.0346,301,1.93,14.9,6450,4.386,1.155,13.971
FALSE POSITIVE,345.128277,0.175,15.925,3.24E+02,1.94,1.0148,282,1.5,11.4,6214,4.442,1.076,14.495
FALSE POSITIVE,370.38642,0.006,23.94,1.86E+02,2.12,1.0735,328,2.74,13.9,6179,4.134,1.555,13.732
FALSE POSITIVE,267.970682,0.008,11.48,3.58E+02,1.7,0.8056,280,1.45,10.4,6008,4.519,0.897,14.077
CANDIDATE,370.98253,1.655,17.84,5.52E+02,119.96,1.0106,338,3.07,15.7,6028,4.013,1.63,13.936
FALSE POSITIVE,417.829033,0.279,15.05,5.01E+02,2.19,1.1157,248,0.9,8.9,6018,4.485,0.975,15.499
FALSE POSITIVE,368.5224,1.22,36.29,1.33E+03,26.7,0.9929,260,1.09,22.7,6063,4.473,0.941,15.564
FALSE POSITIVE,371.4589776,0.037,10.0734,4.57E+02,2.22,1.0253,283,1.51,10.8,6388,4.427,1.033,14.28
CANDIDATE,338.00692,0.184,16.745,5.44E+02,2.09,0.929,249,0.91,15.3,5741,4.502,0.898,15.023
FALSE POSITIVE,34.9989085,0.896,1.764,4.27E+02,1.65,0.185,376,4.74,7.5,4559,4.653,0.648,15.326
CANDIDATE,432.42787,0.716,19.63,1.10E+02,1.14,1.1457,259,1.07,6,6263,4.46,1.009,13.814
FALSE POSITIVE,386.78734,0.479,15.51,7.44E+02,2.34,0.9641,224,0.6,10.3,5425,4.484,0.847,15.876
FALSE POSITIVE,449.557346,0.69,17.227,1.19E+03,55.33,1.5967,721,64.05,28.4,5323,2.51,15.075,13.81
CANDIDATE,1.001916708,0.074,1.256,7.09E+01,0.62,0.0182,1545,1352.47,8.3,5521,4.613,0.734,14.985
FALSE POSITIVE,2.21568076,0.563,1.515,4.36E+01,0.57,0.0305,1236,550.44,6.9,5349,4.478,0.836,13.805
CANDIDATE,0.862329309,0.421,1.044,1.41E+02,1.09,0.0177,1825,2623.55,10.8,5806,4.528,0.899,15.769
FALSE POSITIVE,3.850304552,0.29,1.5337,1.58E+02,0.28,0.0283,407,6.44,5.3,3274,5.044,0.224,15.61
CANDIDATE,432.96905,0.4,20.76,2.58E+02,1.43,1.1163,219,0.55,8.1,5580,4.538,0.886,14.942
CANDIDATE,372.15035,0.259,21.23,4.57E+02,1.74,0.9758,232,0.69,12.3,5769,4.57,0.812,15.138
FALSE POSITIVE,1.07383154,1.198,4.846,3.14E+04,137.54,0.0251,3791,48979.38,137.3,8059,3.789,2.859,14.902
FALSE POSITIVE,0.719741,0.275,2.628,3.22E+01,0.57,0.0162,2074,4398.76,6.5,6014,4.486,0.993,8.777
CANDIDATE,405.35457,0.285,10.778,5.46E+02,2.11,1.0427,232,0.69,10.2,5650,4.487,0.906,15.328
FALSE POSITIVE,1.47623061,0.375,2.032,3.91E+01,0.71,0.0267,1802,2484.49,9.7,6325,4.409,1.112,14.063
FALSE POSITIVE,0.520227316,1.052,1.7939,6.86E+04,50.41,0.0127,2264,6193.15,122.3,5780,4.438,1,19.174
FALSE POSITIVE,36.3192885,0.571,2.601,4.00E+02,25.43,0.3043,1410,933.26,8.6,5008,2.706,12.39,13.56
FALSE POSITIVE,1.901655058,1.032,4.6545,8.73E+04,89.89,0.0331,2192,5467.3,190.6,6929,4.102,1.704,15.064
CANDIDATE,9.4640413,0.048,6.999,2.10E+02,1.28,0.0867,839,117.23,9.4,5968,4.534,0.881,15.807
FALSE POSITIVE,331.92622,0.026,10.84,8.09E+02,2.25,0.8986,235,0.72,8.7,5652,4.577,0.798,15.986
FALSE POSITIVE,346.31688,0.954,21.92,1.44E+03,5.21,0.986,278,1.42,17,6060,4.408,1.068,15.386
FALSE POSITIVE,365.61087,0.935,16.102,1.12E+03,4.42,1.0223,273,1.32,12.3,6060,4.408,1.068,15.386
FALSE POSITIVE,259.85736,0.512,24.04,3.08E+02,1.33,0.7471,237,0.74,14.2,5374,4.61,0.744,14.458
FALSE POSITIVE,5.29731736,0.192,3.341,1.68E+02,1.13,0.059,989,226.1,8.7,5815,4.54,0.877,15.654
FALSE POSITIVE,447.97028,0.021,10.857,5.13E+02,2,1.1358,230,0.67,9.2,5911,4.53,0.887,15.152
FALSE POSITIVE,374.80095,0.539,10.691,1.44E+02,1.53,0.9861,286,1.59,11.4,5804,4.214,1.234,12.283
CANDIDATE,389.875816,0.576,3.336,2.13E+03,3.76,1.0021,207,0.44,8.9,5289,4.588,0.79,15.953
CANDIDATE,385.858683,0.877,12.071,5.48E+02,3.23,1.1068,300,1.92,21.2,6551,4.367,1.195,13.993
CANDIDATE,0.757261281,0.322,0.905,3.65E+01,0.58,0.0163,1908,3119.75,10.2,5651,4.479,0.953,14.024
FALSE POSITIVE,172.280975,0.602,12.24,3.14E+02,1.6,0.5962,301,1.95,10.2,5659,4.538,0.869,15.112
CANDIDATE,367.0896,1.242,28.02,2.09E+03,35.3,1.0624,281,1.48,27.7,6268,4.429,1.1,15.267
CANDIDATE,66.67305,0.415,6.381,4.72E+02,2.64,0.3429,542,20.35,9.6,6592,4.369,1.19,14.634
FALSE POSITIVE,244.547128,0.003,3.59,5.87E+02,1.74,0.7134,228,0.64,6.4,5094,4.612,0.736,15.492
FALSE POSITIVE,1.27228771,0.428,2.099,8.29E+01,0.63,0.0209,1275,624.11,9.5,5044,4.64,0.686,15.457
FALSE POSITIVE,1.886002102,0.361,1.021,4.74E+01,0.65,0.0294,1433,997.72,7.6,5793,4.485,0.925,14.007
FALSE POSITIVE,386.35444,0.705,9.594,1.30E+02,1.43,1.0569,287,1.6,10.9,6165,4.319,1.177,12.458
FALSE POSITIVE,371.21454,1.254,19.4,1.78E+03,28.21,0.9944,212,0.47,14.4,5189,4.557,0.85,15.713
FALSE POSITIVE,365.5435,0.518,14.78,7.53E+02,3.04,1.0416,283,1.51,13.4,6306,4.426,1.076,15.397
FALSE POSITIVE,7.02932339,0.098,2.853,8.16E+01,0.92,0.0749,974,212.66,8.7,5977,4.473,1.022,14.27
FALSE POSITIVE,19.229478,0.699,4.68,1.16E+02,1.97,0.1567,970,209.42,8.1,6654,4.113,1.712,14.429
FALSE POSITIVE,38.35312,0.017,2.9,3.09E+03,5.57,0.2252,557,22.73,8.6,5979,4.449,1.004,15.457
FALSE POSITIVE,114.661733,0.863,2.784,2.82E+02,1.38,0.4053,316,2.37,7.3,5412,4.562,0.712,14.077
FALSE POSITIVE,313.19875,0.36,8.603,7.21E+02,1.95,0.8407,216,0.51,9.6,5254,4.618,0.73,15.693
FALSE POSITIVE,134.370692,0.174,8.73,4.33E+02,1.95,0.519,351,3.58,8.1,5910,4.505,0.94,15.541
FALSE POSITIVE,2.52123022,1.158,4.739,1.46E+02,9.68,0.0297,726,65.58,8.9,3932,4.745,0.52,15.521
FALSE POSITIVE,47.4314857,0.014,4.511,1.73E+02,8.83,0.3379,1029,265.1,10.3,5166,3.12,6.891,11.765
FALSE POSITIVE,6.0962602,0.787,10.4,3.04E+01,0.62,0.0681,1048,284.96,10,6108,4.466,1.03,13.723
FALSE POSITIVE,472.6038,0.476,12.15,6.72E+02,2.28,1.1718,218,0.54,7.7,5764,4.548,0.863,15.975
FALSE POSITIVE,371.51852,0.962,30.94,2.63E+02,2.28,1.0222,284,1.53,17,6227,4.377,1.089,13.731
FALSE POSITIVE,323.66542,0.031,20.37,1.18E+03,1.58,0.7209,133,0.07,9.1,3737,4.779,0.466,15.466
CANDIDATE,295.06066,0.052,16.18,7.22E+01,0.64,0.7735,233,0.7,10.4,5332,4.524,0.762,11.922
FALSE POSITIVE,367.01607,0.633,15.48,7.39E+02,2.46,0.9878,245,0.85,11.2,5931,4.545,0.863,15.168
FALSE POSITIVE,568.08251,0.4,13.608,5.08E+02,2.14,1.2636,205,0.42,18.1,5359,4.403,0.95,12.933
FALSE POSITIVE,3.0447752,0.383,7.35,7.49E+01,0.68,0.0392,1061,299.07,8.6,5390,4.591,0.78,15.964
FALSE POSITIVE,456.55308,0.673,4.435,1.16E+02,1.48,1.117,270,1.26,7.3,5678,4.161,1.298,11.858
FALSE POSITIVE,209.941369,0.157,2.97,4.77E+02,14.36,0.807,651,42.43,10.2,5125,2.988,6.69,13.066
FALSE POSITIVE,49.763624,0.02,2.749,4.12E+02,2.43,0.28,588,28.31,6.8,6477,4.361,1.187,14.867
FALSE POSITIVE,320.347208,0.548,7.159,2.63E+02,1.58,0.9225,274,1.33,8.8,6146,4.497,0.943,13.996
CANDIDATE,191.03728,0.091,3.595,1.61E+03,3.54,0.634,286,1.58,7,5440,4.497,0.901,16.652
FALSE POSITIVE,358.74318,0.151,19.76,7.61E+02,2.25,0.9602,224,0.6,15.9,5482,4.566,0.826,14.806
FALSE POSITIVE,0.660663034,0.025,2.81,1.34E+02,1.32,0.0157,2385,7605.89,23.3,6353,4.397,1.134,14.784
FALSE POSITIVE,14.3400358,0.006,5.7,1.71E+03,0.68,0.0622,248,0.89,8,3358,5.149,0.174,18.013
FALSE POSITIVE,0.505079006,1.184,1.36737,2.81E+04,86.41,0.0116,2997,19181.12,665.5,5398,3.822,1.843,15.992
FALSE POSITIVE,7.19680984,0.27,1.683,5.05E+01,1.2,0.0802,1275,625.53,10,6325,4.112,1.676,13.118
FALSE POSITIVE,1.33257715,0.326,5.158,2.71E+01,0.44,0.0231,1553,1378.01,15.5,5852,4.559,0.837,13.454
FALSE POSITIVE,1.33254428,0.021,3.122,1.62E+02,0.93,0.0209,1427,981.02,18.1,5460,4.543,0.734,15.84
FALSE POSITIVE,424.623345,0.819,9.666,5.13E+03,8.13,1.1326,265,1.17,60.2,6339,4.454,1.017,15.513
FALSE POSITIVE,1.456383399,1.169,11.838,2.12E+02,52.87,0.0266,2721,12950.97,94,6184,3.665,2.646,13.401
CANDIDATE,71.10684,0.466,6.933,1.28E+02,1.42,0.3499,523,17.68,10.5,6339,4.315,1.224,13.74
CANDIDATE,77.177672,0.026,2.312,3.19E+02,1.29,0.3193,327,2.7,8,4840,4.551,0.749,14.427
CANDIDATE,0.805941833,1.339,1.4432,3.18E+03,29.85,0.0147,1498,1189.65,55.4,5022,4.597,0.672,14.169
FALSE POSITIVE,0.608074963,0.11,0.879,1.18E+02,1.15,0.0145,2362,7350.47,10.8,6309,4.441,1.044,15.326
FALSE POSITIVE,0.559643825,1.264,0.677,1.81E+03,27.21,0.0119,1860,2854.44,130.7,5240,4.521,0.774,15.36
FALSE POSITIVE,0.502446098,0.636,1.803,1.14E+01,0.43,0.0127,2705,12572.01,10.1,6306,4.311,1.197,12.54
CANDIDATE,8.2766028,0.638,4.834,7.31E+01,2.48,0.0937,1623,1639.28,10,6787,3.762,2.753,12.43
FALSE POSITIVE,256.45616,0.779,35.35,1.73E+04,9.44,0.6834,175,0.22,14.4,4070,4.628,0.646,15.745
FALSE POSITIVE,138.629025,,4.93,,,,,,,,,,10.555
CANDIDATE,185.97534,0.4,8.744,5.45E+01,2.76,0.8105,688,53.05,2.6,7365,3.628,3.638,10.554
FALSE POSITIVE,388.519605,0.478,10.613,1.51E+02,2.3,1.0998,350,3.56,15.1,6164,3.985,1.825,11.543
FALSE POSITIVE,60.049737,1.217,20.17,1.67E+04,28.92,0.2599,320,2.47,17.5,4538,4.607,0.663,16.675
CANDIDATE,5.8877038,0.185,4.009,3.97E+01,0.6,0.0643,1026,262.67,9.3,6065,4.495,0.947,13.811
FALSE POSITIVE,237.26601,0.034,8.74,1.50E+02,1.23,0.7335,299,1.89,8.6,5786,4.402,1.007,11.594
FALSE POSITIVE,0.93371211,0.119,4.76,1.26E+02,0.75,0.0165,1318,715.48,14.3,4604,4.591,0.696,15.393
FALSE POSITIVE,461.13781,0.003,12.91,4.08E+02,1.26,1.0274,173,0.21,7.4,4988,4.663,0.636,15.69
FALSE POSITIVE,0.93376089,0.035,3.027,2.73E+01,0.57,0.0195,2064,4286.78,9.7,6292,4.426,1.078,14.388
FALSE POSITIVE,367.761848,0.025,4.891,4.28E+02,20.06,1.419,623,35.55,9.8,5348,2.897,9.888,10.736
FALSE POSITIVE,378.65484,0.243,11.3,2.48E+02,1.53,1.0238,258,1.04,6.8,6000,4.463,0.97,14.872
FALSE POSITIVE,384.356448,0.848,3.872,7.16E+02,3.03,1.0366,255,1,13.2,5903,4.445,0.994,14.391
FALSE POSITIVE,1.75647084,0.023,2.538,6.95E+01,0.69,0.0277,1405,924.14,10.9,5813,4.561,0.833,14.723
CANDIDATE,1.98514635,0.126,1.625,2.33E+02,1.28,0.0303,1299,675.28,11,5581,4.559,0.845,15.988
FALSE POSITIVE,1.33259003,0.454,3.962,1.19E+01,0.69,0.0294,2909,16962.04,7.4,8133,4.146,1.935,10.886
FALSE POSITIVE,1.33254024,0.815,3.16,3.58E+01,0.59,0.0232,1658,1777.13,12.1,6071,4.511,0.887,14.282
CANDIDATE,1.33199285,,4.33,,,,,,,,,,15.024
FALSE POSITIVE,1.33255492,0.462,3.63,6.66E+01,0.92,0.0248,1850,2765.99,10.1,6310,4.417,1.095,15.27
FALSE POSITIVE,1.33259095,0.711,4.947,1.06E+02,1.14,0.0245,1776,2349.35,13.6,6184,4.448,1.038,15.98
CANDIDATE,5.82561701,0.635,3.246,1.43E+02,1.21,0.063,1037,273.08,9.2,5999,4.459,0.967,15.449
FALSE POSITIVE,234.524445,0.741,3.9,8.76E+02,2.33,0.6887,226,0.62,6.8,4987,4.613,0.727,15.8
FALSE POSITIVE,317.74527,0.787,17.54,2.07E+02,2.1,0.8391,336,3.03,13.6,6050,4.08,1.333,13.385
CANDIDATE,419.2615,0.5,21.53,2.88E+02,1.7,1.0308,256,1.02,10.1,5979,4.379,0.975,14.547
FALSE POSITIVE,18.384953,0.012,5.92,9.29E+01,1.36,0.1438,872,136.82,6,6335,4.214,1.401,11.871
FALSE POSITIVE,1.085965104,0.916,10.716,1.06E+04,29.66,0.0298,6297,371873.86,675.9,15896,4.152,2.404,15.799
FALSE POSITIVE,308.185801,0.023,3.689,7.09E+02,2.12,0.8686,230,0.66,9.5,5380,4.581,0.813,14.664
CANDIDATE,141.400279,0.401,3.031,7.90E+02,41.55,0.7908,945,188.78,12.9,4936,2.609,14.907,12.783
FALSE POSITIVE,398.71694,1.219,21.6,8.94E+02,21.25,1.0054,205,0.42,13.7,5303,4.594,0.771,14.966
FALSE POSITIVE,241.8591,0.313,12.77,6.59E+02,2.81,0.7139,315,2.34,9.7,5790,4.283,1.088,13.243
FALSE POSITIVE,353.04037,0.431,14.102,2.40E+02,1.04,0.8695,196,0.35,11.2,5061,4.635,0.668,13.859
FALSE POSITIVE,522.33888,0.039,13.53,4.24E+02,5.65,1.3374,327,2.69,12,5103,3.606,2.816,13.902
FALSE POSITIVE,473.56314,0.158,5.087,3.27E+02,5.39,1.4084,449,9.65,8.7,7056,3.722,2.937,13.065
FALSE POSITIVE,1.332565736,1.268,6.0828,2.32E+03,33.69,0.0241,1674,1849.94,301.7,6014,4.494,0.958,15.625
FALSE POSITIVE,385.39743,0.587,21.69,1.32E+02,1.59,1.028,285,1.57,10.9,5676,4.175,1.336,13.114
FALSE POSITIVE,272.5428809,0.287,3.0246,8.07E+02,2.35,0.7989,255,1,5.7,5677,4.563,0.828,15.111
CANDIDATE,229.957537,1.175,7.59,4.00E+02,43.78,0.8352,444,9.22,10.2,6419,3.978,2.057,10.505
FALSE POSITIVE,0.9439372,0.681,7.27446,2.79E+05,88.91,0.0182,2273,6347.81,6351.7,5959,4.126,1.365,13.726
CANDIDATE,7.2681817,0.78,4.985,4.67E+01,1.66,0.0821,1444,1027.95,9.7,6297,3.89,2.219,13.729
FALSE POSITIVE,1.075158342,0.157,1.295,3.02E+01,20.09,0.0253,6988,565413.02,8,4067,1.541,38.446,12.032
FALSE POSITIVE,1.33255801,0.397,4.74,4.87E+01,0.62,0.0222,1443,1025.1,8.7,5161,4.452,0.892,15.305
FALSE POSITIVE,1.33250451,0.295,4.143,2.74E+01,0.62,0.0247,1993,3726.12,11.6,6600,4.364,1.157,13.793
CANDIDATE,376.37989,0.305,13.99,1.14E+03,3.26,1.0287,265,1.16,13.3,6231,4.488,0.955,15.632
FALSE POSITIVE,453.64875,0.519,18.34,5.23E+02,2.18,1.1591,239,0.77,9,6060,4.509,0.925,15.677
FALSE POSITIVE,0.594274521,0.833,2.162,4.69E+03,8.7,0.0147,2436,8367.99,83.9,6321,4.417,1.125,15.676
FALSE POSITIVE,239.179477,0.165,2.93,7.51E+02,18.27,0.9498,583,27.38,12.1,4915,3.063,6.877,13.265
FALSE POSITIVE,405.65377,0.102,11.02,5.21E+02,2.03,1.0615,246,0.87,7.7,6102,4.528,0.887,15.24
FALSE POSITIVE,73.992267,0.446,5.692,2.26E+02,2.86,0.3439,546,20.98,7.9,5271,3.878,1.895,13.791
FALSE POSITIVE,361.901618,0.093,4.984,1.84E+02,0.95,0.9042,198,0.37,8.5,5053,4.603,0.717,12.673
FALSE POSITIVE,508.04103,0.476,5.398,3.72E+02,1.89,1.2798,217,0.53,9.9,5672,4.503,0.965,13.942
FALSE POSITIVE,309.933134,0.73,7.165,1.76E+02,1.8,0.9603,319,2.43,8.3,6299,4.325,1.262,13.147
FALSE POSITIVE,266.977677,0.895,8.59,3.90E+02,7.86,0.9631,549,21.53,16,6619,3.595,3.41,13.357
CANDIDATE,367.947848,0.902,4.249,1.30E+03,3.72,0.9955,228,0.64,10.7,5570,4.561,0.855,15.719
FALSE POSITIVE,236.2577689,0.085,3.3549,1.68E+02,2.69,0.8328,460,10.61,5.3,6645,3.952,2.054,12.885
FALSE POSITIVE,330.80879,0.92,21.669,2.75E+02,2.13,0.9363,290,1.67,24.4,6158,4.382,1.066,11.976
FALSE POSITIVE,522.64613,0.007,17.77,6.48E+02,0.8,0.8695,92,0.02,10.5,3439,4.939,0.318,15.279
FALSE POSITIVE,392.94247,0.01,11.055,1.20E+02,1.6,1.0123,347,3.43,10,6596,4.073,1.44,12.152
FALSE POSITIVE,373.89398,0.963,27.66,7.30E+02,2.51,0.8885,206,0.42,18.5,5263,4.574,0.699,14.911
FALSE POSITIVE,8.5898708,0.765,4.806,8.77E+01,1.11,0.0779,929,176.4,8.4,5638,4.296,1.088,14.478
FALSE POSITIVE,0.527698548,1.252,3.2221,1.58E+03,29.35,0.0128,2088,4500.53,453.3,5638,4.529,0.903,14.082
CANDIDATE,1.73984941,0.043,3.114,4.85E+01,0.72,0.029,1608,1585.81,10.6,6119,4.444,1.031,14.757
FALSE POSITIVE,0.681401611,0.147,0.865,1.04E+02,1.07,0.0157,2218,5713.41,12.3,6173,4.447,1.041,15.385
CANDIDATE,333.486169,0.214,3.199,6.39E+02,19.3,1.2233,557,22.68,14,4989,2.992,7.824,10.998
FALSE POSITIVE,4.85603482,0.134,3.078,7.67E+01,1.05,0.0606,1266,607.42,8.2,6469,4.385,1.193,14.826
